sex,cause,age,val,upper,lower
Both,Cardiovascular diseases,0,7.751695166902619,9.235879107096991,6.664752000644687
Both,Cardiovascular diseases,1,5.759467209295255,6.854510103581061,4.956249596566443
Both,Cardiovascular diseases,2,2.221601964837809,2.6253066847826765,1.9223541397172201
Both,Cardiovascular diseases,3,0.6217870644377899,0.7208411669381309,0.5470206043400996
Both,Cardiovascular diseases,4,0.5415210150458938,0.6380743941003912,0.4725378507311743
Both,Cardiovascular diseases,5,0.48681237274827216,0.5817666374478216,0.4217144242324701
Both,Cardiovascular diseases,6,0.4555415509053717,0.549647177639571,0.39262919608779107
Both,Cardiovascular diseases,7,0.4455889628776389,0.5394452953347878,0.3833610375409416
Both,Cardiovascular diseases,8,0.46075966871626717,0.5555515569631964,0.39710073232320375
Both,Cardiovascular diseases,9,0.502179611310722,0.5996132810058782,0.43454423245942786
Both,Cardiovascular diseases,10,0.5637105282788581,0.6652448761990175,0.4900281616337706
Both,Cardiovascular diseases,11,0.6392141572385308,0.7460607512787988,0.5578891435303885
Both,Cardiovascular diseases,12,0.7225522358075945,0.8356753149814061,0.6324638018334382
Both,Cardiovascular diseases,13,0.8388395814220825,0.9624573845853128,0.7351848671653858
Both,Cardiovascular diseases,14,1.0060724054075654,1.146680009466659,0.8814843543345723
Both,Cardiovascular diseases,15,1.207434536216205,1.369813946508128,1.0566978133039668
Both,Cardiovascular diseases,16,1.426109802300163,1.6133299525924047,1.2461607940365382
Both,Cardiovascular diseases,17,1.6452820321116015,1.8586987846021727,1.4352088464952557
Both,Cardiovascular diseases,18,1.8567659159063696,2.0983789385438967,1.6155480344998505
Both,Cardiovascular diseases,19,2.0739791237401892,2.3477068607561535,1.798552144507702
Both,Cardiovascular diseases,20,2.312509953765028,2.622470233619798,1.9990583104382513
Both,Cardiovascular diseases,21,2.587946704132857,2.938456739515683,2.2319036662109397
Both,Cardiovascular diseases,22,2.915877672995647,3.311454060824663,2.511925345745208
Both,Cardiovascular diseases,23,3.3326460205990327,3.7773922899524415,2.8745954057555267
Both,Cardiovascular diseases,24,3.857627979865759,4.356734018091628,3.3384788212455803
Both,Cardiovascular diseases,25,4.480961457963461,5.0420656758034355,3.893052103568633
Both,Cardiovascular diseases,26,5.192784362059767,5.825973693649078,4.527791764077949
Both,Cardiovascular diseases,27,5.983234599322312,6.701044502189764,5.232174314126792
Both,Cardiovascular diseases,28,6.915708341145733,7.744661770913924,6.064310848404412
Both,Cardiovascular diseases,29,8.042098689772079,9.01452747509726,7.072905987515103
Both,Cardiovascular diseases,30,9.335288948640104,10.473705503981904,8.233326531684684
Both,Cardiovascular diseases,31,10.768162421188554,12.08525974680998,9.52093928113898
Both,Cardiovascular diseases,32,12.313602410856184,13.812254092823617,10.911111036103817
Both,Cardiovascular diseases,33,14.005796356927434,15.688625615083048,12.429491044887243
Both,Cardiovascular diseases,34,15.908241464473145,17.784745781940607,14.134717618713859
Both,Cardiovascular diseases,35,18.037785685611684,20.118330075576587,16.051641152184313
Both,Cardiovascular diseases,36,20.41127697246141,22.70709397817126,18.205112039899237
Both,Cardiovascular diseases,37,23.04556327714068,25.56875297190493,20.61998067645929
Both,Cardiovascular diseases,38,26.12021596590413,28.88596980859146,23.499614996868104
Both,Cardiovascular diseases,39,29.72627293581967,32.74726053037607,26.9401469332061
Both,Cardiovascular diseases,40,33.747781935225575,37.029120554936036,30.805572875689077
Both,Cardiovascular diseases,41,38.06879071246012,41.60804529994867,34.959889214532815
Both,Cardiovascular diseases,42,42.57334701586159,46.36053018309124,39.26709233995312
Both,Cardiovascular diseases,43,47.25557751363852,51.26835780032562,43.70766645418485
Both,Cardiovascular diseases,44,52.24506862436969,56.46039069323555,48.41980413269014
Both,Cardiovascular diseases,45,57.62905772194881,62.0337441979312,53.50406432552567
Both,Cardiovascular diseases,46,63.49478218026954,68.08553365052273,59.061005982748135
Both,Cardiovascular diseases,47,69.92947937322555,74.71287438712031,65.19118805441425
Both,Cardiovascular diseases,48,77.1041297999871,82.0604241943241,72.0846056360739
Both,Cardiovascular diseases,49,85.11610668603024,90.21191312988434,79.83766602455306
Both,Cardiovascular diseases,50,93.94223649470726,99.17306493663628,88.41054647182264
Both,Cardiovascular diseases,51,103.55934568937049,108.94960335741513,97.76342422985351
Both,Cardiovascular diseases,52,113.94426073337225,119.54725213505615,107.85647655061652
Both,Cardiovascular diseases,53,125.42452753667301,131.33872583073318,119.03522950678133
Both,Cardiovascular diseases,54,138.23966539840183,144.56140053964572,131.5483605404878
Both,Cardiovascular diseases,55,152.23446086566386,159.0179923056674,145.21077395791227
Both,Cardiovascular diseases,56,167.2537004855643,174.51121717267202,159.8373740652309
Both,Cardiovascular diseases,57,183.14217080520825,190.84379118453316,175.2430651686201
Both,Cardiovascular diseases,58,200.40674085163187,208.45163074135954,191.91687394737178
Both,Cardiovascular diseases,59,219.35823480067225,227.66541791947068,210.16366035614902
Both,Cardiovascular diseases,60,239.54737192263624,248.13001727705645,229.52207861418466
Both,Cardiovascular diseases,61,260.52487148783064,269.4902933723067,249.5307829407115
Both,Cardiovascular diseases,62,281.84145276656227,291.3911107634114,269.7284275549624
Both,Cardiovascular diseases,63,302.831011349414,313.21642509089486,289.4679208973125
Both,Cardiovascular diseases,64,323.84926086658743,335.2861411361851,309.09173265896965
Both,Cardiovascular diseases,65,345.9796476478183,358.6490471688278,329.62285893541514
Both,Cardiovascular diseases,66,370.30561802284166,384.3539314583685,352.0842958221307
Both,Cardiovascular diseases,67,397.9106183213931,413.4495822743529,377.4990394145978
Both,Cardiovascular diseases,68,429.60589789196973,446.7102296440424,406.54116023183195
Both,Cardiovascular diseases,69,465.64063694336596,484.4609238002801,439.3410341148966
Both,Cardiovascular diseases,70,506.2551780957623,527.0766833209843,476.10611514234546
Both,Cardiovascular diseases,71,551.6898639693396,574.9325267840732,517.043857392732
Both,Cardiovascular diseases,72,602.1850371842788,628.4034727674647,562.3617149446098
Both,Cardiovascular diseases,73,658.9477779904314,688.9238070184624,613.3823560376404
Both,Cardiovascular diseases,74,723.9165451391063,758.6764183631565,671.6734256445061
Both,Cardiovascular diseases,75,798.4287490026712,839.1592299976456,737.8098429432915
Both,Cardiovascular diseases,76,883.8217999534925,931.8701651180282,812.3665271120817
Both,Cardiovascular diseases,77,981.4331083639374,1038.3071469204028,895.9183973289614
Both,Cardiovascular diseases,78,1098.496868080721,1167.4063776527578,992.8267125976987
Both,Cardiovascular diseases,79,1240.869049939656,1326.242434661439,1106.811909607602
Both,Cardiovascular diseases,80,1407.8197297967572,1513.52080379008,1237.4876740650668
Both,Cardiovascular diseases,81,1598.618983508039,1727.946970882315,1384.4676916764881
Both,Cardiovascular diseases,82,1812.5368869295153,1968.2264217817783,1547.365648148262
Both,Cardiovascular diseases,83,2063.0199733345385,2249.4993809570187,1731.0428276344157
Both,Cardiovascular diseases,84,2363.548541625418,2587.5995271594697,1943.0367962867444
Both,Cardiovascular diseases,85,2713.4433161015986,2982.2725276570904,2186.975662808294
Both,Cardiovascular diseases,86,3112.0250210625286,3433.26404971784,2466.487535902109
Both,Cardiovascular diseases,87,3558.6143808076563,3940.319760609679,2785.2005242712357
Both,Cardiovascular diseases,88,4095.997170557423,4553.378665913468,3185.5304118805416
Both,Cardiovascular diseases,89,4750.369213614313,5303.75498745693,3686.794437309704
Both,Cardiovascular diseases,90,5496.166306400827,6163.257216878333,4257.972891183983
Both,Cardiovascular diseases,91,6307.824245339471,7103.693845815932,4868.046064128639
Both,Cardiovascular diseases,92,7159.778826852748,8096.87336590799,5485.9942467689325
Both,Cardiovascular diseases,93,8071.977451626648,9170.247733753256,6117.905309318988
Both,Cardiovascular diseases,94,9075.711065393303,10362.219828687239,6788.807536753008
Both,Cardiovascular diseases,95,10162.430782144433,11661.024526453331,7496.091841836369
Both,Cardiovascular diseases,96,11323.587715871752,13054.896702794922,8237.149137334443
Both,Cardiovascular diseases,97,12550.632980566983,14532.071233455405,9009.370336012606
Both,Cardiovascular diseases,98,12550.632980566985,14532.071233455405,9009.370336012606
Both,Cardiovascular diseases,99,12550.632980566985,14532.071233455405,9009.370336012606
Both,Cardiovascular diseases,100,12550.632980566985,14532.071233455405,9009.370336012606
Both,Chronic respiratory diseases,0,0.9586494984618804,1.1823081351001183,0.7685814702354408
Both,Chronic respiratory diseases,1,0.7840294129704609,0.9630715528589955,0.6315854363118778
Both,Chronic respiratory diseases,2,0.474611882024894,0.5744335290979946,0.38907519459922113
Both,Chronic respiratory diseases,3,0.3392239680786845,0.4043306450627822,0.283038926036235
Both,Chronic respiratory diseases,4,0.3402797027987287,0.40544616533006456,0.2842021224409433
Both,Chronic respiratory diseases,5,0.34317287989619616,0.4085115877668049,0.2873501371600454
Both,Chronic respiratory diseases,6,0.3474924587770891,0.41310520482534335,0.29197060845100725
Both,Chronic respiratory diseases,7,0.3528273988474097,0.4188053089580198,0.2975511745712946
Both,Chronic respiratory diseases,8,0.36472181552740307,0.4321370785366838,0.30818986463359105
Both,Chronic respiratory diseases,9,0.3858875901328638,0.4562085311760533,0.325983847541497
Both,Chronic respiratory diseases,10,0.4116653309131188,0.48547221819277137,0.3474194712388537
Both,Chronic respiratory diseases,11,0.4373956461174948,0.5143806909034807,0.3689830836695022
Both,Chronic respiratory diseases,12,0.4584191439953186,0.5373865006248244,0.3871610327772838
Both,Chronic respiratory diseases,13,0.4735484447952848,0.5532564969749166,0.400890291541555
Both,Chronic respiratory diseases,14,0.48614476655088423,0.566104621756775,0.4126458231200921
Both,Chronic respiratory diseases,15,0.49837161418863857,0.5784040645643969,0.4242209607243659
Both,Chronic respiratory diseases,16,0.5123924926350691,0.5926280149917796,0.437409037565847
Both,Chronic respiratory diseases,17,0.5303709068166974,0.6112496626329209,0.4540033868560061
Both,Chronic respiratory diseases,18,0.5556841474981999,0.6381247211189841,0.47679254969000134
Both,Chronic respiratory diseases,19,0.5888418496738409,0.6739955740334966,0.5061390775777682
Both,Chronic respiratory diseases,20,0.6277060346145223,0.7166654158990018,0.5401973193529435
Both,Chronic respiratory diseases,21,0.6701387235911469,0.7639374412380434,0.5771216238491641
Both,Chronic respiratory diseases,22,0.7140019378746169,0.8136148445731647,0.6150663399000668
Both,Chronic respiratory diseases,23,0.7596597698169708,0.867545342821668,0.6540204080625346
Both,Chronic respiratory diseases,24,0.8092266891440318,0.9284091461381226,0.6956906791689162
Both,Chronic respiratory diseases,25,0.8631902831873793,0.9952581889009727,0.7408083674660481
Both,Chronic respiratory diseases,26,0.9220381392785924,1.0671444054886625,0.7901046872007655
Both,Chronic respiratory diseases,27,0.9862578447492504,1.143119730279636,0.8443108526199048
Both,Chronic respiratory diseases,28,1.0578179579829665,1.2237291226321092,0.9050697225576577
Both,Chronic respiratory diseases,29,1.137915506688282,1.3106346660212282,0.9732990865723271
Both,Chronic respiratory diseases,30,1.2258807821841669,1.4045639810008335,1.0486425549969143
Both,Chronic respiratory diseases,31,1.321044075789591,1.506244688124765,1.1307437381644216
Both,Chronic respiratory diseases,32,1.4227356788235246,1.6164044079468634,1.2192462464078504
Both,Chronic respiratory diseases,33,1.5283333940238655,1.7327962405787338,1.3124081262439127
Both,Chronic respiratory diseases,34,1.640024623876041,1.8570745576703103,1.4123540832295618
Both,Chronic respiratory diseases,35,1.7643540593203142,1.9958188870829274,1.5245277162581599
Both,Chronic respiratory diseases,36,1.9078663912969485,2.1556087566779185,1.65437262422307
Both,Chronic respiratory diseases,37,2.077106310746207,2.3430236943166167,1.8073324060176552
Both,Chronic respiratory diseases,38,2.290749468294352,2.5772378529870315,2.000642680751612
Both,Chronic respiratory diseases,39,2.5591636501334896,2.8693428151728866,2.2444509341580514
Both,Chronic respiratory diseases,40,2.8764317505526495,3.2137942529790884,2.533568565065459
Both,Chronic respiratory diseases,41,3.2366366638408635,3.6050478385105444,2.86280697230232
Both,Chronic respiratory diseases,42,3.63386128428716,4.0375592438721615,3.2269775546971187
Both,Chronic respiratory diseases,43,4.074775510691282,4.519635725482845,3.633989776520838
Both,Chronic respiratory diseases,44,4.583402650939781,5.077276693763753,4.106907390895714
Both,Chronic respiratory diseases,45,5.179855712951899,5.731476051823164,4.663273229927114
Both,Chronic respiratory diseases,46,5.8842477046468815,6.503227702769359,5.320630125720406
Both,Chronic respiratory diseases,47,6.716691633943971,7.413525549710618,6.096520910380951
Both,Chronic respiratory diseases,48,7.808274398997822,8.606133872136457,7.11364077491057
Both,Chronic respiratory diseases,49,9.245168805753613,10.173653879746412,8.453303415200637
Both,Chronic respiratory diseases,50,10.980116723816371,12.060334870963795,10.070979420690868
Both,Chronic respiratory diseases,51,12.965860022791121,14.210426144211919,11.922139380820969
Both,Chronic respiratory diseases,52,15.155140572282894,16.568176997914097,13.96225388503065
Both,Chronic respiratory diseases,53,17.67030529531537,19.239114663288124,16.306899084534223
Both,Chronic respiratory diseases,54,20.66840707431485,22.38334891795433,19.10218047512862
Both,Chronic respiratory diseases,55,24.15424671799032,26.027002879939836,22.349362663127504
Both,Chronic respiratory diseases,56,28.132625035050744,30.196199667271763,26.049710254844538
Both,Chronic respiratory diseases,57,32.608342834205104,34.917062397977226,30.20448785659337
Both,Chronic respiratory diseases,58,38.09819407806331,40.769715469086314,35.27507786124299
Both,Chronic respiratory diseases,59,44.869645148213394,48.04244740614262,41.503889871431454
Both,Chronic respiratory diseases,60,52.553505481831564,56.32362751994351,48.563729308126085
Both,Chronic respiratory diseases,61,60.78058451609398,65.20162512128636,56.12740159229417
Both,Chronic respiratory diseases,62,69.18169168817684,74.2648095209685,63.867712144903024
Both,Chronic respiratory diseases,63,77.66775297302772,83.43398887426103,71.7272204727995
Both,Chronic respiratory diseases,64,86.5553465751925,93.06216330294856,79.99186399898866
Both,Chronic respiratory diseases,65,96.08376027624483,103.38599006759873,88.84951501867499
Both,Chronic respiratory diseases,66,106.49228185775833,114.64212642877914,98.4880458270631
Both,Chronic respiratory diseases,67,118.02019910130667,127.06722964705747,109.09532871935755
Both,Chronic respiratory diseases,68,130.85398226610909,140.78231161737162,120.79063499617173
Both,Chronic respiratory diseases,69,145.14672429832962,155.94784440245596,133.7051396462399
Both,Chronic respiratory diseases,70,161.08764700995914,172.8596755145727,148.04457049694784
Both,Chronic respiratory diseases,71,178.8659722129885,191.8136524659842,164.01465537568134
Both,Chronic respiratory diseases,72,198.67092171940848,213.1056227689528,181.8211221098261
Both,Chronic respiratory diseases,73,221.99451803600084,238.43811994435498,203.1112683706388
Both,Chronic respiratory diseases,74,249.50414203208388,268.5802896262613,228.44896174681045
Both,Chronic respiratory diseases,75,280.1520530634533,302.4278974967249,256.41478494187817
Both,Chronic respiratory diseases,76,312.8905104859048,338.87670923779893,285.58932065937915
Both,Chronic respiratory diseases,77,346.6717736552342,376.82249053153686,314.5531516028506
Both,Chronic respiratory diseases,78,381.7291084120624,416.63987848205966,343.31462670966596
Both,Chronic respiratory diseases,79,419.0612554194775,459.52404513517075,372.8747716091435
Both,Chronic respiratory diseases,80,458.7686862669758,505.6015585854474,403.3031840427382
Both,Chronic respiratory diseases,81,500.9518725440535,554.9989869274664,434.66946175190475
Both,Chronic respiratory diseases,82,545.711285840207,607.8428982558047,467.0432024780979
Both,Chronic respiratory diseases,83,593.4756853451872,665.0271998979782,500.0315251331777
Both,Chronic respiratory diseases,84,644.6474768470623,727.215138629649,533.6702196502893
Both,Chronic respiratory diseases,85,699.2876018328047,794.1872917176139,568.6718903028153
Both,Chronic respiratory diseases,86,757.4570017893865,865.7242364286692,605.749141364138
Both,Chronic respiratory diseases,87,819.2166182037801,941.6065500296116,645.61457710764
Both,Chronic respiratory diseases,88,887.0002578016412,1024.3529981991771,689.8518954799385
Both,Chronic respiratory diseases,89,961.4546363400976,1115.0182568846985,738.4329227187558
Both,Chronic respiratory diseases,90,1039.9600588533294,1211.186768755867,789.6524555341316
Both,Chronic respiratory diseases,91,1119.8968303755162,1310.4429764823751,841.8052906361055
Both,Chronic respiratory diseases,92,1198.6452559408383,1410.371322733914,893.1862247347171
Both,Chronic respiratory diseases,93,1276.21997142092,1511.1789076878156,943.8048466193262
Both,Chronic respiratory diseases,94,1354.3778943203258,1614.6240315957125,994.8048076184963
Both,Chronic respiratory diseases,95,1433.1127521226456,1720.6179372387487,1046.1819982510735
Both,Chronic respiratory diseases,96,1512.4182723114684,1829.0718673980678,1097.9323090359035
Both,Chronic respiratory diseases,97,1592.2881823703829,1939.8970648548127,1150.051630491832
Both,Chronic respiratory diseases,98,1592.288182370383,1939.8970648548127,1150.0516304918322
Both,Chronic respiratory diseases,99,1592.288182370383,1939.8970648548127,1150.0516304918322
Both,Chronic respiratory diseases,100,1592.288182370383,1939.8970648548127,1150.0516304918322
Both,"Communicable, maternal, neonatal, and nutritional diseases",0,302.28937596454045,317.52998558383143,282.7347195216988
Both,"Communicable, maternal, neonatal, and nutritional diseases",1,217.9600678092257,228.96500449789778,203.84725761291014
Both,"Communicable, maternal, neonatal, and nutritional diseases",2,68.13799843639364,71.61801615123936,63.69290167511951
Both,"Communicable, maternal, neonatal, and nutritional diseases",3,2.1117312654805107,2.2682457796637516,1.937530803471796
Both,"Communicable, maternal, neonatal, and nutritional diseases",4,1.557780360050673,1.674758473340813,1.436742795016765
Both,"Communicable, maternal, neonatal, and nutritional diseases",5,1.189480052341506,1.2802970934240936,1.1043833363624096
Both,"Communicable, maternal, neonatal, and nutritional diseases",6,0.9785482871894381,1.0542817461546268,0.9136977335589704
Both,"Communicable, maternal, neonatal, and nutritional diseases",7,0.8967030094308985,0.9661325377734477,0.8379312926566899
Both,"Communicable, maternal, neonatal, and nutritional diseases",8,0.8725840072301834,0.9395853635091649,0.8133218950737507
Both,"Communicable, maternal, neonatal, and nutritional diseases",9,0.8537242675761518,0.9188111335640138,0.7940096174408813
Both,"Communicable, maternal, neonatal, and nutritional diseases",10,0.8401815335420771,0.9038824766394655,0.78009305862714
Both,"Communicable, maternal, neonatal, and nutritional diseases",11,0.832013548201232,0.8948720214369912,0.7716708175015855
Both,"Communicable, maternal, neonatal, and nutritional diseases",12,0.8292780546268896,0.8918523966580617,0.7688414929332766
Both,"Communicable, maternal, neonatal, and nutritional diseases",13,0.86028255966631,0.9248581567681153,0.7971480671255693
Both,"Communicable, maternal, neonatal, and nutritional diseases",14,0.9430000572058365,1.0129938801158107,0.8726431719951256
Both,"Communicable, maternal, neonatal, and nutritional diseases",15,1.0619865208773671,1.13993723122745,0.9811898809809635
Both,"Communicable, maternal, neonatal, and nutritional diseases",16,1.2017979243127999,1.289365874629335,1.1086512675221003
Both,"Communicable, maternal, neonatal, and nutritional diseases",17,1.3469902411440329,1.4449574748477678,1.2408904050575542
Both,"Communicable, maternal, neonatal, and nutritional diseases",18,1.513065514261041,1.623660084157511,1.3921440385763113
Both,"Communicable, maternal, neonatal, and nutritional diseases",19,1.7198677699906373,1.8470344463931647,1.5803976540564808
Both,"Communicable, maternal, neonatal, and nutritional diseases",20,1.9584659571199787,2.105677263420787,1.7971374364207642
Both,"Communicable, maternal, neonatal, and nutritional diseases",21,2.2199290244362206,2.3901852371064343,2.0338495705918636
Both,"Communicable, maternal, neonatal, and nutritional diseases",22,2.495325920726521,2.6911550693161654,2.2820202414924795
Both,"Communicable, maternal, neonatal, and nutritional diseases",23,2.793725665755827,3.020786654437755,2.5477437090648825
Both,"Communicable, maternal, neonatal, and nutritional diseases",24,3.1265773289874064,3.392062107420781,2.841133667337048
Both,"Communicable, maternal, neonatal, and nutritional diseases",25,3.4885199337558896,3.7967514609740065,3.159705452360234
Both,"Communicable, maternal, neonatal, and nutritional diseases",26,3.8741925033959097,4.226624747806194,3.5009744001857004
Both,"Communicable, maternal, neonatal, and nutritional diseases",27,4.278234061242098,4.673452000626107,3.8624558468647057
Both,"Communicable, maternal, neonatal, and nutritional diseases",28,4.726000879059379,5.1647319151959685,4.269976237028194
Both,"Communicable, maternal, neonatal, and nutritional diseases",29,5.225056462635051,5.709650044758854,4.729765689525871
Both,"Communicable, maternal, neonatal, and nutritional diseases",30,5.743350686337309,6.272506708244805,5.209945051737131
Both,"Communicable, maternal, neonatal, and nutritional diseases",31,6.248833424534351,6.817602224583862,5.678635171041374
Both,"Communicable, maternal, neonatal, and nutritional diseases",32,6.70945455159437,7.309236912706062,6.103956894817996
Both,"Communicable, maternal, neonatal, and nutritional diseases",33,7.114281211422643,7.735682448868684,6.474298354391705
Both,"Communicable, maternal, neonatal, and nutritional diseases",34,7.487212390550319,8.124396375816794,6.813340392921938
Both,"Communicable, maternal, neonatal, and nutritional diseases",35,7.848445727284403,8.498457812212123,7.142142925540185
Both,"Communicable, maternal, neonatal, and nutritional diseases",36,8.218178859931903,8.880945876716401,7.481765867377935
Both,"Communicable, maternal, neonatal, and nutritional diseases",37,8.61660942679983,9.294939687991352,7.85326913356668
Both,"Communicable, maternal, neonatal, and nutritional diseases",38,9.051971608038203,9.750107681575209,8.266516619565516
Both,"Communicable, maternal, neonatal, and nutritional diseases",39,9.512489725758586,10.232884220830028,8.710074992977912
Both,"Communicable, maternal, neonatal, and nutritional diseases",40,9.988346631210298,10.731497316153286,9.173058327151924
Both,"Communicable, maternal, neonatal, and nutritional diseases",41,10.469725175642656,11.234174977942457,9.644580695435609
Both,"Communicable, maternal, neonatal, and nutritional diseases",42,10.946808210304978,11.729145216595018,10.113756171177018
Both,"Communicable, maternal, neonatal, and nutritional diseases",43,11.393433446859735,12.187271032970465,10.55761151595348
Both,"Communicable, maternal, neonatal, and nutritional diseases",44,11.816173121656867,12.616400521680443,10.983541069530563
Both,"Communicable, maternal, neonatal, and nutritional diseases",45,12.254311872976892,13.06023933375064,11.426210272538697
Both,"Communicable, maternal, neonatal, and nutritional diseases",46,12.747134339100326,13.56249312020676,11.920284565608304
Both,"Communicable, maternal, neonatal, and nutritional diseases",47,13.333925158307682,14.166867532074493,12.5004293893698
Both,"Communicable, maternal, neonatal, and nutritional diseases",48,14.07167170236353,14.941860172716835,13.211400924506394
Both,"Communicable, maternal, neonatal, and nutritional diseases",49,14.971475465230476,15.901982297734627,14.061063943995448
Both,"Communicable, maternal, neonatal, and nutritional diseases",50,16.00379226848611,17.009960036510325,15.028746776908642
Both,"Communicable, maternal, neonatal, and nutritional diseases",51,17.139077933708016,18.228519518426374,16.093777752317653
Both,"Communicable, maternal, neonatal, and nutritional diseases",52,18.347788282473775,19.52038687286524,17.235485199294153
Both,"Communicable, maternal, neonatal, and nutritional diseases",53,19.65058949654512,20.903077299552585,18.481016520111687
Both,"Communicable, maternal, neonatal, and nutritional diseases",54,21.095332937574618,22.43062546573284,19.872530367604288
Both,"Communicable, maternal, neonatal, and nutritional diseases",55,22.69325219697615,24.120536702066598,21.411871946684364
Both,"Communicable, maternal, neonatal, and nutritional diseases",56,24.455580866163587,25.990316339214473,23.10088646226433
Both,"Communicable, maternal, neonatal, and nutritional diseases",57,26.393552536550807,28.05746970783705,24.94141911925659
Both,"Communicable, maternal, neonatal, and nutritional diseases",58,28.574693802127378,30.407934829885964,26.983060312495674
Both,"Communicable, maternal, neonatal, and nutritional diseases",59,31.05097999622261,33.09939268535627,29.273029344110963
Both,"Communicable, maternal, neonatal, and nutritional diseases",60,33.81031781925996,36.106963041973714,31.809614779957148
Both,"Communicable, maternal, neonatal, and nutritional diseases",61,36.8406139716629,39.405765667464046,34.59110518588893
Both,"Communicable, maternal, neonatal, and nutritional diseases",62,40.1297751538549,42.970920329553,37.61578912776099
Both,"Communicable, maternal, neonatal, and nutritional diseases",63,43.80216490324326,46.91784335862017,41.00345015140695
Both,"Communicable, maternal, neonatal, and nutritional diseases",64,47.95148564237979,51.35108018084942,44.83279960275697
Both,"Communicable, maternal, neonatal, and nutritional diseases",65,52.51965239940471,56.229444207672984,49.04051774781062
Both,"Communicable, maternal, neonatal, and nutritional diseases",66,57.44858020245825,61.511748850523034,53.563284852567435
Both,"Communicable, maternal, neonatal, and nutritional diseases",67,62.68018407968065,67.1568075208318,58.33778118302698
Both,"Communicable, maternal, neonatal, and nutritional diseases",68,68.06169357570441,73.03057237585848,63.20524180793752
Both,"Communicable, maternal, neonatal, and nutritional diseases",69,73.71151947059076,79.25907641936381,68.27123304934443
Both,"Communicable, maternal, neonatal, and nutritional diseases",70,79.97834864562302,86.1912543325324,73.86893205319292
Both,"Communicable, maternal, neonatal, and nutritional diseases",71,87.21086798208451,94.17604079654886,80.3315159654282
Both,"Communicable, maternal, neonatal, and nutritional diseases",72,95.75776436125858,103.5623704925978,87.99216193199544
Both,"Communicable, maternal, neonatal, and nutritional diseases",73,106.49742834995268,115.2077365479171,97.77257305168344
Both,"Communicable, maternal, neonatal, and nutritional diseases",74,119.9456974240322,129.66320078117568,110.13271528030423
Both,"Communicable, maternal, neonatal, and nutritional diseases",75,135.90742882836747,146.81805091070476,124.71316004933792
Both,"Communicable, maternal, neonatal, and nutritional diseases",76,154.18747980782868,166.56157465483545,141.15447879026462
Both,"Communicable, maternal, neonatal, and nutritional diseases",77,174.5907076072861,188.78305973189887,159.0972429345645
Both,"Communicable, maternal, neonatal, and nutritional diseases",78,198.6022557690691,215.30003866361903,179.41651403088076
Both,"Communicable, maternal, neonatal, and nutritional diseases",79,227.60481738579708,247.71273836281085,203.11984696420834
Both,"Communicable, maternal, neonatal, and nutritional diseases",80,261.2495740277756,285.58448813444153,230.04655317055486
Both,"Communicable, maternal, neonatal, and nutritional diseases",81,299.1877072653101,328.4786172834785,260.03594408592795
Both,"Communicable, maternal, neonatal, and nutritional diseases",82,341.07039866870616,375.9584551148892,292.9273311463353
Both,"Communicable, maternal, neonatal, and nutritional diseases",83,388.69893932022705,430.33445527444275,329.78207269944585
Both,"Communicable, maternal, neonatal, and nutritional diseases",84,444.2146023112882,494.2531742495012,371.8836591203233
Both,"Communicable, maternal, neonatal, and nutritional diseases",85,507.7785422259228,567.7820956074213,419.4045998860669
Both,"Communicable, maternal, neonatal, and nutritional diseases",86,579.5519136481645,650.9887029155595,472.51740447377625
Both,"Communicable, maternal, neonatal, and nutritional diseases",87,659.6958711620464,743.9404797412725,531.3945823605508
Both,"Communicable, maternal, neonatal, and nutritional diseases",88,753.6329670110143,852.7198879506433,599.0597302232246
Both,"Communicable, maternal, neonatal, and nutritional diseases",89,865.2193154259513,982.0489707508588,677.774615359453
Both,"Communicable, maternal, neonatal, and nutritional diseases",90,992.2664139720465,1129.9545837209307,766.569003177567
Both,"Communicable, maternal, neonatal, and nutritional diseases",91,1132.58576021449,1294.4635824398713,864.4726590858974
Both,"Communicable, maternal, neonatal, and nutritional diseases",92,1283.9888517184702,1473.602822486693,970.515348492775
Both,"Communicable, maternal, neonatal, and nutritional diseases",93,1452.3645822449146,1675.762421833803,1088.7992801256607
Both,"Communicable, maternal, neonatal, and nutritional diseases",94,1643.3783061034057,1908.2507515040559,1222.9014261367106
Both,"Communicable, maternal, neonatal, and nutritional diseases",95,1854.5062116821186,2167.472046652134,1371.063697071298
Both,"Communicable, maternal, neonatal, and nutritional diseases",96,2083.2244873692275,2449.8305424327204,1531.528003474798
Both,"Communicable, maternal, neonatal, and nutritional diseases",97,2327.009321552906,2751.730474000497,1702.5362558925838
Both,"Communicable, maternal, neonatal, and nutritional diseases",98,2327.009321552906,2751.7304740004965,1702.5362558925838
Both,"Communicable, maternal, neonatal, and nutritional diseases",99,2327.009321552906,2751.7304740004965,1702.5362558925838
Both,"Communicable, maternal, neonatal, and nutritional diseases",100,2327.009321552906,2751.7304740004965,1702.5362558925838
Both,Diabetes and kidney diseases,0,0.8394642262669104,0.9618843244751982,0.7275044808379874
Both,Diabetes and kidney diseases,1,0.6398207300342599,0.7322128258113139,0.5552729745342576
Both,Diabetes and kidney diseases,2,0.28525023824562257,0.32431405195750984,0.24937964857367212
Both,Diabetes and kidney diseases,3,0.1259251574076852,0.140972497869842,0.1121148705670367
Both,Diabetes and kidney diseases,4,0.11955227097715872,0.13355259723219018,0.1069263287860441
Both,Diabetes and kidney diseases,5,0.1152208355761542,0.12850888395889432,0.10340199657886441
Both,Diabetes and kidney diseases,6,0.1127526530109485,0.12563441455666344,0.1013950604699547
Both,Diabetes and kidney diseases,7,0.1119695250878184,0.1247222455322067,0.1007587069837721
Both,Diabetes and kidney diseases,8,0.11638254510519086,0.12980519093513587,0.10466687057845847
Both,Diabetes and kidney diseases,9,0.12856483898951854,0.14379572170348667,0.1154677467647227
Both,Diabetes and kidney diseases,10,0.14693125748911692,0.1648063796766039,0.13177591364587246
Both,Diabetes and kidney diseases,11,0.16989665135230153,0.19094970669383238,0.1522059493252154
Both,Diabetes and kidney diseases,12,0.1958758713273878,0.2203382445945171,0.1753724319060592
Both,Diabetes and kidney diseases,13,0.23367266611264303,0.26183418957182697,0.2095056042878256
Both,Diabetes and kidney diseases,14,0.2906156610676173,0.32314313995004096,0.26133065683838075
Both,Diabetes and kidney diseases,15,0.3629070219325504,0.4006427407651692,0.32720458886369835
Both,Diabetes and kidney diseases,16,0.44674891444768206,0.4907106370532217,0.4034843996697526
Both,Diabetes and kidney diseases,17,0.5383435043532518,0.5897244738502083,0.4865270885625172
Both,Diabetes and kidney diseases,18,0.6478506424700439,0.7089095278565763,0.5853253495280439
Both,Diabetes and kidney diseases,19,0.7839831227079631,0.8577762705727998,0.7076887447119833
Both,Diabetes and kidney diseases,20,0.9407725254409307,1.0301301392349285,0.848199575659707
Both,Diabetes and kidney diseases,21,1.112250431042868,1.2197765710790123,1.0014401439165876
Both,Diabetes and kidney diseases,22,1.2924484198876962,1.420521003341101,1.1619927510279973
Both,Diabetes and kidney diseases,23,1.4835033149345027,1.6368569033931233,1.3311000248751965
Both,Diabetes and kidney diseases,24,1.692779901549231,1.877439763536723,1.5151415858202457
Both,Diabetes and kidney diseases,25,1.922151703716088,2.1423180584025245,1.7164052241297165
Both,Diabetes and kidney diseases,26,2.173492245419279,2.4315402626211524,1.9371787300701804
Both,Diabetes and kidney diseases,27,2.448675050643011,2.7451548508232304,2.179749893908209
Both,Diabetes and kidney diseases,28,2.754447440630651,3.089371542948984,2.450509879012122
Both,Diabetes and kidney diseases,29,3.0968625335586077,3.471429291250354,2.7546544327498363
Both,Diabetes and kidney diseases,30,3.4767525488106465,3.892920418825536,3.0926782213873163
Both,Diabetes and kidney diseases,31,3.8949497057705322,4.355437248772726,3.4650759111905285
Both,Diabetes and kidney diseases,32,4.3522862238220315,4.86057210419012,3.872342168425437
Both,Diabetes and kidney diseases,33,4.865432776149374,5.42465100302831,4.32877013142288
Both,Diabetes and kidney diseases,34,5.446927869601095,6.06013826310674,4.8458565782439775
Both,Diabetes and kidney diseases,35,6.091405474057409,6.762833657326876,5.419901634750125
Both,Diabetes and kidney diseases,36,6.793499559398538,7.528536958590189,6.047205426802714
Both,Diabetes and kidney diseases,37,7.547844095504695,8.353047939798149,6.724068080263138
Both,Diabetes and kidney diseases,38,8.363114324860286,9.24846391866951,7.459825211795695
Both,Diabetes and kidney diseases,39,9.258485605254167,10.235012480271607,8.272312244313126
Both,Diabetes and kidney diseases,40,10.24434207952325,11.320688798528781,9.170579013049483
Both,Diabetes and kidney diseases,41,11.331067890504434,12.513488047365373,10.16367535323883
Both,Diabetes and kidney diseases,42,12.52904718103462,13.82140540070572,11.260651100115217
Both,Diabetes and kidney diseases,43,13.886137324402277,15.290061304998728,12.50777330598544
Both,Diabetes and kidney diseases,44,15.432418190116039,16.95090964104287,13.935125614006886
Both,Diabetes and kidney diseases,45,17.151607665343068,18.790695734286825,15.527482745689516
Both,Diabetes and kidney diseases,46,19.027423637250546,20.796164910179286,17.269619422543293
Both,Diabetes and kidney diseases,47,21.043583993005633,22.95406249416894,19.146310366078172
Both,Diabetes and kidney diseases,48,23.266579513482895,25.337510568369105,21.229068596777832
Both,Diabetes and kidney diseases,49,25.750402178990228,28.001023037432205,23.571116299122217
Both,Diabetes and kidney diseases,50,28.460021675844782,30.903432960615593,26.129791940615657
Both,Diabetes and kidney diseases,51,31.360407690363708,34.00357339717663,28.862433988762486
Both,Diabetes and kidney diseases,52,34.41652990886417,37.26027740637269,31.726380911067046
Both,Diabetes and kidney diseases,53,37.635138254913734,40.670608836358404,34.714142743349704
Both,Diabetes and kidney diseases,54,41.075593325631196,44.297264168125096,37.88430101094031
Both,Diabetes and kidney diseases,55,44.78178081766055,48.19752541018508,41.293301415607445
Both,Diabetes and kidney diseases,56,48.79758642764576,52.42867457105069,44.99758965911969
Both,Diabetes and kidney diseases,57,53.16689585223084,57.047993659234265,49.05361144324562
Both,Diabetes and kidney diseases,58,58.07218745028848,62.26038779549554,53.665084906830906
Both,Diabetes and kidney diseases,59,63.57362190697691,68.12700703663879,58.88640738445953
Both,Diabetes and kidney diseases,60,69.53160840836834,74.48950079524312,64.55004337150753
Both,Diabetes and kidney diseases,61,75.80655614053501,81.18951848388768,70.48845736335092
Both,Diabetes and kidney diseases,62,82.25887428954911,88.06870951515161,76.53411385536572
Both,Diabetes and kidney diseases,63,88.77166614963825,94.98738778435583,82.56185873801684
Both,Diabetes and kidney diseases,64,95.47354670585842,102.08802529466135,88.70759624456767
Both,Diabetes and kidney diseases,65,102.59319268052441,109.63550862040738,95.1953783845921
Both,Diabetes and kidney diseases,66,110.35928079595102,117.89472433593315,102.24925716766397
Both,Diabetes and kidney diseases,67,119.00048777445306,127.1305590155779,110.09328460335712
Both,Diabetes and kidney diseases,68,128.80409177902806,137.69448283089002,119.00139021638165
Both,Diabetes and kidney diseases,69,139.85324310903405,149.6852022270863,129.0250911644767
Both,Diabetes and kidney diseases,70,152.0704266913266,162.9884581890087,140.0548209067595
Both,Diabetes and kidney diseases,71,165.37812745276133,177.48999170149906,151.9810129023474
Both,Diabetes and kidney diseases,72,179.69883032019376,193.0755437493993,164.69410061035776
Both,Diabetes and kidney diseases,73,195.1228561812931,209.74862771913087,178.37777142990365
Both,Diabetes and kidney diseases,74,212.0008753172821,227.9124904902189,193.31586519933433
Both,Diabetes and kidney diseases,75,230.64589674534682,248.0524732871604,209.54904403662124
Both,Diabetes and kidney diseases,76,251.37092948267335,270.6539173344527,227.11797005973594
Both,Diabetes and kidney diseases,77,274.48898254644774,296.20216385659273,246.06330538664977
Both,Diabetes and kidney diseases,78,300.7567945853848,325.95560508275247,266.3589095892039
Both,Diabetes and kidney diseases,79,330.84946665237766,360.81362916236105,288.3304906408919
Both,Diabetes and kidney diseases,80,364.9575513708804,400.7230712003019,312.5464832621636
Both,Diabetes and kidney diseases,81,403.27160136434685,445.6307663014584,339.5753221734689
Both,Diabetes and kidney diseases,82,445.98216925623086,495.4835495707138,369.98544209525784
Both,Diabetes and kidney diseases,83,495.1819809813711,552.7017016910618,405.28552912518444
Both,Diabetes and kidney diseases,84,552.6729472029488,619.5835504267073,446.40083317541365
Both,Diabetes and kidney diseases,85,618.2093976369312,695.8930015043519,493.02463468816177
Both,Diabetes and kidney diseases,86,691.545661999286,781.3939606506966,544.8502141056449
Both,Diabetes and kidney diseases,87,772.4360700059814,875.8503335924431,601.5708518700792
Both,Diabetes and kidney diseases,88,867.8182222118771,986.8797672747745,667.0975334099437
Both,Diabetes and kidney diseases,89,981.0934839453146,1118.5353808234206,743.571486589193
Both,Diabetes and kidney diseases,90,1106.7118320824825,1265.2342882359023,828.0313555032568
Both,Diabetes and kidney diseases,91,1239.1232434995693,1421.3936035097406,917.5157842475652
Both,Diabetes and kidney diseases,92,1372.777695072764,1581.4304406424565,1009.0634169175476
Both,Diabetes and kidney diseases,93,1508.4691497547371,1747.0000142854253,1103.4732638320318
Both,Diabetes and kidney diseases,94,1650.4647393561272,1923.006544619854,1203.2902839170365
Both,Diabetes and kidney diseases,95,1798.424194040076,2108.7406539380095,1308.1720441787788
Both,Diabetes and kidney diseases,96,1952.0072439697244,2303.4929645321604,1417.776111623475
Both,Diabetes and kidney diseases,97,2110.8736193082136,2506.554098694574,1531.7600532573422
Both,Diabetes and kidney diseases,98,2110.8736193082136,2506.554098694574,1531.7600532573422
Both,Diabetes and kidney diseases,99,2110.8736193082136,2506.554098694574,1531.7600532573422
Both,Diabetes and kidney diseases,100,2110.8736193082136,2506.554098694574,1531.7600532573422
Both,Digestive diseases,0,2.7159384123420147,3.196224764188094,2.3107750012354815
Both,Digestive diseases,1,2.107249840956061,2.476465482929588,1.7957574191753607
Both,Digestive diseases,2,1.0273264633785792,1.199442997516639,0.8820430706997808
Both,Digestive diseases,3,0.4961634080574065,0.574667352907543,0.4307257764205795
Both,Digestive diseases,4,0.3997645941232384,0.46634295282255317,0.34591699334236764
Both,Digestive diseases,5,0.33145087554718033,0.3897727536790411,0.2856946985704666
Both,Digestive diseases,6,0.2907840169863361,0.3443070701208108,0.24977183226013575
Both,Digestive diseases,7,0.2773257830978095,0.3292962167916664,0.2378613345666345
Both,Digestive diseases,8,0.2801297347191419,0.332647830841839,0.24039986020842433
Both,Digestive diseases,9,0.2877899685520194,0.34178018702871577,0.2473151348790044
Both,Digestive diseases,10,0.2991790530497626,0.35530955640683465,0.25755670519619045
Both,Digestive diseases,11,0.3131695566656921,0.371852210030734,0.27007411777779844
Both,Digestive diseases,12,0.3286340478531283,0.3900244189549519,0.2838169192416441
Both,Digestive diseases,13,0.34864164062901004,0.41300463288088934,0.30113938476250945
Both,Digestive diseases,14,0.3765800364144407,0.4445394087584802,0.32485992278711096
Both,Digestive diseases,15,0.4117996847689879,0.48409717851506184,0.35462427984116623
Both,Digestive diseases,16,0.45365103525221906,0.5311463740779715,0.3900782024503928
Both,Digestive diseases,17,0.5014845374237018,0.5851554273745466,0.4308674371405083
Both,Digestive diseases,18,0.5592933146271742,0.6510231219443932,0.48066874490399275
Both,Digestive diseases,19,0.6330621897813771,0.7355523032279229,0.5447309872770486
Both,Digestive diseases,20,0.7251291618083816,0.8410674960036819,0.625058061600977
Both,Digestive diseases,21,0.8378322296302596,0.9698932250502164,0.7236538652170788
Both,Digestive diseases,22,0.973509392169082,1.1243540151460722,0.8425222954666555
Both,Digestive diseases,23,1.16883352512456,1.3443045546376087,1.0150393407958789
Both,Digestive diseases,24,1.450302055101269,1.6586460749062577,1.2654911238763242
Both,Digestive diseases,25,1.8049898073785764,2.053272915283175,1.5822467433873977
Both,Digestive diseases,26,2.21997160723585,2.514079415099515,1.953675298008505
Both,Digestive diseases,27,2.682322279952457,3.0269599136864347,2.368145886419052
Both,Digestive diseases,28,3.267851871599703,3.674449088760772,2.89587824115681
Both,Digestive diseases,29,4.024007912934385,4.507607138503347,3.5808380640365622
Both,Digestive diseases,30,4.895321456264109,5.465116682941286,4.3720134076532355
Both,Digestive diseases,31,5.826323553896483,6.485660342101713,5.218392324601755
Both,Digestive diseases,32,6.76154525813911,7.507920736011758,6.068962867477046
Both,Digestive diseases,33,7.730540504506167,8.565873553814582,6.949404266579938
Both,Digestive diseases,34,8.776241302862676,9.706140756002737,7.899383278844236
Both,Digestive diseases,35,9.863245817042511,10.886374369627424,8.888869246814332
Both,Digestive diseases,36,10.95615221087954,12.064226421739844,9.887831513034618
Both,Digestive diseases,37,12.019558648207648,13.197348939391205,10.866239420049482
Both,Digestive diseases,38,13.014374055207135,14.240721266666066,11.787642345787265
Both,Digestive diseases,39,13.964281231128078,15.223152440962444,12.672061470314986
Both,Digestive diseases,40,14.928039149408997,16.21303902930172,13.574173839385049
Both,Digestive diseases,41,15.964406783488405,17.278777598705265,14.548656498749862
Both,Digestive diseases,42,17.132143106804822,18.48876471619447,15.650186494161831
Both,Digestive diseases,43,18.475044852945487,19.895539573364758,16.92464346658491
Both,Digestive diseases,44,19.9807696201705,21.483480171570587,18.363672847942674
Both,Digestive diseases,45,21.62386767892771,23.21874129247184,19.94060037042694
Both,Digestive diseases,46,23.378889299664948,25.067477717728423,21.628751766229538
Both,Digestive diseases,47,25.220384752830057,26.99584422900023,23.401452767542303
Both,Digestive diseases,48,27.100874845024006,28.94316546527174,25.22201695504738
Both,Digestive diseases,49,29.05700878028845,30.9500616411246,27.128452281053722
Both,Digestive diseases,50,31.18952942523228,33.13463090161445,29.206126035193353
Both,Digestive diseases,51,33.599179646464364,35.61497139179696,31.540405507098285
Both,Digestive diseases,52,36.386702310593584,38.50918125672777,34.216657986400556
Both,Digestive diseases,53,40.103602830160945,42.43793711481708,37.719772886536475
Both,Digestive diseases,54,44.84842798652242,47.514197098016275,42.132904795874445
Both,Digestive diseases,55,50.042482699509335,53.09448162169285,46.93881876644459
Both,Digestive diseases,56,55.107071888953,58.53531110121425,51.620279850277036
Both,Digestive diseases,57,59.46350047468477,63.19320595194796,55.66005309940192
Both,Digestive diseases,58,63.12479378514681,67.06375185495241,59.0799539175093
Both,Digestive diseases,59,66.52467019260402,70.62973386804913,62.26859975413116
Both,Digestive diseases,60,69.7154741826218,73.97847147175023,65.25895873006051
Both,Digestive diseases,61,72.7495502407656,77.1972841465678,68.08399896609033
Both,Digestive diseases,62,75.67924285260081,80.37349137301395,70.7766885830137
Both,Digestive diseases,63,78.41967500388883,83.43293957707407,73.27696205327317
Both,Digestive diseases,64,80.94945425224279,86.32430573416559,75.58030653006118
Both,Digestive diseases,65,83.4161519410058,89.16915514894859,77.80301915529546
Both,Digestive diseases,66,85.96733941352088,92.08905312608324,80.06139707089375
Both,Digestive diseases,67,88.75058801313112,95.20556497022967,82.4717374187737
Both,Digestive diseases,68,91.69513935869568,98.39900571593499,84.93878579483504
Both,Digestive diseases,69,94.7222067079301,101.600802934803,87.39144382817645
Both,Digestive diseases,70,97.9673188624621,105.0091907370789,89.98224271051416
Both,Digestive diseases,71,101.56600462391933,108.82240323300785,92.86371363356446
Both,Digestive diseases,72,105.65379279392948,113.23867453283506,96.1883877890436
Both,Digestive diseases,73,110.37459614958082,118.4648178885433,100.20046170419138
Both,Digestive diseases,74,115.80481661563617,124.59687407396247,104.95256190720914
Both,Digestive diseases,75,121.97871671523491,131.6669184821085,110.30986459125542
Both,Digestive diseases,76,128.93055897151655,139.70702650599728,116.13754594948871
Both,Digestive diseases,77,136.69460590762054,148.74927353864473,122.3007821750676
Both,Digestive diseases,78,145.65282837017187,159.37802467572908,128.75705757736077
Both,Digestive diseases,79,156.1502299971076,172.08901102308207,135.70505607367744
Both,Digestive diseases,80,168.1656224985354,186.78135698894982,143.37175326908692
Both,Digestive diseases,81,181.677817584563,203.35418698157844,151.98412476865846
Both,Digestive diseases,82,196.66562696529795,221.70662540921407,161.76914617746135
Both,Digestive diseases,83,213.9451494756288,242.90330082444572,173.28645073041196
Both,Digestive diseases,84,234.20141866498724,267.86638065058855,186.87304262126787
Both,Digestive diseases,85,257.2166483152958,296.2812976019783,202.42195389336
Both,Digestive diseases,86,282.77305220847717,327.8334843929503,219.82621659001944
Both,Digestive diseases,87,310.65284412645354,362.2083737378402,238.97886275457716
Both,Digestive diseases,88,343.20146160237925,402.2315874869896,261.91920803774383
Both,Digestive diseases,89,381.48041368708493,449.2331883278764,289.4785435839675
Both,Digestive diseases,90,423.3460214390081,500.65527023054085,319.7378646771853
Both,Digestive diseases,91,466.65460591658604,553.9399271650228,350.77816660133436
Both,Digestive diseases,92,509.262488178256,606.5292531013623,380.6804446403519
Both,Digestive diseases,93,551.218666287945,658.5002867854448,409.44719610668267
Both,Digestive diseases,94,593.987258157119,711.6133265795429,438.3595412723056
Both,Digestive diseases,95,637.5472646155232,765.8353558782771,467.4164098604584
Both,Digestive diseases,96,681.8776864929034,821.133358076268,496.6167315943792
Both,Digestive diseases,97,726.9575246190054,877.4743165681357,525.9594361973056
Both,Digestive diseases,98,726.9575246190053,877.4743165681357,525.9594361973056
Both,Digestive diseases,99,726.9575246190053,877.4743165681357,525.9594361973056
Both,Digestive diseases,100,726.9575246190053,877.4743165681357,525.9594361973056
Both,Injuries,0,52.06504920016214,56.272771373895985,47.47276369807633
Both,Injuries,1,40.90089981369242,44.09469515593026,37.38346693762221
Both,Injuries,2,21.095495260214143,22.490628230428175,19.484767782095886
Both,Injuries,3,10.95956524019998,11.495506439062924,10.286220888204763
Both,Injuries,4,8.51453166873162,8.934322918746352,8.010094312044787
Both,Injuries,5,6.748088292193051,7.089024316448988,6.362275420436257
Both,Injuries,6,5.676381546556757,5.972438241536066,5.360544908816844
Both,Injuries,7,5.315557867795219,5.597392303372818,5.022683472624222
Both,Injuries,8,5.4799921375987495,5.764090866972244,5.188936396705967
Both,Injuries,9,5.950070287676434,6.2409202492879405,5.663171188082685
Both,Injuries,10,6.6909553290289185,6.992980987596036,6.40860187545161
Both,Injuries,11,7.667810272656844,7.985373619172659,7.388442487509972
Both,Injuries,12,8.845798129560855,9.183198681293934,8.565907052955001
Both,Injuries,13,12.177671266876743,12.55361379886679,11.802492009261307
Both,Injuries,14,18.553600457815296,19.019093047206344,17.927642935604563
Both,Injuries,15,26.344876322489647,26.97771163920101,25.356497573233604
Both,Injuries,16,33.92278948101292,34.8275447877392,32.50419366339726
Both,Injuries,17,39.658630553498256,40.96666770570934,37.785868947344376
Both,Injuries,18,44.075994457687266,45.90201155061292,41.70653749296467
Both,Injuries,19,48.43823668300494,50.83122291615005,45.530970465474894
Both,Injuries,20,52.226288707089445,55.18845016950702,48.81394125211441
Both,Injuries,21,54.921082007578974,58.407841677870195,51.1102232401226
Both,Injuries,22,56.0035480621117,59.92354580842584,51.9745898167388
Both,Injuries,23,56.08173020649504,60.30452091153165,51.92051606102551
Both,Injuries,24,56.12465271374803,60.54688127586488,51.791570951247664
Both,Injuries,25,56.154718467326276,60.72550917609132,51.63766872344829
Both,Injuries,26,56.194330350685384,60.91528688687674,51.50872361367045
Both,Injuries,27,56.26589124728098,61.191096682886894,51.45464985795716
Both,Injuries,28,56.58761224841306,61.68875734186891,51.67567807743076
Both,Injuries,29,57.21740409854272,62.3783182963125,52.202745370021645
Both,Injuries,30,57.93721916086727,63.086007802997365,52.83182568698496
Both,Injuries,31,58.529009798583985,63.63805411870318,53.358892979575856
Both,Injuries,32,58.77472837489017,63.860685500209634,53.57992119904945
Both,Injuries,33,58.61468458447606,63.67867481674611,53.44134657022851
Both,Injuries,34,58.23304169964242,63.244500934367025,53.11089937842475
Both,Injuries,35,57.777532450002255,62.725951105089614,52.716494665626705
Both,Injuries,36,57.395889565168616,62.29081258093112,52.38604747382293
Both,Injuries,37,57.23584577475451,62.10687261390875,52.247472845001994
Both,Injuries,38,57.273614538394575,62.105086695581804,52.3247203183165
Both,Injuries,39,57.36367851322858,62.10416679193411,52.50892583160494
Both,Injuries,40,57.47117422512723,62.10353486661981,52.72878402488469
Both,Injuries,41,57.56123819996123,62.102612883293,52.912989538173136
Both,Injuries,42,57.5990069636013,62.100822805607805,52.99023701148764
Both,Injuries,43,57.231669157071764,61.61185183273125,52.694829285611824
Both,Injuries,44,56.355709772270565,60.44933919806802,51.990395477754106
Both,Injuries,45,55.310209861378816,59.06263491662877,51.14961964256908
Both,Injuries,46,54.43425047657762,57.9010890034241,50.44518583471136
Both,Injuries,47,54.06691267004808,57.41405147346462,50.14977810883554
Both,Injuries,48,54.12519572654707,57.43802012959514,50.273256491534774
Both,Injuries,49,54.28436436131575,57.50580525126991,50.60003931439002
Both,Injuries,50,54.5208977722617,57.61122556841375,51.064648089537656
Both,Injuries,51,54.81127515729248,57.748099810951466,51.601604329114025
Both,Injuries,52,55.13197571431565,57.91024670880789,52.14542954525549
Both,Injuries,53,55.58239148731605,58.2421405688451,52.751789048106986
Both,Injuries,54,56.23218946157906,58.83176635807247,53.48772362546958
Both,Injuries,55,57.013261246963026,59.58820879663574,54.30481800596387
Both,Injuries,56,57.85749845332636,60.4205526046806,55.154656918210414
Both,Injuries,57,58.69679269052743,61.23788250235281,55.9888250908298
Both,Injuries,58,59.53939112226878,62.046556582336514,56.796942583533
Both,Injuries,59,60.43738945996114,62.91660879790942,57.612234320552446
Both,Injuries,60,61.38845213502515,63.85263766010766,58.45169232729085
Both,Injuries,61,62.39024357888147,64.85924167996731,59.33230862915095
Both,Injuries,62,63.44042822295074,65.94101936852448,60.27107525153551
Both,Injuries,63,64.47913069005786,67.05247189928998,61.22061634812036
Both,Injuries,64,65.51547925415339,68.20762938433916,62.177016483433874
Both,Injuries,65,66.65064382334666,69.50038374255483,63.22245829915753
Both,Injuries,66,67.98579430574691,71.02462689281992,64.43912443697285
Both,Injuries,67,69.62210060946343,72.87425075401727,65.90919753856126
Both,Injuries,68,71.78736083845068,75.3118167711632,67.7826332315634
Both,Injuries,69,74.62354116061579,78.51132868946593,70.16092058279452
Both,Injuries,70,78.103063579997,82.4338418780963,73.05354239269833
Both,Injuries,71,82.1983501006326,87.04041170622507,76.46998146171838
Both,Injuries,72,86.88182272656081,92.292093543023,80.4197205902983
Both,Injuries,73,92.77437483225819,98.81377560182564,85.56514752854486
Both,Injuries,74,100.3696254050822,107.14180868054714,92.3380567375071
Both,Injuries,75,109.44908486839257,117.10444202522628,100.40204108404204
Both,Injuries,76,119.79426364554902,128.52992488190176,109.4206934350067
Both,Injuries,77,131.18667215991127,141.24650649661234,119.0576066572581
Both,Injuries,78,144.3113209813232,156.16404389920564,129.55382113429033
Both,Injuries,79,159.9190095935067,174.18393645146358,141.44931258435676
Both,Injuries,80,177.88993179063854,195.1217468973265,154.85607687645313
Both,Injuries,81,198.10428136689546,218.7930379807347,169.8861098795755
Both,Injuries,82,220.44225211645423,245.01337244562865,186.6514074627197
Both,Injuries,83,246.09698581263524,275.4083672624798,206.20572633112496
Both,Injuries,84,276.1318294029316,311.36926116402526,229.21036885793538
Both,Injuries,85,310.2322844427786,352.36004953760363,255.188649414004
Both,Injuries,86,348.08385248761215,397.84472777055345,283.6638823701838
Both,Injuries,87,389.3720350928676,447.2872912502132,314.15938209732803
Both,Injuries,88,437.53085277579873,504.414326815118,348.7638172673779
Both,Injuries,89,494.1172777324011,571.1523645605168,388.4902349309214
Both,Injuries,90,556.0012390362225,644.2653147588187,431.2485170267821
Both,Injuries,91,620.0526657608109,720.5170876824327,474.9485454937833
Both,Injuries,92,683.1414869797146,796.6715936037681,517.5002022707482
Both,Injuries,93,745.3467585235504,872.9583275330785,558.9087339873751
Both,Injuries,94,808.811662793727,951.6986076294153,600.5713002770893
Both,Injuries,95,873.50231871998,1032.794078888384,642.4856525843064
Both,Injuries,96,939.3848452320451,1116.1463863055903,684.6495423534415
Both,Injuries,97,1006.4253612596576,1201.6571748766398,727.0607210289097
Both,Injuries,98,1006.4253612596576,1201.6571748766396,727.0607210289096
Both,Injuries,99,1006.4253612596576,1201.6571748766396,727.0607210289096
Both,Injuries,100,1006.4253612596576,1201.6571748766396,727.0607210289096
Both,Mental disorders,0,2.4756701035495464e-06,3.0444216136734133e-05,1.0039514113366545e-07
Both,Mental disorders,1,2.4756701035495464e-06,3.0444216136734133e-05,1.0039514113366545e-07
Both,Mental disorders,2,2.4756701035495464e-06,3.0444216136734133e-05,1.0039514113366545e-07
Both,Mental disorders,3,2.4756701035495464e-06,3.0444216136734133e-05,1.0039514113366545e-07
Both,Mental disorders,4,2.4756701035495464e-06,3.0444216136734133e-05,1.0039514113366545e-07
Both,Mental disorders,5,2.4756701035495464e-06,3.0444216136734133e-05,1.0039514113366545e-07
Both,Mental disorders,6,2.4756701035495464e-06,3.0444216136734133e-05,1.0039514113366545e-07
Both,Mental disorders,7,2.4756701035495464e-06,3.0444216136734133e-05,1.0039514113366545e-07
Both,Mental disorders,8,1.9243853518953135e-05,8.517450406760715e-05,5.743273858031466e-06
Both,Mental disorders,9,6.823568010504232e-05,0.00024399257538763186,2.2339289117097722e-05
Both,Mental disorders,10,0.00014748206437163478,0.0004988392413879167,4.938950958089171e-05
Both,Mental disorders,11,0.0002550139208285482,0.0008416553133595699,8.639500391197272e-05
Both,Mental disorders,12,0.0003888621639856,0.0012643816025937,0.0001328568407729
Both,Mental disorders,13,0.0009329079376581191,0.0027992128718999174,0.0003740669787279987
Both,Mental disorders,14,0.002121069733952189,0.005993005083746419,0.0009255928988704718
Both,Mental disorders,15,0.003726434489813759,0.010109690848912192,0.0016823489536561959
Both,Mental disorders,16,0.005522089142188781,0.014413202778176221,0.002539249495541046
Both,Mental disorders,17,0.0072811206280232,0.0181674734823175,0.0033912088769809
Both,Mental disorders,18,0.009128284001902081,0.021369013909458556,0.0043632371711137385
Both,Mental disorders,19,0.01124495372808785,0.024510963901456483,0.005547074100324444
Both,Mental disorders,20,0.013489145858042484,0.027602199409692073,0.00678772849093924
Both,Mental disorders,21,0.015718876443227968,0.030651596385546143,0.007930209169284351
Both,Mental disorders,22,0.0177921615351063,0.0336680307803995,0.008819524961686
Both,Mental disorders,23,0.019735513039019673,0.03666128329982327,0.009477680703212282
Both,Mental disorders,24,0.02164781652159871,0.03962661860888374,0.01004644101604432
Both,Mental disorders,25,0.023495648526238005,0.042551138598204336,0.0105504544071779
Both,Mental disorders,26,0.025245585596332172,0.045421945158408576,0.011014369383608799
Both,Mental disorders,27,0.0268642042752758,0.0482261401801199,0.0114628344523328
Both,Mental disorders,28,0.028524203389705353,0.05136712453705498,0.011881848116175195
Both,Mental disorders,29,0.030262106829133426,0.054856249557881175,0.012259155107620193
Both,Mental disorders,30,0.03184022873126882,0.05809254281564805,0.012622023278151928
Both,Mental disorders,31,0.03302088323382038,0.06047503188340519,0.01299772047925455
Both,Mental disorders,32,0.0335663844744969,0.0614027443342021,0.0134135145624122
Both,Mental disorders,33,0.03367946206698357,0.06130490239742802,0.013904382518971328
Both,Mental disorders,34,0.03374292484574074,0.06107158700973599,0.014455727311722306
Both,Mental disorders,35,0.03378920577963993,0.060793113805071304,0.01502045574931516
Both,Mental disorders,36,0.033850737837552665,0.060559798417379275,0.015551474640399915
Both,Mental disorders,37,0.0339599539883505,0.0604619564806052,0.0160016907936266
Both,Mental disorders,38,0.03448634757099537,0.061861075799230926,0.01641938472348197
Both,Mental disorders,39,0.03553353682860642,0.06519743725133843,0.01684547020141894
Both,Mental disorders,40,0.03673514208629095,0.06917954608127318,0.01722180392153675
Both,Mental disorders,41,0.037724783669156305,0.07251590753338068,0.017490242577934655
Both,Mental disorders,42,0.0381360819023098,0.0739150268520064,0.0175926428647119
Both,Mental disorders,43,0.03780906303925369,0.07336017341433299,0.017493392041756445
Both,Mental disorders,44,0.036873713234798995,0.07170039327926053,0.017205814641493514
Both,Mental disorders,45,0.03539859266601617,0.06894285671371081,0.01674517326682827
Both,Mental disorders,46,0.03345226150997569,0.06509473398460551,0.016126730520665877
Both,Mental disorders,47,0.031103279943748,0.0601631953588664,0.0153657490059115
Both,Mental disorders,48,0.031103279943748,0.0601631953588664,0.0153657490059115
Both,Mental disorders,49,0.031103279943748,0.0601631953588664,0.0153657490059115
Both,Mental disorders,50,0.031103279943748,0.0601631953588664,0.0153657490059115
Both,Mental disorders,51,0.031103279943748,0.0601631953588664,0.0153657490059115
Both,Mental disorders,52,0.031103279943748,0.0601631953588664,0.0153657490059115
Both,Mental disorders,53,0.031103279943748,0.0601631953588664,0.0153657490059115
Both,Mental disorders,54,0.031103279943748,0.0601631953588664,0.0153657490059115
Both,Mental disorders,55,0.031103279943748,0.0601631953588664,0.0153657490059115
Both,Mental disorders,56,0.031103279943748,0.0601631953588664,0.0153657490059115
Both,Mental disorders,57,0.031103279943748,0.0601631953588664,0.0153657490059115
Both,Mental disorders,58,0.031103279943748,0.0601631953588664,0.0153657490059115
Both,Mental disorders,59,0.031103279943748,0.0601631953588664,0.0153657490059115
Both,Mental disorders,60,0.031103279943748,0.0601631953588664,0.0153657490059115
Both,Mental disorders,61,0.031103279943748,0.0601631953588664,0.0153657490059115
Both,Mental disorders,62,0.031103279943748,0.0601631953588664,0.0153657490059115
Both,Mental disorders,63,0.031103279943748,0.0601631953588664,0.0153657490059115
Both,Mental disorders,64,0.031103279943748,0.0601631953588664,0.0153657490059115
Both,Mental disorders,65,0.031103279943748,0.0601631953588664,0.0153657490059115
Both,Mental disorders,66,0.031103279943748,0.0601631953588664,0.0153657490059115
Both,Mental disorders,67,0.031103279943748,0.0601631953588664,0.0153657490059115
Both,Mental disorders,68,0.031103279943748,0.0601631953588664,0.0153657490059115
Both,Mental disorders,69,0.031103279943748,0.0601631953588664,0.0153657490059115
Both,Mental disorders,70,0.031103279943748,0.0601631953588664,0.0153657490059115
Both,Mental disorders,71,0.031103279943748,0.0601631953588664,0.0153657490059115
Both,Mental disorders,72,0.031103279943748,0.0601631953588664,0.0153657490059115
Both,Mental disorders,73,0.031103279943748,0.0601631953588664,0.0153657490059115
Both,Mental disorders,74,0.031103279943748,0.0601631953588664,0.0153657490059115
Both,Mental disorders,75,0.031103279943748,0.0601631953588664,0.0153657490059115
Both,Mental disorders,76,0.031103279943748,0.0601631953588664,0.0153657490059115
Both,Mental disorders,77,0.031103279943748,0.0601631953588664,0.0153657490059115
Both,Mental disorders,78,0.031103279943748,0.0601631953588664,0.0153657490059115
Both,Mental disorders,79,0.031103279943748,0.0601631953588664,0.0153657490059115
Both,Mental disorders,80,0.031103279943748,0.0601631953588664,0.0153657490059115
Both,Mental disorders,81,0.031103279943748,0.0601631953588664,0.0153657490059115
Both,Mental disorders,82,0.031103279943748,0.0601631953588664,0.0153657490059115
Both,Mental disorders,83,0.031103279943748,0.0601631953588664,0.0153657490059115
Both,Mental disorders,84,0.031103279943748,0.0601631953588664,0.0153657490059115
Both,Mental disorders,85,0.031103279943748,0.0601631953588664,0.0153657490059115
Both,Mental disorders,86,0.031103279943748,0.0601631953588664,0.0153657490059115
Both,Mental disorders,87,0.031103279943748,0.0601631953588664,0.0153657490059115
Both,Mental disorders,88,0.031103279943748,0.0601631953588664,0.0153657490059115
Both,Mental disorders,89,0.031103279943748,0.0601631953588664,0.0153657490059115
Both,Mental disorders,90,0.031103279943748,0.0601631953588664,0.0153657490059115
Both,Mental disorders,91,0.031103279943748,0.0601631953588664,0.0153657490059115
Both,Mental disorders,92,0.031103279943748,0.0601631953588664,0.0153657490059115
Both,Mental disorders,93,0.031103279943748,0.0601631953588664,0.0153657490059115
Both,Mental disorders,94,0.031103279943748,0.0601631953588664,0.0153657490059115
Both,Mental disorders,95,0.031103279943748,0.0601631953588664,0.0153657490059115
Both,Mental disorders,96,0.031103279943748,0.0601631953588664,0.0153657490059115
Both,Mental disorders,97,0.031103279943748,0.0601631953588664,0.0153657490059115
Both,Mental disorders,98,0.031103279943748,0.0601631953588664,0.0153657490059115
Both,Mental disorders,99,0.031103279943748,0.0601631953588664,0.0153657490059115
Both,Mental disorders,100,0.031103279943748,0.0601631953588664,0.0153657490059115
Both,Musculoskeletal disorders,0,0.0650377464290956,0.0746884856729397,0.0569212894256294
Both,Musculoskeletal disorders,1,0.0510215756599163,0.05875224587913915,0.044566988725060645
Both,Musculoskeletal disorders,2,0.026952829916370977,0.031376254300393855,0.023343952293798542
Both,Musculoskeletal disorders,3,0.016664433383762,0.0196708514147021,0.0142693392389552
Both,Musculoskeletal disorders,4,0.01791914680496052,0.021055977498531168,0.015375242777183051
Both,Musculoskeletal disorders,5,0.02112645823728956,0.024620072319765127,0.018191411012753015
Both,Musculoskeletal disorders,6,0.025451124433849344,0.029476210733024123,0.021965530376994693
Both,Musculoskeletal disorders,7,0.0300579021477401,0.0347374675929283,0.0259452873012377
Both,Musculoskeletal disorders,8,0.035068131866283034,0.040710682953165635,0.030169008650675802
Both,Musculoskeletal disorders,9,0.04112320464331751,0.04818006533229959,0.03517378803992207
Both,Musculoskeletal disorders,10,0.04816795308172099,0.056974742282263534,0.04095546202443502
Both,Musculoskeletal disorders,11,0.056147209784370926,0.06692384135499081,0.04750986715967323
Both,Musculoskeletal disorders,12,0.0650058073541448,0.0778564901024148,0.0548328400010952
Both,Musculoskeletal disorders,13,0.0750893162712636,0.0901364487175121,0.06321739649847084
Both,Musculoskeletal disorders,14,0.0868810053746715,0.10438970672589915,0.07305274188394094
Both,Musculoskeletal disorders,15,0.10053225480533069,0.1208387356784691,0.08447899663652042
Both,Musculoskeletal disorders,16,0.11619444470420336,0.13970600712611506,0.09763628123522416
Both,Musculoskeletal disorders,17,0.1340189552122517,0.1612139926197302,0.1126647161590671
Both,Musculoskeletal disorders,18,0.15864249378825013,0.19112291203647022,0.1336402341277993
Both,Musculoskeletal disorders,19,0.1911924063393532,0.23077194092357442,0.1615787772837698
Both,Musculoskeletal disorders,20,0.22655603067909352,0.2737519843370612,0.19203048023989217
Both,Musculoskeletal disorders,21,0.25962070462100356,0.3136539473329491,0.22054547760907967
Both,Musculoskeletal disorders,22,0.2852737659786158,0.3440687349672565,0.242673904004246
Both,Musculoskeletal disorders,23,0.3027388480479771,0.36424512726670905,0.25773446116010906
Both,Musculoskeletal disorders,24,0.31641953764973485,0.37982614502254153,0.2695400170495817
Both,Musculoskeletal disorders,25,0.32897310288432174,0.393994054437536,0.2803819556428693
Both,Musculoskeletal disorders,26,0.3430568118521709,0.4099311217144749,0.292551660910177
Both,Musculoskeletal disorders,27,0.3613279326537154,0.4308196130561403,0.3083405168217105
Both,Musculoskeletal disorders,28,0.3876796985682418,0.4616723718033361,0.33101727914454127
Both,Musculoskeletal disorders,29,0.4219316231193935,0.502316330755288,0.36043796078484497
Both,Musculoskeletal disorders,30,0.4606303947741379,0.5481548903024113,0.3937748314214834
Both,Musculoskeletal disorders,31,0.5003227019994427,0.5945914508351207,0.428200160733318
Both,Musculoskeletal disorders,32,0.5375552332622756,0.6370294127438315,0.4608862183992104
Both,Musculoskeletal disorders,33,0.5712388970582957,0.6739957982941828,0.4909982458786363
Both,Musculoskeletal disorders,34,0.6036776426721687,0.7086050748303707,0.5204231616823373
Both,Musculoskeletal disorders,35,0.6365077197543726,0.7431418103606475,0.5504157510660743
Both,Musculoskeletal disorders,36,0.6713653779553851,0.7798905728932646,0.5822307992856076
Both,Musculoskeletal disorders,37,0.7098868669256835,0.8211359304364737,0.617123091596698
Both,Musculoskeletal disorders,38,0.7540425558525321,0.8692218054386339,0.6566189433904049
Both,Musculoskeletal disorders,39,0.8033319980009337,0.9233773447263391,0.7003712751615554
Both,Musculoskeletal disorders,40,0.8556852191379746,0.9812149528751937,0.7468247798215614
Both,Musculoskeletal disorders,41,0.909032245030741,1.0403470344608012,0.7944241502818344
Both,Musculoskeletal disorders,42,0.9613031014463188,1.0983859940587666,0.8416140794537862
Both,Musculoskeletal disorders,43,1.011762780261584,1.1547216932530469,0.887833071807517
Both,Musculoskeletal disorders,44,1.0617959238111576,1.2109573288494395,0.934140712326866
Both,Musculoskeletal disorders,45,1.1125120335487433,1.2680253082563087,0.981413314693854
Both,Musculoskeletal disorders,46,1.1650206109280445,1.3268580388820186,1.0305271925905017
Both,Musculoskeletal disorders,47,1.2204311574027649,1.388387928134933,1.0823586596988295
Both,Musculoskeletal disorders,48,1.2768952055776779,1.4503821566476098,1.13528961572794
Both,Musculoskeletal disorders,49,1.333924895332655,1.5124230486869639,1.1890016031092445
Both,Musculoskeletal disorders,50,1.3946706390340475,1.5781657271128957,1.2463203996082264
Both,Musculoskeletal disorders,51,1.4622828490482063,1.651265314785305,1.3100717829903694
Both,Musculoskeletal disorders,52,1.5399119377414816,1.7353769345640913,1.383081531021158
Both,Musculoskeletal disorders,53,1.6328324298623431,1.8361144440605095,1.470500608446041
Both,Musculoskeletal disorders,54,1.7424965455308712,1.9548742948971256,1.5737049132321665
Both,Musculoskeletal disorders,55,1.866321240170833,2.088985500950806,1.6898576229775657
Both,Musculoskeletal disorders,56,2.0017234692059955,2.235777076098419,1.81612191528027
Both,Musculoskeletal disorders,57,2.1461201880601255,2.39257803421683,1.9496609677383108
Both,Musculoskeletal disorders,58,2.3032450094385752,2.5634311036134156,2.0926578774352556
Both,Musculoskeletal disorders,59,2.4778597556453272,2.7535250937687272,2.249327261319355
Both,Musculoskeletal disorders,60,2.6689236965020937,2.9619081403193976,2.419879576785668
Both,Musculoskeletal disorders,61,2.875396101830588,3.187628378902058,2.604525281229251
Both,Musculoskeletal disorders,62,3.0962362414525235,3.429733945153341,2.8034748320451626
Both,Musculoskeletal disorders,63,3.333332404415008,3.691797098075005,3.0195923874686774
Both,Musculoskeletal disorders,64,3.5911004595799625,3.978844617786796,3.2564428530891623
Both,Musculoskeletal disorders,65,3.872291046491323,4.292106421602332,3.51528780733281
Both,Musculoskeletal disorders,66,4.179654804693025,4.632812426835232,3.797388828625815
Both,Musculoskeletal disorders,67,4.515942373729003,5.002192550799111,4.10400749539437
Both,Musculoskeletal disorders,68,4.892935764632034,5.409558886570102,4.444256435131275
Both,Musculoskeletal disorders,69,5.317286604263827,5.862013023698592,4.8242699449104185
Both,Musculoskeletal disorders,70,5.784049955911714,6.357469124209584,5.240842107529627
Both,Musculoskeletal disorders,71,6.288280882863033,6.89384135012808,5.690767005786725
Both,Musculoskeletal disorders,72,6.825034448405117,7.469043863479082,6.170838722479538
Both,Musculoskeletal disorders,73,7.399287766058674,8.08308850507305,6.7048316997677
Both,Musculoskeletal disorders,74,8.022953644250691,8.747661414801511,7.302716103805973
Both,Musculoskeletal disorders,75,8.701490688627926,9.478188203311081,7.940579603384872
Both,Musculoskeletal disorders,76,9.440357504837143,10.29009448124836,8.594509867294914
Both,Musculoskeletal disorders,77,10.245012698525093,11.198805859259956,9.240594564326614
Both,Musculoskeletal disorders,78,11.14405983650115,12.267242786599208,9.862081234860632
Both,Musculoskeletal disorders,79,12.152126840496482,13.520455988083901,10.475187430060563
Both,Musculoskeletal disorders,80,13.253708848540542,14.917066487707318,11.105455834891323
Both,Musculoskeletal disorders,81,14.43330099866279,16.415695309462745,11.778429134317836
Both,Musculoskeletal disorders,82,15.67539842889268,17.97496347734346,12.519650013305016
Both,Musculoskeletal disorders,83,16.971749643616864,19.588819391402623,13.327117488691558
Both,Musculoskeletal disorders,84,18.347365158753192,21.301998782346473,14.196230069859505
Both,Musculoskeletal disorders,85,19.836633129627945,23.14930367014795,15.14862968058879
Both,Musculoskeletal disorders,86,21.473941711567395,25.165536074779975,16.205958244659364
Both,Musculoskeletal disorders,87,23.29367905989781,27.385498016215468,17.389857685851158
Both,Musculoskeletal disorders,88,25.373542849136527,29.854169492266198,18.7640810368307
Both,Musculoskeletal disorders,89,27.747149027911675,32.605294111000184,20.359523695907733
Both,Musculoskeletal disorders,90,30.38276316271572,35.65681930777473,22.14854113532703
Both,Musculoskeletal disorders,91,33.248650820041114,39.02669251794716,24.103488827333358
Both,Musculoskeletal disorders,92,36.313077566380336,42.7328611768748,26.1967222441715
Both,Musculoskeletal disorders,93,39.658262721731994,46.93832819523682,28.491004235578632
Both,Musculoskeletal disorders,94,43.36409066081443,51.74755926661346,31.049595093680047
Both,Musculoskeletal disorders,95,47.39532453219966,57.09069600071366,33.84559645430266
Both,Musculoskeletal disorders,96,51.71672748445969,62.89788000724635,36.85210995327339
Both,Musculoskeletal disorders,97,56.29306266616655,69.09925289592043,40.04223722641917
Both,Musculoskeletal disorders,98,56.29306266616655,69.09925289592043,40.04223722641917
Both,Musculoskeletal disorders,99,56.29306266616655,69.09925289592043,40.04223722641917
Both,Musculoskeletal disorders,100,56.29306266616655,69.09925289592043,40.04223722641917
Both,Neoplasms,0,2.9218563417355745,3.1470078170337583,2.645400854607292
Both,Neoplasms,1,2.802856132430031,3.0220802765406023,2.544805052847283
Both,Neoplasms,2,2.5913148960912964,2.7997937859618345,2.3661607964099693
Both,Neoplasms,3,2.467434511548989,2.666189438512993,2.265414773165667
Both,Neoplasms,4,2.4135273385365927,2.603216222809637,2.226919133740008
Both,Neoplasms,5,2.3717578942546655,2.5537169151662975,2.1976904516960025
Both,Neoplasms,6,2.344762745423766,2.5213410242352734,2.1791274859390044
Both,Neoplasms,7,2.3351784587644535,2.509738058668866,2.172628995374371
Both,Neoplasms,8,2.3419352472130974,2.5157863762587227,2.1805365682697873
Both,Neoplasms,9,2.3609740539871185,2.5329433310832066,2.202594212862476
Both,Neoplasms,10,2.390447541228652,2.559726926224687,2.236304318012099
Both,Neoplasms,11,2.4285083710798316,2.5946551647655336,2.279169272578317
Both,Neoplasms,12,2.473309205682793,2.6362460497881166,2.328691465420791
Both,Neoplasms,13,2.566070469060859,2.7309376694250465,2.419241108470489
Both,Neoplasms,14,2.728662875169368,2.903415382708747,2.5691217866112575
Both,Neoplasms,15,2.9302145210484802,3.1195680990713033,2.7517359481320725
Both,Neoplasms,16,3.1398535037383533,3.3452847279448026,2.94048604132191
Both,Neoplasms,17,3.326707920279146,3.5464541787613304,3.1087745144697467
Both,Neoplasms,18,3.477490780747872,3.7087126195771187,3.244464839434165
Both,Neoplasms,19,3.612852236459191,3.854844507397731,3.3654031301661727
Both,Neoplasms,20,3.7528260963097315,4.0064611850792495,3.489965798093385
Both,Neoplasms,21,3.917446169196123,4.185173995477759,3.6365292546434156
Both,Neoplasms,22,4.126746264014994,4.412594281449342,3.82346991124388
Both,Neoplasms,23,4.416461641175398,4.729085507419667,4.082588895017694
Both,Neoplasms,24,4.803261973191443,5.153862305032126,4.428867744715932
Both,Neoplasms,25,5.278582687117345,5.676812767969386,4.855453489208453
Both,Neoplasms,26,5.833859210007315,6.287824989914123,5.355493157365113
Both,Neoplasms,27,6.460526968915564,6.976787064549004,5.922133778055771
Both,Neoplasms,28,7.242089432678598,7.840465529672499,6.6339893821886475
Both,Neoplasms,29,8.238494227739055,8.945152722224751,7.547995533867533
Both,Neoplasms,30,9.40584301756036,10.23502543460095,8.624781561755631
Both,Neoplasms,31,10.700237465605932,11.654260459196273,9.82497679451615
Both,Neoplasms,32,12.077779235339197,13.147034588405914,11.1092105608123
Both,Neoplasms,33,13.562230921285112,14.721633774838738,12.508107448681526
Both,Neoplasms,34,15.22035921367088,16.447312378497493,14.087834830806166
Both,Neoplasms,35,17.07277191951329,18.35969980286818,15.862336212816748
Both,Neoplasms,36,19.14007684582914,20.494425451436804,17.845555100343795
Both,Neoplasms,37,21.442881799635213,22.88711872768936,20.05143499901785
Both,Neoplasms,38,24.120820689483004,25.698313857935048,22.61426514969293
Both,Neoplasms,39,27.253393131577504,29.00491354554218,25.6154343933014
Both,Neoplasms,40,30.771005494415736,32.717099909585414,28.989535635591306
Both,Neoplasms,41,34.604064146494736,36.745055069139426,32.67116178231067
Both,Neoplasms,42,38.682975456311546,40.99896114327887,36.59490573920753
Both,Neoplasms,43,42.99202450669599,45.443041467444,40.74881566077693
Both,Neoplasms,44,47.6561832706236,50.20741557761692,45.25516355374544
Both,Neoplasms,45,52.81688845180991,55.45110989368512,50.2498781022084
Both,Neoplasms,46,58.615576753970466,61.3331508355361,55.86888799026118
Both,Neoplasms,47,65.19368488082081,68.01256482305733,62.2481219019991
Both,Neoplasms,48,73.00993644427545,75.93561007623083,69.83872432793183
Both,Neoplasms,49,82.29698336392711,85.32147932872127,78.87435918707912
Both,Neoplasms,50,92.85715480500868,95.98860077094007,89.16473430630151
Both,Neoplasms,51,104.49277993275298,107.75540259329868,100.5195575124595
Both,Neoplasms,52,117.00618791239287,120.44031298620855,112.7485366324136
Both,Neoplasms,53,130.75818126032775,134.4309855510669,126.252025568913
Both,Neoplasms,54,146.20560473608646,150.19072629465686,141.4866095434279
Both,Neoplasms,55,163.29485086959616,167.65144201546872,158.3463433609004
Both,Neoplasms,56,181.9723121907841,186.74503951199293,176.7252818262725
Both,Neoplasms,57,202.1843812295774,207.40342558271973,196.51747974448628
Both,Neoplasms,58,225.07862748865946,230.76862835127014,218.86391337285428
Both,Neoplasms,59,251.16104657473352,257.3709428788684,244.25723012488757
Both,Neoplasms,60,279.4156701737565,286.22467637040984,271.6189915398259
Both,Neoplasms,61,308.8265299716855,316.3441360307897,299.8707591569091
Both,Neoplasms,62,338.3776576544772,346.7436290649034,327.93409451537724
Both,Neoplasms,63,368.0204870849178,377.4010726148746,355.63049357139005
Both,Neoplasms,64,398.4986576241618,409.0596155591182,383.7071096456671
Both,Neoplasms,65,429.98450920571923,441.8814127069664,412.47399032428757
Both,Neoplasms,66,462.65038176309986,476.02861886775145,442.2411831933306
Both,Neoplasms,67,496.66861522981384,511.6633888508054,473.3187358388752
Both,Neoplasms,68,531.5620907694599,548.2658574833542,505.36592830045976
Both,Neoplasms,69,567.3499385230814,585.8889925119308,538.2917699612658
Both,Neoplasms,70,604.9488718903544,625.5541981248284,572.7809024228378
Both,Neoplasms,71,645.2756042709552,668.2828785103393,609.5179672867202
Both,Neoplasms,72,689.2468490645603,715.0964378567568,649.1876061544573
Both,Neoplasms,73,737.938537889617,767.0033795110568,693.4112313495325
Both,Neoplasms,74,791.483197542983,824.2230156519727,742.2612780878566
Both,Neoplasms,75,849.382434191949,886.5929637154329,794.0989223096147
Both,Neoplasms,76,911.1378540038056,953.9508411373658,847.2853399549921
Both,Neoplasms,77,976.251063145844,1026.1342653537,900.1817069641746
Both,Neoplasms,78,1046.4204100611666,1106.0248031513481,952.9121676666168
Both,Neoplasms,79,1122.6847624612947,1194.9509274684888,1006.6026792916851
Both,Neoplasms,80,1203.556505416146,1290.4206149679494,1061.1171371294324
Both,Neoplasms,81,1287.5480239956394,1389.9418423125567,1116.319436469911
Both,Neoplasms,82,1373.171703269693,1491.0225861651386,1172.073472603173
Both,Neoplasms,83,1460.9451951284716,1594.224420648601,1227.6309139732107
Both,Neoplasms,84,1552.0965947929903,1701.5140791926094,1283.1020514840916
Both,Neoplasms,85,1646.2039523294436,1812.5072774201285,1339.6387141159817
Both,Neoplasms,86,1742.8453178040245,1926.8197309541235,1398.392730849047
Both,Neoplasms,87,1841.5987412829272,2044.0671554175592,1460.515930663454
Both,Neoplasms,88,1953.1020329412802,2174.8945827219163,1538.7586834332733
Both,Neoplasms,89,2077.7997775373533,2319.8062635684137,1632.6836059397538
Both,Neoplasms,90,2199.980187012051,2463.206741764623,1723.6608975238257
Both,Neoplasms,91,2303.931473306279,2589.500561118116,1793.060757526421
Both,Neoplasms,92,2373.941848360942,2683.0922654364645,1822.2533852884712
Both,Neoplasms,93,2420.562058959092,2753.467817535229,1824.8597524786371
Both,Neoplasms,94,2462.6033344722127,2817.7998759347624,1826.9113459268337
Both,Neoplasms,95,2496.7446107238543,2872.0230279998245,1828.3941377158735
Both,Neoplasms,96,2519.664823537569,2912.0718610951744,1829.2940999285684
Both,Neoplasms,97,2528.0429087369066,2933.880962585573,1829.5972046477302
Both,Neoplasms,98,2528.0429087369066,2933.880962585573,1829.5972046477305
Both,Neoplasms,99,2528.0429087369066,2933.880962585573,1829.5972046477305
Both,Neoplasms,100,2528.0429087369066,2933.880962585573,1829.5972046477305
Both,Neurological disorders,0,5.671128133384779,6.458514897791137,4.902932337539117
Both,Neurological disorders,1,4.402942575635216,5.008260777673183,3.8172781015862247
Both,Neurological disorders,2,2.152628054490862,2.4347997877358214,1.890928710322979
Both,Neurological disorders,3,1.0685294786511568,1.1993226568018147,0.9584281259860664
Both,Neurological disorders,4,0.9062187256106498,1.0209671823019555,0.8119144812613104
Both,Neurological disorders,5,0.792323133592685,0.8960170537895434,0.7088704143131845
Both,Neurological disorders,6,0.7251944770884032,0.8224961397746847,0.6479967226432006
Both,Neurological disorders,7,0.7031845305889448,0.7984283087674858,0.6279942037528701
Both,Neurological disorders,8,0.7137100438338375,0.8109527032327344,0.6371153419303951
Both,Neurological disorders,9,0.7421022512442287,0.8445821901913417,0.6617539358846859
Both,Neurological disorders,10,0.7835846543336873,0.8934012249876,0.6978227547483159
Both,Neurological disorders,11,0.8333807546157828,0.9514942629658018,0.7412345676538589
Both,Neurological disorders,12,0.8867140536040846,1.012945759470239,0.7879021437338882
Both,Neurological disorders,13,0.958926813675253,1.0929979446802423,0.8520613334314164
Both,Neurological disorders,14,1.0588785259991897,1.2010027880031502,0.9416875609511033
Both,Neurological disorders,15,1.1720685352793254,1.3222093536252681,1.0433029560679936
Both,Neurological disorders,16,1.2839961862190914,1.4418667057328995,1.1434296485571318
Both,Neurological disorders,17,1.380160823521918,1.5452239085123505,1.228589768193563
Both,Neurological disorders,18,1.463738879107033,1.6344673610547944,1.3014947255752642
Both,Neurological disorders,19,1.5452128783441357,1.72028347657152,1.3719973582077252
Both,Neurological disorders,20,1.6210413061123645,1.8006713404290027,1.4373319362272574
Both,Neurological disorders,21,1.6876826472908597,1.873630037993718,1.494732729770173
Both,Neurological disorders,22,1.7415953867587597,1.937158654632141,1.5414340089727836
Both,Neurological disorders,23,1.7814884189387055,1.9888977637050143,1.5762232831580423
Both,Neurological disorders,24,1.8124590193817456,2.0318428019240438,1.6032588893371842
Both,Neurological disorders,25,1.8405482446596304,2.072025149682154,1.6278313391789443
Both,Neurological disorders,26,1.8717971513441094,2.1154761873722654,1.6552311443520573
Both,Neurological disorders,27,1.9122467960069336,2.1682272953873043,1.690748816525259
Both,Neurological disorders,28,1.96733493549861,2.2337211917453828,1.7390001869787173
Both,Neurological disorders,29,2.0361907653201246,2.3100472625117003,1.7993240428618442
Both,Neurological disorders,30,2.1153925000189435,2.3952068901498107,1.869095329647242
Both,Neurological disorders,31,2.201518354142535,2.4872014571232652,1.9456889928075118
Both,Neurological disorders,32,2.2911465422383643,2.5840323458956163,2.026479977815256
Both,Neurological disorders,33,2.382590689849249,2.683674489732166,2.110747914013307
Both,Neurological disorders,34,2.47949567497951,2.7888647044997272,2.2019343322631775
Both,Neurological disorders,35,2.586436590868875,2.904747196564119,2.303657030315486
Both,Neurological disorders,36,2.7079885307570715,3.036466172291159,2.419533805920853
Both,Neurological disorders,37,2.8487265878838266,3.1891658380466663,2.5531824568298984
Both,Neurological disorders,38,3.0227455983057583,3.3757570852223258,2.719167554909215
Both,Neurological disorders,39,3.236140883975135,3.602792642530922,2.923888418636315
Both,Neurological disorders,40,3.4814882669751603,3.865879472319924,3.158714965678194
Both,Neurological disorders,41,3.751363569389037,4.160624536936801,3.4150171137018503
Both,Neurological disorders,42,4.0383426132999665,4.4826347987290225,3.68416478037428
Both,Neurological disorders,43,4.341893714168761,4.830860527402403,3.967316316721519
Both,Neurological disorders,44,4.673617983654515,5.220670723093393,4.275037588449315
Both,Neurological disorders,45,5.044290438137861,5.672300443795416,4.612809785244231
Both,Neurological disorders,46,5.464686093999428,6.205984747501897,4.9861140967928295
Both,Neurological disorders,47,5.945579967619847,6.841958692206256,5.400431712781673
Both,Neurological disorders,48,6.516079904064739,7.679082441370891,5.8672010279152556
Both,Neurological disorders,49,7.197638040708651,8.782762010050835,6.39673307265832
Both,Neurological disorders,50,7.989545832395609,10.123051233628457,6.992817990337806
Both,Neurological disorders,51,8.891094733969636,11.670003947486132,7.659245924280658
Both,Neurological disorders,52,9.901576200274755,13.39367398700623,8.399807017813812
Both,Neurological disorders,53,11.068469946232915,15.3953696622716,9.238936782937756
Both,Neurological disorders,54,12.450050829915968,17.81318885384683,10.204566849207954
Both,Neurological disorders,55,14.061803020892777,20.672369752836875,11.305731536283814
Both,Neurological disorders,56,15.919210688732223,23.998150550346704,12.551465163824746
Both,Neurological disorders,57,18.037758003003177,27.815769437481286,13.95080205149016
Both,Neurological disorders,58,20.621674094368462,32.50743007611446,15.60520814926199
Both,Neurological disorders,59,23.817878399236893,38.388734752231706,17.58211766265956
Both,Neurological disorders,60,27.55589054579633,45.3850195931054,19.83951729464834
Both,Neurological disorders,61,31.765230162234634,53.42162072600795,22.33539374819381
Both,Neurological disorders,62,36.375416876739656,62.423874278211755,25.027733726261445
Both,Neurological disorders,63,41.57195896447346,73.25543733045372,27.9482368512397
Both,Neurological disorders,64,47.59862463395649,86.55420062166935,31.201063133676957
Both,Neurological disorders,65,54.47232341341416,101.90685076642916,34.852889858778624
Both,Neurological disorders,66,62.20996483107188,118.9000743793035,38.9703943117501
Both,Neurological disorders,67,70.8284584151551,137.1205580748628,43.62025377779677
Both,Neurological disorders,68,80.56005698789973,156.52133511988248,48.97824211248085
Both,Neurological disorders,69,91.79428376322025,177.88285477374436,55.23807714123924
Both,Neurological disorders,70,104.78395385685987,202.03292763992854,62.493352104089404
Both,Neurological disorders,71,119.78188238456187,229.79936432191514,70.83766024104881
Both,Neurological disorders,72,137.04088446206944,262.00997542318424,80.36459479213492
Both,Neurological disorders,73,157.40317871431714,299.80803793658777,91.67168810545141
Both,Neurological disorders,74,182.06665382673435,345.12575264777615,105.38631879358367
Both,Neurological disorders,75,211.81763000580673,399.9743158494275,121.6468494932717
Both,Neurological disorders,76,247.44242745801978,466.36492383421995,140.59164284125563
Both,Neurological disorders,77,289.7273663898591,546.3087728948315,162.35906147427548
Both,Neurological disorders,78,348.3785921200322,660.6019168868902,190.32560130137148
Both,Neurological disorders,79,429.06528994085016,822.0652959566848,226.34591422395027
Both,Neurological disorders,80,526.5183400192044,1020.7474358328853,268.2755968673014
Both,Neurological disorders,81,635.4686225219864,1246.696862244161,313.9702458567143
Both,Neurological disorders,82,750.6470176160873,1489.962100919181,361.2854578174787
Both,Neurological disorders,83,874.9582748910499,1763.4927141494245,410.70608161434313
Both,Neurological disorders,84,1015.412186593449,2085.051944408475,464.38494295628215
Both,Neurological disorders,85,1172.8971968757246,2451.9088376981595,522.6796037349234
Both,Neurological disorders,86,1348.3017498903166,2861.3324400203055,585.9476258418949
Both,Neurological disorders,87,1542.514289789665,3310.5917973767405,654.5465711688246
Both,Neurological disorders,88,1764.470132832389,3820.4022040551604,731.5879406009707
Both,Neurological disorders,89,2020.928727997372,4409.270404574765,818.2452482000822
Both,Neurological disorders,90,2309.514718517454,5071.152620284636,911.9690756225228
Both,Neurological disorders,91,2627.8527476254717,5800.005072533853,1010.210004524656
Both,Neurological disorders,92,2973.5674585542633,6589.783982671497,1110.4186165628455
Both,Neurological disorders,93,3360.3880354903395,7470.416080584509,1213.1689135853799
Both,Neurological disorders,94,3799.7046097450275,8467.306787673697,1320.570509141556
Both,Neurological disorders,95,4285.633245238396,9567.630362558946,1432.3774024392499
Both,Neurological disorders,96,4812.290005890512,10758.561063860136,1548.3435926863385
Both,Neurological disorders,97,5373.790955621441,12027.27315019715,1668.2230790906983
Both,Neurological disorders,98,5373.790955621441,12027.273150197148,1668.223079090698
Both,Neurological disorders,99,5373.790955621441,12027.273150197148,1668.223079090698
Both,Neurological disorders,100,5373.790955621441,12027.273150197148,1668.223079090698
Both,Other non-communicable diseases,0,180.34444653683025,203.94509862947584,163.52931153702792
Both,Other non-communicable diseases,1,130.83232407224912,148.07640290653703,118.5713840119786
Both,Other non-communicable diseases,2,42.88091724059164,48.83680386057527,38.70841451471185
Both,Other non-communicable diseases,3,3.797714476743315,4.653065359971488,3.255554753292343
Both,Other non-communicable diseases,4,2.9387115847648984,3.5503988307606886,2.534493440806843
Both,Other non-communicable diseases,5,2.3581990389759944,2.8099666939425134,2.047048502206333
Both,Other non-communicable diseases,6,2.028922770128332,2.3862602565279736,1.7709285537726676
Both,Other non-communicable diseases,7,1.9236287089736408,2.2337708255280804,1.6838422117877003
Both,Other non-communicable diseases,8,1.9215012349539422,2.2054956447552114,1.685643462583939
Both,Other non-communicable diseases,9,1.9198809326518478,2.1842323304384292,1.6900314015777629
Both,Other non-communicable diseases,10,1.9187480405299726,2.1691727482137746,1.6954823086768347
Both,Other non-communicable diseases,11,1.9180827970509302,2.1595087637172865,1.7004724637888162
Both,Other non-communicable diseases,12,1.9178654406773352,2.154432242585006,1.70347814682137
Both,Other non-communicable diseases,13,1.9182386296717489,2.1516008491892866,1.7046318782720096
Both,Other non-communicable diseases,14,1.9193452049946984,2.149262968810579,1.7053189487060778
Both,Other non-communicable diseases,15,1.9211656791557468,2.147496548447076,1.7058947931329806
Both,Other non-communicable diseases,16,1.9236805646644566,2.1463795350969677,1.706714846562124
Both,Other non-communicable diseases,17,1.9268703740303907,2.145989875758444,1.7081345440029134
Both,Other non-communicable diseases,18,1.9541246068399512,2.1734213848170727,1.7315673426817617
Both,Other non-communicable diseases,19,2.0200264559016325,2.2454943831569327,1.790165564266447
Both,Other non-communicable diseases,20,2.111346973558135,2.346876577523984,1.871892940428424
Both,Other non-communicable diseases,21,2.2148572121521624,2.4622356746641887,1.9647132028391476
Both,Other non-communicable diseases,22,2.317328224026414,2.576239381323506,2.056590083170073
Both,Other non-communicable diseases,23,2.42209150765849,2.6932515828348906,2.150571903464698
Both,Other non-communicable diseases,24,2.540546856049305,2.8265699979309487,2.25709381280012
Both,Other non-communicable diseases,25,2.671567763326534,2.974263083457121,2.3751997833981875
Both,Other non-communicable diseases,26,2.814027723617851,3.1343992962588456,2.5039337874807526
Both,Other non-communicable diseases,27,2.9668002310509305,3.3050470931815643,2.6423397972696647
Both,Other non-communicable diseases,28,3.13417920286612,3.4912610308482486,2.794476953391442
Both,Other non-communicable diseases,29,3.319908784634877,3.697322504039963,2.9638904340091927
Both,Other non-communicable diseases,30,3.5220378129815417,3.920140226839284,3.148853267649653
Both,Other non-communicable diseases,31,3.738615124530456,4.156622913328791,3.3476384828395584
Both,Other non-communicable diseases,32,3.967689555905959,4.40367927759106,3.558519108105646
Both,Other non-communicable diseases,33,4.211152855998234,4.661227690577208,3.7829488957414976
Both,Other non-communicable diseases,34,4.473178481542117,4.933450187833586,4.025001435845089
Both,Other non-communicable diseases,35,4.755237830928933,5.223650980335616,4.286879513649749
Both,Other non-communicable diseases,36,5.0588023025500055,5.535134279058723,4.570785914388807
Both,Other non-communicable diseases,37,5.385343294796661,5.87120429497833,4.87892342329559
Both,Other non-communicable diseases,38,5.750352535867408,6.247812681468819,5.229502113671749
Both,Other non-communicable diseases,39,6.158141407166542,6.668029726194688,5.627305866499072
Both,Other non-communicable diseases,40,6.593410786894051,7.115837591566542,6.054398178531104
Both,Other non-communicable diseases,41,7.040861553249932,7.575218439994992,6.492842546521379
Both,Other non-communicable diseases,42,7.485194584434172,8.03015443389064,6.924702467223437
Both,Other non-communicable diseases,43,7.9130619862870795,8.466760783326027,7.3351169731189385
Both,Other non-communicable diseases,44,8.33497484630939,8.895949459267804,7.7362261303699915
Both,Other non-communicable diseases,45,8.771422515191743,9.338897765467758,8.150594986250814
Both,Other non-communicable diseases,46,9.242894343624773,9.816783005677665,8.600788588035623
Both,Other non-communicable diseases,47,9.76987968229912,10.350782483649311,9.109371982998637
Both,Other non-communicable diseases,48,10.3544287289683,10.94201288843412,9.68416543667995
Both,Other non-communicable diseases,49,10.995312670160837,11.588633186388806,10.3244218167273
Both,Other non-communicable diseases,50,11.708102339729894,12.30738409722308,11.039855073576378
Both,Other non-communicable diseases,51,12.50836857152863,13.115006340646651,11.84017915766287
Both,Other non-communicable diseases,52,13.4116821994102,14.028240636369231,12.735108019422457
Both,Other non-communicable diseases,53,14.50603951490622,15.135160386612773,13.802474277415607
Both,Other non-communicable diseases,54,15.824281510949977,16.469267536090058,15.074264226366552
Both,Other non-communicable diseases,55,17.299246073497137,17.965445618247028,16.491422330956627
Both,Other non-communicable diseases,56,18.86377108850337,19.558578166529642,17.99489305586717
Both,Other non-communicable diseases,57,20.450694441924337,21.18354871438385,19.52562086577951
Both,Other non-communicable diseases,58,22.07737836315513,22.86263384050088,21.111022609462445
Both,Other non-communicable diseases,59,23.7976957740384,24.650633673208187,22.79978272157969
Both,Other non-communicable diseases,60,25.59925059920116,26.531217070406058,24.564747045654933
Both,Other non-communicable diseases,61,27.46964676327042,28.488052889994773,26.37876142521187
Both,Other non-communicable diseases,62,29.396488190873185,30.504809989874623,28.2146717037742
Both,Other non-communicable diseases,63,31.346027424521836,32.54712328700695,30.026537355084912
Both,Other non-communicable diseases,64,33.33296106437309,34.633309356255594,31.834903268245053
Both,Other non-communicable diseases,65,35.417559121520426,36.82605954237466,33.71234340981539
Both,Other non-communicable diseases,66,37.66009160705741,39.18806519011822,35.731431746356684
Both,Other non-communicable diseases,67,40.12082853207754,41.782017644240355,37.964742244429715
Both,Other non-communicable diseases,68,42.76073664085427,44.56089161298232,40.388462930964735
Both,Other non-communicable diseases,69,45.58624812761746,47.533674863389386,42.998991790610944
Both,Other non-communicable diseases,70,48.72583117839518,50.847078328421624,45.89921772650753
Both,Other non-communicable diseases,71,52.30795397921553,54.647812941039135,49.19202964179367
Both,Other non-communicable diseases,72,56.46108471610658,59.08258963420198,52.98031643960857
Both,Other non-communicable diseases,73,61.58205164505662,64.61104566734261,57.64232414288651
Both,Other non-communicable diseases,74,67.87184852273916,71.47453868733518,63.34478689831946
Both,Other non-communicable diseases,75,75.16519178621017,79.49236020830236,69.87332579468313
Both,Other non-communicable diseases,76,83.29679787252557,88.48380174436674,77.01356192075322
Both,Other non-communicable diseases,77,92.10138321874136,98.26815480965102,84.55111636530546
Both,Other non-communicable diseases,78,101.82247787321707,109.20375458262674,92.59274906146605
Both,Other non-communicable diseases,79,112.8668550681397,121.78662349934025,101.42837876736594
Both,Other non-communicable diseases,80,125.31409601630631,136.04258396027635,111.11836480928798
Both,Other non-communicable diseases,81,139.24378193051405,151.9974583659199,121.72306651351502
Both,Other non-communicable diseases,82,154.73549402356002,169.67706911675566,133.3028432063299
Both,Other non-communicable diseases,83,172.49701544107108,189.80361452810155,145.94147917858106
Both,Other non-communicable diseases,84,193.12553611025763,213.08784216228,159.89344924123085
Both,Other non-communicable diseases,85,216.5347474162919,239.53839829028263,175.47514850073284
Both,Other non-communicable diseases,86,242.6383407443463,269.1639291831011,193.00297206354082
Both,Other non-communicable diseases,87,271.35000747959316,301.97308111172697,212.7933150361084
Both,Other non-communicable diseases,88,304.59248587745725,340.3121508450127,237.07370266832297
Both,Other non-communicable diseases,89,343.48963723224034,385.5390001876525,266.61030850046205
Both,Other non-communicable diseases,90,386.75683748742995,436.17962296440066,299.5275000745646
Both,Other non-communicable diseases,91,433.10946258651376,490.76001300001167,333.9496449326693
Both,Other non-communicable diseases,92,481.2628884729794,547.8061641192397,368.0011106168151
Both,Other non-communicable diseases,93,531.916411416513,608.3445983845623,401.77581553603795
Both,Other non-communicable diseases,94,586.4259447902797,674.0912166241033,436.5912659068616
Both,Other non-communicable diseases,95,644.4917901929854,744.6060808110863,472.40721098255636
Both,Other non-communicable diseases,96,705.8142492233359,819.4492529187357,509.1834000163924
Both,Other non-communicable diseases,97,770.0936234800372,898.1807949202754,546.8795822616398
Both,Other non-communicable diseases,98,770.0936234800371,898.1807949202754,546.8795822616399
Both,Other non-communicable diseases,99,770.0936234800371,898.1807949202754,546.8795822616399
Both,Other non-communicable diseases,100,770.0936234800371,898.1807949202754,546.8795822616399
Both,Skin and subcutaneous diseases,0,0.3244165769808058,0.3897086833840075,0.2788008906631743
Both,Skin and subcutaneous diseases,1,0.23933484483758372,0.28737836827551094,0.20577412753078578
Both,Skin and subcutaneous diseases,2,0.08823478193487061,0.10564363123151754,0.07608644632943418
Both,Skin and subcutaneous diseases,3,0.0201587257285639,0.0238260975010177,0.0175618805421351
Both,Skin and subcutaneous diseases,4,0.017145903326224576,0.020302536920026672,0.014817980023569969
Both,Skin and subcutaneous diseases,5,0.015095770900534624,0.017905655547988626,0.01294947528241563
Both,Skin and subcutaneous diseases,6,0.013926037870894008,0.016538572619439466,0.011882523695047623
Both,Skin and subcutaneous diseases,7,0.0135544136567027,0.0161044073689151,0.0115432826378415
Both,Skin and subcutaneous diseases,8,0.013761606558480069,0.016349652754316095,0.011724000824522504
Both,Skin and subcutaneous diseases,9,0.014316446888675572,0.017007631982337387,0.012205113856523933
Both,Skin and subcutaneous diseases,10,0.015118827084584311,0.01796170966070643,0.012895059441783423
Both,Skin and subcutaneous diseases,11,0.01606863958350139,0.01909525039715068,0.013702275288238601
Both,Skin and subcutaneous diseases,12,0.0170657768227219,0.0202916187993976,0.0145351991038271
Both,Skin and subcutaneous diseases,13,0.01818404112211549,0.021663937543052764,0.01542190825633419
Both,Skin and subcutaneous diseases,14,0.019568149346868947,0.02339163438372337,0.01647275808032983
Both,Skin and subcutaneous diseases,15,0.021224365752253074,0.02545753154913934,0.017719603233928686
Both,Skin and subcutaneous diseases,16,0.02315895459353869,0.02784445126703058,0.01919429837524542
Both,Skin and subcutaneous diseases,17,0.0253781801259966,0.030535215765127,0.0209286981623947
Both,Skin and subcutaneous diseases,18,0.028006807591261493,0.033600785778127334,0.023095764085039307
Both,Skin and subcutaneous diseases,19,0.0312452163733082,0.037249784342235706,0.025882555107626878
Both,Skin and subcutaneous diseases,20,0.03521309194091771,0.04167152713744007,0.029342072100449337
Both,Skin and subcutaneous diseases,21,0.04003011976287104,0.047055329843728406,0.03352731593379864
Both,Skin and subcutaneous diseases,22,0.0458159853079492,0.0535905081410887,0.0384912874779667
Both,Skin and subcutaneous diseases,23,0.05418710126644648,0.06324815321057323,0.04548326576317897
Both,Skin and subcutaneous diseases,24,0.06612323451609675,0.07718487788035762,0.05530319980899622
Both,Skin and subcutaneous diseases,25,0.08078910180684042,0.0943682803011148,0.06733009546971334
Both,Skin and subcutaneous diseases,26,0.09734941988861788,0.11376595862351767,0.08094295859962526
Both,Skin and subcutaneous diseases,27,0.1149689055113695,0.1343455109982392,0.0955207950530269
Both,Skin and subcutaneous diseases,28,0.13489214889344323,0.15755367438750909,0.11216401172039091
Both,Skin and subcutaneous diseases,29,0.15834285692575797,0.18484064133853867,0.13188394148603774
Both,Skin and subcutaneous diseases,30,0.18445442136711077,0.21517919337947317,0.1539259791950339
Both,Skin and subcutaneous diseases,31,0.21236023397629852,0.24754211203845786,0.17753551969244585
Both,Skin and subcutaneous diseases,32,0.2411936865121182,0.2809021788436379,0.2019579578233402
Both,Skin and subcutaneous diseases,33,0.27086218692286523,0.31502079493726814,0.22721593833190412
Both,Skin and subcutaneous diseases,34,0.302207208436613,0.3508644724533684,0.2540530883172474
Both,Skin and subcutaneous diseases,35,0.33576324073182456,0.38921365940773084,0.2827962761568207
Both,Skin and subcutaneous diseases,36,0.3720647734869637,0.4308488038161478,0.31377237022807447
Both,Skin and subcutaneous diseases,37,0.4116462963804939,0.4765503536944118,0.3473082389084592
Both,Skin and subcutaneous diseases,38,0.4560632770122535,0.5283851113339895,0.3843819800823487
Both,Skin and subcutaneous diseases,39,0.5057573140977456,0.5868715304107553,0.42536627214322975
Both,Skin and subcutaneous diseases,40,0.5595920939889306,0.6504675360171127,0.4696798542322225
Both,Skin and subcutaneous diseases,41,0.6164313030377683,0.7176310532454654,0.5167414654904471
Both,Skin and subcutaneous diseases,42,0.6751386275962192,0.7868200071882172,0.5659698450590234
Both,Skin and subcutaneous diseases,43,0.7351400111012296,0.8578447640905827,0.6169500722135784
Both,Skin and subcutaneous diseases,44,0.797566583339041,0.9321616973043595,0.6705063952843091
Both,Skin and subcutaneous diseases,45,0.8638398101855563,1.0106977425818242,0.7279163069941909
Both,Skin and subcutaneous diseases,46,0.9353811575166787,1.0943798356752543,0.7904573000661985
Both,Skin and subcutaneous diseases,47,1.013612091208311,1.1841349123369265,0.8594068672233074
Both,Skin and subcutaneous diseases,48,1.0995733209218355,1.2796643449326597,0.9363858156320141
Both,Skin and subcutaneous diseases,49,1.193862478518567,1.381480336773012,1.0222658448265889
Both,Skin and subcutaneous diseases,50,1.29723641317431,1.4917260700273702,1.1172007860816684
Both,Skin and subcutaneous diseases,51,1.4104519740648669,1.6125447268651216,1.221344470671889
Both,Skin and subcutaneous diseases,52,1.534266010366042,1.7460794894556524,1.3348507298718866
Both,Skin and subcutaneous diseases,53,1.6743162334300408,1.8993259202170432,1.4629705281392593
Both,Skin and subcutaneous diseases,54,1.833326599217375,2.0746393167868002,1.608581207811136
Both,Skin and subcutaneous diseases,55,2.0076833238163085,2.2672024641634496,1.7682761669814477
Both,Skin and subcutaneous diseases,56,2.1937726233151036,2.472198147345516,1.9386488037441272
Both,Skin and subcutaneous diseases,57,2.3879807138020244,2.6848091513315273,2.1162925161931057
Both,Skin and subcutaneous diseases,58,2.5961039946196522,2.9101286957863564,2.3060217071996227
Both,Skin and subcutaneous diseases,59,2.8224702963956747,3.153192073623299,2.5118262856653373
Both,Skin and subcutaneous diseases,60,3.061262982146015,3.4090951797135123,2.7290629087298104
Both,Skin and subcutaneous diseases,61,3.3066654148865933,3.6729339089281536,2.953088233532602
Both,Skin and subcutaneous diseases,62,3.552860957633333,3.939804156138381,3.1792589172132737
Both,Skin and subcutaneous diseases,63,3.789974305786923,4.198591273762114,3.4001563248861513
Both,Skin and subcutaneous diseases,64,4.022129682749861,4.452986579862976,3.61922023516056
Both,Skin and subcutaneous diseases,65,4.264509743540787,4.720294917780683,3.848094925418563
Both,Skin and subcutaneous diseases,66,4.532297143178337,5.01782113085495,4.0984246730422225
Both,Skin and subcutaneous diseases,67,4.840674536681149,5.3628700624254915,4.3818537554136014
Both,Skin and subcutaneous diseases,68,5.206024836728148,5.778309750518479,4.709119298511745
Both,Skin and subcutaneous diseases,69,5.631020551244681,6.269236283080294,5.081516266185485
Both,Skin and subcutaneous diseases,70,6.110278728119021,6.82629657833097,5.496525692621564
Both,Skin and subcutaneous diseases,71,6.638416415239437,7.440137554490539,5.951628612006725
Both,Skin and subcutaneous diseases,72,7.2100506604942,8.101406129779033,6.444306058527709
Both,Skin and subcutaneous diseases,73,7.8380295431503,8.82309899846654,6.99067871401749
Both,Skin and subcutaneous diseases,74,8.541503534122915,9.628860071804123,7.6046800246731605
Both,Skin and subcutaneous diseases,75,9.324543268772597,10.525307093483287,8.280510171227634
Both,Skin and subcutaneous diseases,76,10.191219382459897,11.519057807195527,9.01236933441383
Both,Skin and subcutaneous diseases,77,11.145602510545364,12.616729956632344,9.794457694964663
Both,Skin and subcutaneous diseases,78,12.235544077270944,13.872682949605876,10.644766835443331
Both,Skin and subcutaneous diseases,79,13.489758760933107,15.320340436941548,11.580843177166877
Both,Skin and subcutaneous diseases,80,14.88361207797419,16.934916526850785,12.596219158999004
Both,Skin and subcutaneous diseases,81,16.392469544836537,18.691625327545022,13.684427219803405
Both,Skin and subcutaneous diseases,82,17.991696677962484,20.565680947235684,14.838999798443776
Both,Skin and subcutaneous diseases,83,19.675551909291666,22.557829785034222,16.050324659872942
Both,Skin and subcutaneous diseases,84,21.48632532633242,24.72029249916909,17.337718983855478
Both,Skin and subcutaneous diseases,85,23.471429928880134,27.105494586527204,18.738109331472728
Both,Skin and subcutaneous diseases,86,25.67827871673021,29.76586154399551,20.28842226380603
Both,Skin and subcutaneous diseases,87,28.154284689678025,32.753818868460925,22.02558434193672
Both,Skin and subcutaneous diseases,88,31.10400487733956,36.31675912990161,24.105766979338135
Both,Skin and subcutaneous diseases,89,34.593890328142336,40.545225564387174,26.568126003261323
Both,Skin and subcutaneous diseases,90,38.464195070099066,45.25636966794172,29.274064595454234
Both,Skin and subcutaneous diseases,91,42.5551731312225,50.26734293658935,32.084985937664804
Both,Skin and subcutaneous diseases,92,46.70707853952534,55.395296866354165,34.86229321164095
Both,Skin and subcutaneous diseases,93,50.94971343560237,60.691037188208846,37.610983304702124
Both,Skin and subcutaneous diseases,94,55.41086237739376,66.3127527126416,40.42702330091121
Both,Skin and subcutaneous diseases,95,60.07775301893032,72.23866955494987,43.308271677131295
Both,Skin and subcutaneous diseases,96,64.93761301424284,78.44701383043105,46.25258691022548
Both,Skin and subcutaneous diseases,97,69.97767001736217,84.91601165438261,49.25782747705686
Both,Skin and subcutaneous diseases,98,69.97767001736217,84.9160116543826,49.257827477056864
Both,Skin and subcutaneous diseases,99,69.97767001736217,84.9160116543826,49.257827477056864
Both,Skin and subcutaneous diseases,100,69.97767001736217,84.9160116543826,49.257827477056864
Both,Substance use disorders,0,0.0,0.0,0.0
Both,Substance use disorders,1,0.0,0.0,0.0
Both,Substance use disorders,2,0.0,0.0,0.0
Both,Substance use disorders,3,0.0,0.0,0.0
Both,Substance use disorders,4,0.0,0.0,0.0
Both,Substance use disorders,5,0.0,0.0,0.0
Both,Substance use disorders,6,0.0,0.0,0.0
Both,Substance use disorders,7,0.0,0.0,0.0
Both,Substance use disorders,8,0.0,0.0,0.0
Both,Substance use disorders,9,0.0,0.0,0.0
Both,Substance use disorders,10,0.0,0.0,0.0
Both,Substance use disorders,11,0.0,0.0,0.0
Both,Substance use disorders,12,0.0,0.0,0.0
Both,Substance use disorders,13,0.40639880302652404,0.5158207193524124,0.30208968450574436
Both,Substance use disorders,14,1.4957721661137828,1.8941173885473477,1.1154148405448565
Both,Substance use disorders,15,3.0733855202733062,3.881141774291353,2.3005596219001543
Both,Substance use disorders,16,4.944504296516625,6.223145643290976,3.718108182354457
Both,Substance use disorders,17,6.914393925855268,8.666380762252762,5.228644675690583
Both,Substance use disorders,18,9.336128539276793,11.616714720226119,7.124444987891037
Both,Substance use disorders,19,12.500535479971047,15.416195541059952,9.647233717390181
Both,Substance use disorders,20,16.119509997253,19.715345643660058,12.58176808664861
Both,Substance use disorders,21,19.904947340437623,24.164687446932223,15.712805318126923
Both,Substance use disorders,22,23.568742758839875,28.414743369782265,18.825102634285717
Both,Substance use disorders,23,27.178128717666272,32.51886642707096,22.045085513423626
Both,Substance use disorders,24,30.92910564089994,36.71077615511422,25.532411655339864
Both,Substance use disorders,25,34.726720716020814,40.9115447550005,29.121686614745897
Both,Substance use disorders,26,38.47602113050881,45.04224442781829,32.647515946353195
Both,Substance use disorders,27,42.08205407184386,49.02394737465606,35.94450520487322
Both,Substance use disorders,28,45.69843744463396,53.02858650355829,39.12856806933993
Both,Substance use disorders,29,49.392569454408005,57.11410306726618,42.31941596368383
Both,Substance use disorders,30,52.94016774002726,61.03058178391331,45.35735105996118
Both,Substance use disorders,31,56.116949940352974,64.52810737163327,48.08267553022826
Both,Substance use disorders,32,58.69863369424637,67.35676454855958,50.33569154654132
Both,Substance use disorders,33,60.82808935554768,69.64500487267416,52.25069892979553
Both,Substance use disorders,34,62.766697412374285,71.68756358857692,54.022382467471196
Both,Substance use disorders,35,64.46794070500316,73.48395094432837,55.58162178150233
Both,Substance use disorders,36,65.88530207371134,75.03367718798911,56.85929649382289
Both,Substance use disorders,37,66.97226435877575,76.33625256761965,57.786286226366904
Both,Substance use disorders,38,67.87675174200423,77.54694316705303,58.50333298690478
Both,Substance use disorders,39,68.72301919134172,78.72919537316207,59.15953573951708
Both,Substance use disorders,40,69.42904572627087,79.74478988856714,59.69830954060303
Both,Substance use disorders,41,69.91281036627443,80.4555074158886,60.06306944656184
Both,Substance use disorders,42,70.092292130835,80.72312865774678,60.197230513792725
Both,Substance use disorders,43,69.75105832257782,80.35958913750876,59.79093619929283
Both,Substance use disorders,44,68.89279586011665,79.46264815780296,58.77229225936001
Both,Substance use disorders,45,67.76566318691711,78.32282209014168,57.441657199344554
Both,Substance use disorders,46,66.61781874644485,77.23062730603728,56.09938952459679
Both,Substance use disorders,47,65.69742098216545,76.47658017700209,55.045847740467
Both,Substance use disorders,48,65.00524869802777,76.05925569105597,54.239097115804896
Both,Substance use disorders,49,64.3665665567267,75.74187039568912,53.46325748015698
Both,Substance use disorders,50,63.76626178984691,75.46190300161943,52.75776917991881
Both,Substance use disorders,51,63.189221628973094,75.15683221956472,52.16207256148591
Both,Substance use disorders,52,62.62033330568994,74.7641367602429,51.71560797125382
Both,Substance use disorders,53,62.12164230290679,74.29605408352002,51.42907838050012
Both,Substance use disorders,54,61.7019672502763,73.77108222620815,51.2373727878544
Both,Substance use disorders,55,61.266355099498035,73.13609076444423,51.06621058074018
Both,Substance use disorders,56,60.719852802271596,72.33794927436517,50.841311146581
Both,Substance use disorders,57,59.9675073102966,71.3235273321079,50.48839387280038
Both,Substance use disorders,58,58.449382371523946,69.41947912553118,49.43331077757097
Both,Substance use disorders,59,55.937210710603864,66.31467454586004,47.41247547582345
Both,Substance use disorders,60,52.83354274428486,62.49930672428063,44.817449750118385
Both,Substance use disorders,61,49.54092888931547,58.46356879197918,42.03979538301637
Both,Substance use disorders,62,46.46191956244418,54.69765388014188,39.47107415707798
Both,Substance use disorders,63,43.5496466647714,51.14712565371699,37.06819875208397
Both,Substance use disorders,64,40.53281942683277,47.48263911934712,34.56685374578153
Both,Substance use disorders,65,37.47735425952972,43.78202442075999,32.02675876768091
Both,Substance use disorders,66,34.449167573763624,40.12311170168332,29.507633447292328
Both,Substance use disorders,67,31.514175780435927,36.583731105844834,27.069197414126027
Both,Substance use disorders,68,28.516207338747563,32.966528868014244,24.591827955852928
Both,Substance use disorders,69,25.409369792584002,29.216601336220187,22.034094540639618
Both,Substance use disorders,70,22.424998179873413,25.625453824078757,19.57300506873985
Both,Substance use disorders,71,19.794427538543978,22.48459164520605,17.38556744040737
Both,Substance use disorders,72,17.748992906523867,20.08552011321817,15.648789555895949
Both,Substance use disorders,73,16.153509640902875,18.246893995586237,14.274246784179155
Both,Substance use disorders,74,14.732559678891148,16.613875199777308,13.055142920476603
Both,Substance use disorders,75,13.50712792859743,15.217729749401402,11.990928504411073
Both,Substance use disorders,76,12.498199298130446,14.089723668068526,11.081054075605358
Both,Substance use disorders,77,11.72675869559893,13.261122979388697,10.32497017368224
Both,Substance use disorders,78,11.08414672624108,12.603129870869191,9.656296465488738
Both,Substance use disorders,79,10.485548217837826,12.000788497344686,9.034430682756105
Both,Substance use disorders,80,9.987714412311995,11.506127833416286,8.497490462433483
Both,Substance use disorders,81,9.647396551586425,11.171176853685104,8.083593441470015
Both,Substance use disorders,82,9.521345877583938,11.04796453275224,7.83085725681484
Both,Substance use disorders,83,9.528867723813088,11.072953882961615,7.679465998524241
Both,Substance use disorders,84,9.550620319482256,11.142746567784304,7.54904514301112
Both,Substance use disorders,85,9.585384250064015,11.249579538512169,7.446874406759557
Both,Substance use disorders,86,9.631940101030947,11.385689746437059,7.38023350625363
Both,Substance use disorders,87,9.689068457855628,11.543314142850836,7.356402157977414
Both,Substance use disorders,88,9.879941795239635,11.831022510812282,7.456681430180175
Both,Substance use disorders,89,10.269155359852798,12.30904582650952,7.704827034657515
Both,Substance use disorders,90,10.767623895120064,12.897112830928421,8.021800653213024
Both,Substance use disorders,91,11.286262144466386,13.514952265054843,8.328563967650288
Both,Substance use disorders,92,11.73598485131671,14.082292869874657,8.546078659772897
Both,Substance use disorders,93,12.117525087849993,14.599198258710826,8.688547356497168
Both,Substance use disorders,94,12.490796648101236,15.119228042327281,8.818807003465698
Both,Substance use disorders,95,12.855485358279465,15.642354957871316,8.930770760571491
Both,Substance use disorders,96,13.21127704459369,16.168551742490234,9.018351787707555
Both,Substance use disorders,97,13.557857533252935,16.69779113333133,9.0754632447669
Both,Substance use disorders,98,13.557857533252934,16.69779113333133,9.0754632447669
Both,Substance use disorders,99,13.557857533252934,16.69779113333133,9.0754632447669
Both,Substance use disorders,100,13.557857533252934,16.69779113333133,9.0754632447669
Female,Cardiovascular diseases,0,7.022149277053749,8.840470091516316,5.54991906905748
Female,Cardiovascular diseases,1,5.1903275229112005,6.528023061180139,4.106837365360604
Female,Cardiovascular diseases,2,1.9363577270738714,2.4200571364894805,1.5435275505902246
Female,Cardiovascular diseases,3,0.4902071973275413,0.6001223293760444,0.4013477317255264
Female,Cardiovascular diseases,4,0.45812134795754766,0.5690829751280445,0.37116991010871087
Female,Cardiovascular diseases,5,0.43642006731777533,0.5481187450785361,0.3507355294183805
Female,Cardiovascular diseases,6,0.4241202459038134,0.5362549668167377,0.3391390000485624
Female,Cardiovascular diseases,7,0.4202387742112508,0.5325169679318674,0.3354747323932836
Female,Cardiovascular diseases,8,0.43176106691419286,0.5450363884116165,0.3456192978686529
Female,Cardiovascular diseases,9,0.46283886842626804,0.5789589828903885,0.37289102921787304
Female,Cardiovascular diseases,10,0.5082385638523493,0.6288312509274707,0.4125469788256125
Female,Cardiovascular diseases,11,0.5627265382973102,0.6891996920821504,0.4598441990765398
Female,Cardiovascular diseases,12,0.6210691768660238,0.7546108059137147,0.5100397423553232
Female,Cardiovascular diseases,13,0.6923754639432962,0.8371955310449222,0.5699098153073956
Female,Cardiovascular diseases,14,0.7863172613155419,0.9488756156070631,0.6472624927571505
Female,Cardiovascular diseases,15,0.8985052701900473,1.0838837734222226,0.7389026293576968
Female,Cardiovascular diseases,16,1.0245501917740987,1.2364527183124852,0.8416350797621441
Female,Cardiovascular diseases,17,1.1600627272749815,1.400815164099936,0.9522646986236016
Female,Cardiovascular diseases,18,1.3085470597610025,1.5836830537952733,1.0729400526841617
Female,Cardiovascular diseases,19,1.4779286805127658,1.7956836043159023,1.2097574380774727
Female,Cardiovascular diseases,20,1.6704502530560028,2.036922440343969,1.3654433035439786
Female,Cardiovascular diseases,21,1.8883544409164459,2.307505186561619,1.5427240978241228
Female,Cardiovascular diseases,22,2.1338839076198273,2.6075374676509977,1.744326269658349
Female,Cardiovascular diseases,23,2.4190237289030314,2.9458512617373183,1.982900941136528
Female,Cardiovascular diseases,24,2.755466219350605,3.335228292708596,2.269024114359845
Female,Cardiovascular diseases,25,3.145014900759772,3.7816988038911816,2.6023095580857176
Female,Cardiovascular diseases,26,3.589473294927758,4.291293038611423,2.9823710410715636
Female,Cardiovascular diseases,27,4.090644923651787,4.87004124019567,3.4088223320747977
Female,Cardiovascular diseases,28,4.696199793378894,5.5799674947393,3.917535685095943
Female,Cardiovascular diseases,29,5.435435988850546,6.453666300964803,4.533920709675031
Female,Cardiovascular diseases,30,6.282599149305622,7.453023521139201,5.241897207878743
Female,Cardiovascular diseases,31,7.211934913982997,8.53992501752951,6.025384981773758
Female,Cardiovascular diseases,32,8.197688922121548,9.676256652402754,6.86830383342676
Female,Cardiovascular diseases,33,9.240580598386584,10.852277943642605,7.781157462943989
Female,Cardiovascular diseases,34,10.379017488710156,12.111485904215568,8.798485063740495
Female,Cardiovascular diseases,35,11.643777414231247,13.495622639012915,9.940259677846166
Female,Cardiovascular diseases,36,13.065638196088841,15.046430252925916,11.226454347290886
Female,Cardiovascular diseases,37,14.675377655421928,16.80565085084584,12.677042114104545
Female,Cardiovascular diseases,38,16.64302965204921,18.954374753041172,14.438586818361275
Female,Cardiovascular diseases,39,19.027907522473235,21.548441677869597,16.570550299731796
Female,Cardiovascular diseases,40,21.69470830285875,24.441717827356186,18.962252599640863
Female,Cardiovascular diseases,41,24.508129029370494,27.48806940352602,21.50301375951324
Female,Cardiovascular diseases,42,27.332866738173223,30.541362608404164,24.082153820773687
Female,Cardiovascular diseases,43,30.108506714620415,33.540801295892365,26.661392755381545
Female,Cardiovascular diseases,44,32.936562890703584,36.59476019215455,29.33023880474344
Female,Cardiovascular diseases,45,35.92462527254451,39.81086180760909,32.169694414455066
Female,Cardiovascular diseases,46,39.180283866265,43.29672865267435,35.260762030112126
Female,Cardiovascular diseases,47,42.81112867798685,47.159983237768664,38.68444409731029
Female,Cardiovascular diseases,48,46.906395290338644,51.46843981446847,42.50480065436465
Female,Cardiovascular diseases,49,51.49286747130096,56.24158940354887,46.75509140963258
Female,Cardiovascular diseases,50,56.58445750502355,61.51456966922624,51.470118313773256
Female,Cardiovascular diseases,51,62.195077675656165,67.32251827571696,56.68468331744583
Female,Cardiovascular diseases,52,68.33864026734857,73.7005728872374,62.43358837130948
Female,Cardiovascular diseases,53,75.25845660140124,80.88763952259688,68.9999383198996
Female,Cardiovascular diseases,54,83.12583904186981,89.04985694034828,76.54865411036539
Female,Cardiovascular diseases,55,91.84670143703684,98.11321191432313,84.9372618472868
Female,Cardiovascular diseases,56,101.32695763518483,108.00369121835308,94.02328763524378
Female,Cardiovascular diseases,57,111.47252148459629,118.6472816262697,103.66425757881628
Female,Cardiovascular diseases,58,122.66308342331833,130.50479902663832,114.1927587078584
Female,Cardiovascular diseases,59,135.156039888883,143.856113992694,125.86326031442668
Female,Cardiovascular diseases,60,148.6738637288002,158.35579532527288,138.41611189640457
Female,Cardiovascular diseases,61,162.9390277905799,173.6584118252112,151.5916629516756
Female,Cardiovascular diseases,62,177.67400492173206,189.41853229334507,165.13026297812317
Female,Cardiovascular diseases,63,192.3785979349339,205.07956969528382,178.59541755870265
Female,Cardiovascular diseases,64,207.33021392136436,220.9669192068542,192.2258393255243
Female,Cardiovascular diseases,65,223.41773214628608,238.05812294421838,206.77468835020383
Female,Cardiovascular diseases,66,241.53003187496165,257.3307230235388,222.99512470435707
Female,Cardiovascular diseases,67,262.5559923726537,279.7622615609776,241.6403084595998
Female,Cardiovascular diseases,68,287.7518077067072,306.7251526737898,263.5370354932529
Female,Cardiovascular diseases,69,317.7302627846364,338.8994668588679,289.06371450978787
Female,Cardiovascular diseases,70,352.4151231319573,376.2242308018302,318.3009248215462
Female,Cardiovascular diseases,71,391.73015427418574,418.63847118829517,351.32924574086945
Female,Cardiovascular diseases,72,435.5991217368382,466.0812147038816,388.2292565800992
Female,Cardiovascular diseases,73,485.8362161836742,520.4570557698055,430.88790433610836
Female,Cardiovascular diseases,74,544.7873701686638,584.4190213128703,481.0945127977219
Female,Cardiovascular diseases,75,613.1739620526382,659.0287867770751,538.7832264652099
Female,Cardiovascular diseases,76,691.7173701964292,745.348027606419,603.8881898388425
Female,Cardiovascular diseases,77,781.138972960868,844.438419244901,676.3435474188894
Female,Cardiovascular diseases,78,887.8053980409965,965.0432003974192,759.1611855094106
Female,Cardiovascular diseases,79,1017.504072317909,1114.4481691753488,855.8775776270834
Female,Cardiovascular diseases,80,1170.0875729315171,1291.5288401324055,967.213749091105
Female,Cardiovascular diseases,81,1345.4084770217319,1495.160727822304,1093.8907252206718
Female,Cardiovascular diseases,82,1543.3193617284644,1724.2193467987593,1236.629531334981
Female,Cardiovascular diseases,83,1778.1787037597198,1994.9514964698747,1402.9712188595033
Female,Cardiovascular diseases,84,2063.5297777033984,2323.607036703432,1600.7373526259053
Female,Cardiovascular diseases,85,2398.0023575192536,2709.0660727426657,1831.0697280626787
Female,Cardiovascular diseases,86,2780.2262171670386,3150.2087098308066,2095.110140598314
Female,Cardiovascular diseases,87,3208.831130606506,3645.915053211091,2394.0003856613034
Female,Cardiovascular diseases,88,3721.5108541602376,4239.9747332305615,2758.7672165199074
Female,Cardiovascular diseases,89,4345.204083049352,4964.216069546836,3208.512932989693
Female,Cardiovascular diseases,90,5062.407999581414,5799.577201369003,3726.4926503201154
Female,Cardiovascular diseases,91,5855.619786063984,6726.996267906152,4295.961483760628
Female,Cardiovascular diseases,92,6707.336624804625,7727.411408367374,4900.174548560681
Female,Cardiovascular diseases,93,7650.433300467189,8843.524324368243,5558.218229784418
Female,Cardiovascular diseases,94,8720.060347225573,10118.544138542402,6294.888916120877
Female,Cardiovascular diseases,95,9902.128571652416,11534.170121626024,7102.006728256853
Female,Cardiovascular diseases,96,11182.548780320352,13072.101544355299,7971.391786879144
Female,Cardiovascular diseases,97,12547.231779802016,14714.037677466402,8894.864212674545
Female,Cardiovascular diseases,98,12547.231779802016,14714.037677466402,8894.864212674545
Female,Cardiovascular diseases,99,12547.231779802016,14714.037677466402,8894.864212674545
Female,Cardiovascular diseases,100,12547.231779802016,14714.037677466402,8894.864212674545
Female,Chronic respiratory diseases,0,0.9763818067206266,1.3215153652576883,0.6704612688594987
Female,Chronic respiratory diseases,1,0.7922382152211831,1.0607146579089228,0.5504659266610884
Female,Chronic respiratory diseases,2,0.4659540342032177,0.5977346981871046,0.3385936339158236
Female,Chronic respiratory diseases,3,0.3231886858560191,0.3948835467331099,0.2461259560614858
Female,Chronic respiratory diseases,4,0.3244127559900265,0.395364299867329,0.24821793222596006
Female,Chronic respiratory diseases,5,0.3276596727991556,0.39671623571771336,0.2534898810396254
Female,Chronic respiratory diseases,6,0.3322914958940667,0.3988038689558536,0.2604358329828455
Female,Chronic respiratory diseases,7,0.3376702848854203,0.4014917142533403,0.2675498185359842
Female,Chronic respiratory diseases,8,0.34543650695296185,0.4097489754480805,0.2746699102717836
Female,Chronic respiratory diseases,9,0.35690332815709536,0.42644322030787046,0.2827080039929286
Female,Chronic respiratory diseases,10,0.37094185642946853,0.44828650939913517,0.2917688650246964
Female,Chronic respiratory diseases,11,0.38642319970172917,0.4719909032882993,0.3019572586923644
Female,Chronic respiratory diseases,12,0.4022184659055252,0.4942684625417876,0.3133779503212102
Female,Chronic respiratory diseases,13,0.4185628640678216,0.51470591105523,0.3270524456961312
Female,Chronic respiratory diseases,14,0.43648659846274435,0.5355831482042112,0.34345060186015774
Female,Chronic respiratory diseases,15,0.4560532698926827,0.5576519977750879,0.3618497110257668
Female,Chronic respiratory diseases,16,0.4773264791600259,0.5816642835542173,0.3815270654054349
Female,Chronic respiratory diseases,17,0.500369827067163,0.6083718293279562,0.4017599572116388
Female,Chronic respiratory diseases,18,0.5254959422981988,0.6385034809888147,0.42225251385675155
Female,Chronic respiratory diseases,19,0.553149834219128,0.6722522357358162,0.4436648996965892
Female,Chronic respiratory diseases,20,0.5835936746551749,0.709566144315087,0.4667084623587936
Female,Chronic respiratory diseases,21,0.6170896354315635,0.7503932574727541,0.4920945494710064
Female,Chronic respiratory diseases,22,0.6538998883735182,0.7946816259549438,0.5205345086608694
Female,Chronic respiratory diseases,23,0.6954675206996223,0.8434762141069991,0.5531522730766697
Female,Chronic respiratory diseases,24,0.7426958047114547,0.8978828569645232,0.5904349274858935
Female,Chronic respiratory diseases,25,0.7950371898587337,0.9579409113090335,0.632138546944981
Female,Chronic respiratory diseases,26,0.8519441255911772,1.023689733922048,0.6780192065103718
Female,Chronic respiratory diseases,27,0.9128690613585034,1.095168681585084,0.7278329812385064
Female,Chronic respiratory diseases,28,0.9782364419629082,1.1742676812122657,0.7825523499148718
Female,Chronic respiratory diseases,29,1.0495873998281873,1.2627349259314018,0.8436832045346712
Female,Chronic respiratory diseases,30,1.128049415836459,1.36039717184454,0.9117817399689178
Female,Chronic respiratory diseases,31,1.2147499708698404,1.4670811750537265,0.9874041510886252
Female,Chronic respiratory diseases,32,1.3108165458104497,1.5826136916610083,1.071106632764807
Female,Chronic respiratory diseases,33,1.4159403649390194,1.704763523988063,1.1630151357993177
Female,Chronic respiratory diseases,34,1.5325654126942463,1.8363217991712086,1.2657677257680688
Female,Chronic respiratory diseases,35,1.6659483101951948,1.9846487605344516,1.3836887697031577
Female,Chronic respiratory diseases,36,1.8213456785609299,2.157104651401798,1.5211026346366832
Female,Chronic respiratory diseases,37,2.0040141389105157,2.3610497150972556,1.6823336876007426
Female,Chronic respiratory diseases,38,2.237769214345109,2.6231510446089192,1.888855579660214
Female,Chronic respiratory diseases,39,2.5369313722747115,2.95829925473913,2.1534571810261847
Female,Chronic respiratory diseases,40,2.8925146502816603,3.3561898715332616,2.4674356874500685
Female,Chronic respiratory diseases,41,3.2955330859482896,3.806518421036687,2.822088294683279
Female,Chronic respiratory diseases,42,3.737000716856936,4.298980429294779,3.20871219847723
Female,Chronic respiratory diseases,43,4.223654546138828,4.840388836049521,3.6299532449104968
Female,Chronic respiratory diseases,44,4.782450376667384,5.4602604097833645,4.108531265133898
Female,Chronic respiratory diseases,45,5.434730445638221,6.1823464196523865,4.665854432507208
Female,Chronic respiratory diseases,46,6.201836990246957,7.030398134812658,5.323330920390203
Female,Chronic respiratory diseases,47,7.10511224768921,8.028166824420257,6.102368902142658
Female,Chronic respiratory diseases,48,8.285005510840309,9.32676863136445,7.129146226183302
Female,Chronic respiratory diseases,49,9.828093064780436,11.019365253976106,8.482069665953059
Female,Chronic respiratory diseases,50,11.674907635012493,13.042776294573702,10.110890782344994
Female,Chronic respiratory diseases,51,13.765981947039375,15.33382135547572,11.965361136252177
Female,Chronic respiratory diseases,52,16.04184872636398,17.82932003900064,13.99523228856767
Female,Chronic respiratory diseases,53,18.597663409150382,20.63230737928518,16.30850873562063
Female,Chronic respiratory diseases,54,21.5757659414882,23.898013603036357,19.041970102703733
Female,Chronic respiratory diseases,55,24.987465813768683,27.641551101428067,22.188530644155346
Female,Chronic respiratory diseases,56,28.84407251638308,31.878032265634218,25.741104614313826
Female,Chronic respiratory diseases,57,33.156895539722626,36.6225694868287,29.692606267517547
Female,Chronic respiratory diseases,58,38.388841137006324,42.386364280231994,34.45766378160258
Female,Chronic respiratory diseases,59,44.75106038397914,49.40597565925333,40.23220765416211
Female,Chronic respiratory diseases,60,51.87723000482132,57.284552262349806,46.68110561917024
Female,Chronic respiratory diseases,61,59.40102672371309,65.62524272797852,53.469225410601
Female,Chronic respiratory diseases,62,66.95612726483468,74.03119569459653,60.261434762428465
Female,Chronic respiratory diseases,63,74.35041924621717,82.28978560661449,66.88864643356285
Female,Chronic respiratory diseases,64,81.85937757655438,90.70643381130662,73.59761890460834
Female,Chronic respiratory diseases,65,89.8180599160207,99.66135930142543,80.67698849207999
Female,Chronic respiratory diseases,66,98.56152392479042,109.53478106972345,88.41539151249277
Female,Chronic respiratory diseases,67,108.42482726303793,120.70691810895316,97.10146428236176
Female,Chronic respiratory diseases,68,119.61848823963761,133.4799692022509,106.8991598482723
Female,Chronic respiratory diseases,69,132.25108247360447,148.0067735635858,117.8762761976259
Female,Chronic respiratory diseases,70,146.50475359032367,164.44351083195954,130.17721705816183
Female,Chronic respiratory diseases,71,162.5616452151804,182.94636064637385,143.94638615761923
Female,Chronic respiratory diseases,72,180.60390097355983,203.6715026458304,159.3281872237375
Female,Chronic respiratory diseases,73,202.44191728931713,228.50860412179858,178.19542828917898
Female,Chronic respiratory diseases,74,228.84273224400837,258.3463888748601,201.11605326409105
Female,Chronic respiratory diseases,75,258.4234519495703,291.8396213076852,226.2771696924401
Female,Chronic respiratory diseases,76,289.80118251793954,327.6430658229439,251.8658851181926
Female,Chronic respiratory diseases,77,321.59303006105296,364.4114868233065,276.0693070853149
Female,Chronic respiratory diseases,78,353.7705601822059,402.2118429122656,298.1588963943197
Female,Chronic respiratory diseases,79,387.4352258694785,442.25615055001975,319.3465290578001
Female,Chronic respiratory diseases,80,422.8989643119839,484.91676092429793,340.7299354378439
Female,Chronic respiratory diseases,81,460.47371269883564,530.5660252228294,363.40684589653847
Female,Chronic respiratory diseases,82,500.471408219147,579.576294633343,388.4749907959715
Female,Chronic respiratory diseases,83,543.0100072324681,632.5333813509407,416.5102397500575
Female,Chronic respiratory diseases,84,588.2871789150856,689.876218553871,447.1562859876945
Female,Chronic respiratory diseases,85,636.7344296812187,751.7568389045827,480.1125952934451
Female,Chronic respiratory diseases,86,688.7832659450859,818.3272750655245,515.0786334518723
Female,Chronic respiratory diseases,87,744.865194120906,889.7395596991455,551.7538662475386
Female,Chronic respiratory diseases,88,806.8308260054771,967.9377158701939,590.2537393869312
Female,Chronic respiratory diseases,89,875.2800084053038,1053.9399401647956,631.1055580763458
Female,Chronic respiratory diseases,90,948.7681002491656,1146.5095255274664,674.6265773500572
Female,Chronic respiratory diseases,91,1025.8504604658422,1244.4097649027217,721.1340522423407
Female,Chronic respiratory diseases,92,1105.0824479841124,1346.4039512350766,770.945237787471
Female,Chronic respiratory diseases,93,1186.9917744494376,1453.5633310976343,824.9869739368959
Female,Chronic respiratory diseases,94,1272.9184707989123,1567.4775519843627,883.7097858711799
Female,Chronic respiratory diseases,95,1362.6363748987683,1687.6875082210747,946.7164564682743
Female,Chronic respiratory diseases,96,1455.9193246152363,1813.7340941335835,1013.60976860613
Female,Chronic respiratory diseases,97,1552.5411578145474,1945.1582040477024,1083.992505162698
Female,Chronic respiratory diseases,98,1552.5411578145474,1945.1582040477024,1083.9925051626983
Female,Chronic respiratory diseases,99,1552.5411578145474,1945.1582040477024,1083.9925051626983
Female,Chronic respiratory diseases,100,1552.5411578145474,1945.1582040477024,1083.9925051626983
Female,"Communicable, maternal, neonatal, and nutritional diseases",0,267.67999469672264,288.89297225650256,239.2145098471337
Female,"Communicable, maternal, neonatal, and nutritional diseases",1,192.99091922117174,208.31001769185855,172.43635959990226
Female,"Communicable, maternal, neonatal, and nutritional diseases",2,60.295111968938244,65.14349145451172,53.79437592312034
Female,"Communicable, maternal, neonatal, and nutritional diseases",3,1.8369434490809105,2.0584356513330393,1.552513590363422
Female,"Communicable, maternal, neonatal, and nutritional diseases",4,1.3809048652985543,1.5427212601545197,1.1857758676523888
Female,"Communicable, maternal, neonatal, and nutritional diseases",5,1.0788406923533522,1.2002678403877407,0.9433502019878127
Female,"Communicable, maternal, neonatal, and nutritional diseases",6,0.9051973975029841,1.00390015829788,0.8037515693797208
Female,"Communicable, maternal, neonatal, and nutritional diseases",7,0.8344214480051299,0.9264429801501154,0.7454949458381399
Female,"Communicable, maternal, neonatal, and nutritional diseases",8,0.8091889814769855,0.9019958182203185,0.7230398474490992
Female,"Communicable, maternal, neonatal, and nutritional diseases",9,0.7893092748404799,0.8828321508128917,0.7052814682926963
Female,"Communicable, maternal, neonatal, and nutritional diseases",10,0.7749285043103921,0.8690376932358088,0.6923883013700592
Female,"Communicable, maternal, neonatal, and nutritional diseases",11,0.7661928461015014,0.8606981607970449,0.6845288396823163
Female,"Communicable, maternal, neonatal, and nutritional diseases",12,0.7632484764285868,0.8578992688045736,0.6818715762305957
Female,"Communicable, maternal, neonatal, and nutritional diseases",13,0.801259076932554,0.8982673680458974,0.7171069906303951
Female,"Communicable, maternal, neonatal, and nutritional diseases",14,0.9027246009951418,1.0063344818928057,0.81085079926713
Female,"Communicable, maternal, neonatal, and nutritional diseases",15,1.0487956324423793,1.1625448345297047,0.9451593502968055
Female,"Communicable, maternal, neonatal, and nutritional diseases",16,1.2206227551002955,1.3473426501410002,1.1020889918754273
Female,"Communicable, maternal, neonatal, and nutritional diseases",17,1.3993565527949194,1.5411721529110975,1.2636960721589996
Female,"Communicable, maternal, neonatal, and nutritional diseases",18,1.6096127756442553,1.7744062899472626,1.4501575805926992
Female,"Communicable, maternal, neonatal, and nutritional diseases",19,1.8760279702780434,2.075025198248651,1.6826944477723116
Female,"Communicable, maternal, neonatal, and nutritional diseases",20,2.179783915289918,2.419883886837504,1.9449289335797568
Female,"Communicable, maternal, neonatal, and nutritional diseases",21,2.5020623892735143,2.785837364736064,2.2204832978969544
Female,"Communicable, maternal, neonatal, and nutritional diseases",22,2.824045170822465,3.149740640966572,2.492979800605824
Female,"Communicable, maternal, neonatal, and nutritional diseases",23,3.150253381048077,3.5167773115224654,2.7622098425209503
Female,"Communicable, maternal, neonatal, and nutritional diseases",24,3.4947076237627783,3.903929929048688,3.039774809640321
Female,"Communicable, maternal, neonatal, and nutritional diseases",25,3.852838901611885,4.305751937544738,3.3270119396209608
Female,"Communicable, maternal, neonatal, and nutritional diseases",26,4.220078217240714,4.716796781010117,3.6252584701198924
Female,"Communicable, maternal, neonatal, and nutritional diseases",27,4.591856573294584,5.131617903444322,3.935851638794142
Female,"Communicable, maternal, neonatal, and nutritional diseases",28,4.977697827299364,5.563475100118732,4.268499048992464
Female,"Communicable, maternal, neonatal, and nutritional diseases",29,5.38107784050599,6.016362431357981,4.623571251580023
Female,"Communicable, maternal, neonatal, and nutritional diseases",30,5.788355621147387,6.4709347387414535,4.9883999054884605
Female,"Communicable, maternal, neonatal, and nutritional diseases",31,6.185890177456474,6.907846863848536,5.350316669649415
Female,"Communicable, maternal, neonatal, and nutritional diseases",32,6.560040517666171,7.307753648258615,5.69665320299453
Female,"Communicable, maternal, neonatal, and nutritional diseases",33,6.916462573315863,7.673796541253704,6.03127995771133
Female,"Communicable, maternal, neonatal, and nutritional diseases",34,7.26543937212186,8.021804831504184,6.36298643999759
Female,"Communicable, maternal, neonatal, and nutritional diseases",35,7.600270566582469,8.351465119671987,6.6864828898003195
Female,"Communicable, maternal, neonatal, and nutritional diseases",36,7.914255809196003,8.66246400641904,6.996479547066533
Female,"Communicable, maternal, neonatal, and nutritional diseases",37,8.200694752460771,8.954488092407269,7.287686651743241
Female,"Communicable, maternal, neonatal, and nutritional diseases",38,8.457386012821363,9.226357672848788,7.561613496914378
Female,"Communicable, maternal, neonatal, and nutritional diseases",39,8.692247876848233,9.480621527670511,7.823420875929358
Female,"Communicable, maternal, neonatal, and nutritional diseases",40,8.913759502228496,9.722558984606575,8.073296279133414
Female,"Communicable, maternal, neonatal, and nutritional diseases",41,9.130400046649253,9.957449371391117,8.311427196871776
Female,"Communicable, maternal, neonatal, and nutritional diseases",42,9.350648667797614,10.190572015758272,8.538001119489673
Female,"Communicable, maternal, neonatal, and nutritional diseases",43,9.554622954253086,10.399576364500094,8.732988875601228
Female,"Communicable, maternal, neonatal, and nutritional diseases",44,9.736714591190218,10.581211219492504,8.897487137976505
Female,"Communicable, maternal, neonatal, and nutritional diseases",45,9.926813881188682,10.769404941095436,9.06337216319465
Female,"Communicable, maternal, neonatal, and nutritional diseases",46,10.154811126828157,10.998085889668827,9.262520207834807
Female,"Communicable, maternal, neonatal, and nutritional diseases",47,10.450596630688317,11.301182425572614,9.526807528476118
Female,"Communicable, maternal, neonatal, and nutritional diseases",48,10.908925660530542,11.802231736951503,9.946063295411697
Female,"Communicable, maternal, neonatal, and nutritional diseases",49,11.56694732127429,12.551023560714098,10.55373314250768
Female,"Communicable, maternal, neonatal, and nutritional diseases",50,12.368142671236352,13.470865080366172,11.297118021702738
Female,"Communicable, maternal, neonatal, and nutritional diseases",51,13.25599276873352,14.485063479413506,12.12351888493554
Female,"Communicable, maternal, neonatal, and nutritional diseases",52,14.173978672082589,15.516925941361874,12.980236684144762
Female,"Communicable, maternal, neonatal, and nutritional diseases",53,15.124834073012687,16.559404280714162,13.87625146923254
Female,"Communicable, maternal, neonatal, and nutritional diseases",54,16.166228609914814,17.68125462742516,14.867014500847155
Female,"Communicable, maternal, neonatal, and nutritional diseases",55,17.32404726109854,18.919490638178544,15.969533547046487
Female,"Communicable, maternal, neonatal, and nutritional diseases",56,18.624175004873447,20.311125969657965,17.200816375888422
Female,"Communicable, maternal, neonatal, and nutritional diseases",57,20.09249681954912,21.893174278547075,18.57787075543084
Female,"Communicable, maternal, neonatal, and nutritional diseases",58,21.82733603736006,23.774768320389022,20.177713905442406
Female,"Communicable, maternal, neonatal, and nutritional diseases",59,23.882068546230773,26.010999455297537,22.046676518270182
Female,"Communicable, maternal, neonatal, and nutritional diseases",60,26.21515815800581,28.557819246812194,24.15573657083966
Female,"Communicable, maternal, neonatal, and nutritional diseases",61,28.785068684529737,31.37117925847255,26.475872040076332
Female,"Communicable, maternal, neonatal, and nutritional diseases",62,31.550263937647102,34.40703105381819,28.97806090290569
Female,"Communicable, maternal, neonatal, and nutritional diseases",63,34.595251218129825,37.766630285882435,31.743991767337985
Female,"Communicable, maternal, neonatal, and nutritional diseases",64,38.01939778220862,41.56400331698065,34.857334944519266
Female,"Communicable, maternal, neonatal, and nutritional diseases",65,41.80345737491619,45.774257774575425,38.292040966078716
Female,"Communicable, maternal, neonatal, and nutritional diseases",66,45.92818374128527,50.37250128612934,42.022060363645515
Female,"Communicable, maternal, neonatal, and nutritional diseases",67,50.37433062634856,55.33384147910501,46.02134366884887
Female,"Communicable, maternal, neonatal, and nutritional diseases",68,55.05208749800008,60.57167949422202,50.21049853461416
Female,"Communicable, maternal, neonatal, and nutritional diseases",69,60.06963933616708,66.21398214023411,54.68318623129389
Female,"Communicable, maternal, neonatal, and nutritional diseases",70,65.70473315393215,72.55770554665501,59.67293771665792
Female,"Communicable, maternal, neonatal, and nutritional diseases",71,72.23511596437787,79.89980584299859,65.41328394847613
Female,"Communicable, maternal, neonatal, and nutritional diseases",72,79.93853478058683,88.53723915877859,72.1377558845184
Female,"Communicable, maternal, neonatal, and nutritional diseases",73,89.67801161935465,99.32086351970871,80.5681905518097
Female,"Communicable, maternal, neonatal, and nutritional diseases",74,101.97695260610817,112.82517373716381,91.09321345222628
Female,"Communicable, maternal, neonatal, and nutritional diseases",75,116.60368091687683,128.9325811191495,103.4465382558146
Female,"Communicable, maternal, neonatal, and nutritional diseases",76,133.3265197276901,147.5254969736713,117.36187863262133
Female,"Communicable, maternal, neonatal, and nutritional diseases",77,151.91379221457748,168.48633260873484,132.572948252693
Female,"Communicable, maternal, neonatal, and nutritional diseases",78,173.47108800993806,193.5444363664921,149.62487967318106
Female,"Communicable, maternal, neonatal, and nutritional diseases",79,199.24292205877404,224.29339731097542,169.34087189695853
Female,"Communicable, maternal, neonatal, and nutritional diseases",80,229.2060055060196,260.411987833011,191.8717382626543
Female,"Communicable, maternal, neonatal, and nutritional diseases",81,263.3370494966089,301.57898032342496,217.36829210889738
Female,"Communicable, maternal, neonatal, and nutritional diseases",82,301.61276517547606,347.4731471730434,245.9813467743167
Female,"Communicable, maternal, neonatal, and nutritional diseases",83,346.774218473465,401.26439565880565,279.731724284293
Female,"Communicable, maternal, neonatal, and nutritional diseases",84,401.05134976358624,465.7705985116103,320.020688063146
Female,"Communicable, maternal, neonatal, and nutritional diseases",85,463.6541818540234,540.1424763032219,366.06971354791267
Female,"Communicable, maternal, neonatal, and nutritional diseases",86,533.7927375529606,623.5307496054054,417.10027617563003
Female,"Communicable, maternal, neonatal, and nutritional diseases",87,610.6770396685813,715.0861389899254,472.3338513833352
Female,"Communicable, maternal, neonatal, and nutritional diseases",88,696.64240606458,817.5085029387409,532.2374402505657
Female,"Communicable, maternal, neonatal, and nutritional diseases",89,795.2458294853072,935.0529201976588,598.9957749697975
Female,"Communicable, maternal, neonatal, and nutritional diseases",90,907.5298450599307,1069.2029417342171,674.4069276474759
Female,"Communicable, maternal, neonatal, and nutritional diseases",91,1034.5369879176185,1221.4421185159536,760.2689703900458
Female,"Communicable, maternal, neonatal, and nutritional diseases",92,1177.3097931875384,1393.2540015104062,858.379975303952
Female,"Communicable, maternal, neonatal, and nutritional diseases",93,1346.3563249850408,1598.1933235506042,977.3592809562374
Female,"Communicable, maternal, neonatal, and nutritional diseases",94,1548.4873199730732,1844.953002681782,1122.164843014302
Female,"Communicable, maternal, neonatal, and nutritional diseases",95,1779.1993221022,2127.7238676897837,1289.102659235128
Female,"Communicable, maternal, neonatal, and nutritional diseases",96,2033.9888753229855,2440.696747360453,1474.478727375697
Female,"Communicable, maternal, neonatal, and nutritional diseases",97,2308.352523585994,2778.0624704796364,1674.5990451929904
Female,"Communicable, maternal, neonatal, and nutritional diseases",98,2308.352523585994,2778.0624704796364,1674.5990451929906
Female,"Communicable, maternal, neonatal, and nutritional diseases",99,2308.352523585994,2778.0624704796364,1674.5990451929906
Female,"Communicable, maternal, neonatal, and nutritional diseases",100,2308.352523585994,2778.0624704796364,1674.5990451929906
Female,Diabetes and kidney diseases,0,0.7343490055603678,0.8719928339717178,0.5761535207792586
Female,Diabetes and kidney diseases,1,0.5603952660205289,0.6644136620643493,0.44155367057088457
Female,Diabetes and kidney diseases,2,0.2514096675535349,0.29569576981354034,0.20244811560833426
Female,Diabetes and kidney diseases,3,0.1136264468050942,0.1314050662936637,0.0963842747203395
Female,Diabetes and kidney diseases,4,0.10981909225713403,0.12707325628052793,0.09435735498031388
Female,Diabetes and kidney diseases,5,0.1072401545186814,0.12414009109660168,0.09298759342099779
Female,Diabetes and kidney diseases,6,0.10577607106235563,0.12247554453670859,0.09221195914413176
Female,Diabetes and kidney diseases,7,0.1053132793607761,0.1219495903956723,0.0919674212514563
Female,Diabetes and kidney diseases,8,0.1099367041241715,0.12740391187414637,0.09580681057013318
Female,Diabetes and kidney diseases,9,0.12262324409638427,0.14234630949021848,0.10635207073107006
Female,Diabetes and kidney diseases,10,0.14159729780045438,0.1646459330148633,0.12214384004162615
Female,Diabetes and kidney diseases,11,0.16508326375942173,0.1921719322190555,0.14172275680916074
Female,Diabetes and kidney diseases,12,0.1913055404963262,0.2227934568737699,0.1636294593410331
Female,Diabetes and kidney diseases,13,0.22821728470580227,0.26513441711289637,0.19474408826879464
Female,Diabetes and kidney diseases,14,0.28219486669538585,0.3263581830121163,0.24051873349635255
Female,Diabetes and kidney diseases,15,0.34909750540746926,0.4021430942550913,0.2973519572395996
Female,Diabetes and kidney diseases,16,0.42478441978444464,0.4881674905254833,0.36164232171442867
Female,Diabetes and kidney diseases,17,0.5051148287687043,0.580109711506954,0.4297883891367327
Female,Diabetes and kidney diseases,18,0.5956645223982252,0.6852909152037278,0.5065951621885222
Female,Diabetes and kidney diseases,19,0.7022910376997585,0.8105050637501544,0.5970670627467944
Female,Diabetes and kidney diseases,20,0.8212762140988585,0.9506397030250844,0.6979017818199215
Female,Diabetes and kidney diseases,21,0.9489018910210787,1.1005823789073674,0.8057970104162763
Female,Diabetes and kidney diseases,22,1.0814499078919728,1.2552206372758543,0.9174504395442308
Female,Diabetes and kidney diseases,23,1.2163490978788987,1.411091362122113,1.0301123434303616
Female,Diabetes and kidney diseases,24,1.3574934395352323,1.5730334840524838,1.1470588464112834
Female,Diabetes and kidney diseases,25,1.5108624903655548,1.7483876188679737,1.2740264146604245
Female,Diabetes and kidney diseases,26,1.6824358078744486,1.94449438236959,1.4167515143512146
Female,Diabetes and kidney diseases,27,1.8781929495664944,2.1686943903583393,1.5809706116570823
Female,Diabetes and kidney diseases,28,2.1117838340173076,2.437729282419876,1.7790938106773355
Female,Diabetes and kidney diseases,29,2.38859090986935,2.7574958940365377,2.016113542890879
Female,Diabetes and kidney diseases,30,2.7021925297274763,3.1190676348543582,2.286639765540539
Female,Diabetes and kidney diseases,31,3.046167046196541,3.513517914519373,2.5852824358691406
Female,Diabetes and kidney diseases,32,3.414092811881397,3.931920142677616,2.9066515111195095
Female,Diabetes and kidney diseases,33,3.818903733380542,4.385955835032242,3.2657782206918604
Female,Diabetes and kidney diseases,34,4.273303018672785,4.889620579884693,3.674943863760783
Female,Diabetes and kidney diseases,35,4.770522972433455,5.437458895778439,4.124633502230664
Female,Diabetes and kidney diseases,36,5.303795899337879,6.0240153012569495,4.605332198005895
Female,Diabetes and kidney diseases,37,5.866354104061381,6.643834314863691,5.107525012990861
Female,Diabetes and kidney diseases,38,6.455988325821645,7.295078326798406,5.62470867036936
Female,Diabetes and kidney diseases,39,7.084244573392007,7.988946409747179,6.168454206654671
Female,Diabetes and kidney diseases,40,7.764988055781277,8.739538105982986,6.756358153745398
Female,Diabetes and kidney diseases,41,8.51208398199827,9.56095295777881,7.406017043540151
Female,Diabetes and kidney diseases,42,9.339397561051792,10.467290507407624,8.135027407937537
Female,Diabetes and kidney diseases,43,10.272956442013157,11.482336468918865,8.975493742698498
Female,Diabetes and kidney diseases,44,11.327867475518925,12.621451892004254,9.94187664395283
Female,Diabetes and kidney diseases,45,12.501614672925783,13.886099322400181,11.025306794152401
Female,Diabetes and kidney diseases,46,13.791682045590417,15.277741305843044,12.21691487574909
Female,Diabetes and kidney diseases,47,15.195553604869518,16.79784038806924,13.507831571194773
Female,Diabetes and kidney diseases,48,16.77891067062503,18.521893279550056,14.955496546372075
Female,Diabetes and kidney diseases,49,18.58120837381928,20.49180967458025,16.599930706535414
Female,Diabetes and kidney diseases,50,20.560591442459508,22.65867159463141,18.406136593194347
Female,Diabetes and kidney diseases,51,22.67520460455295,24.973561061175143,20.339116747858437
Female,Diabetes and kidney diseases,52,24.883192588106844,27.38756009568304,22.36387371203723
Female,Diabetes and kidney diseases,53,27.15569153598014,29.868836942638854,24.46183751986963
Female,Diabetes and kidney diseases,54,29.54310411723767,32.47425464878454,26.67866962984414
Female,Diabetes and kidney diseases,55,32.122474849195505,35.28793743897893,29.075719719994733
Female,Diabetes and kidney diseases,56,34.970848249169734,38.39400953808091,31.714337468355385
Female,Diabetes and kidney diseases,57,38.16526883447643,41.87659517094932,34.65587255296006
Female,Diabetes and kidney diseases,58,41.93855377318867,45.98690075783729,38.09492861180942
Female,Diabetes and kidney diseases,59,46.3524287453307,50.79126724875968,42.08578008072779
Female,Diabetes and kidney diseases,60,51.22730103614532,56.096520663218115,46.479282834484586
Female,Diabetes and kidney diseases,61,56.383577930875326,61.70948702071412,51.126292747849234
Female,Diabetes and kidney diseases,62,61.64166671476352,67.43699234074927,55.8776656955912
Female,Diabetes and kidney diseases,63,66.88723572533395,73.1508232464882,60.66197509636166
Female,Diabetes and kidney diseases,64,72.26964097684768,79.01262671304929,65.60645004927261
Female,Diabetes and kidney diseases,65,78.00482126965296,85.2640192878647,70.85992994978467
Female,Diabetes and kidney diseases,66,84.30871540409811,92.14661751836661,76.57125419335848
Female,Diabetes and kidney diseases,67,91.39726218053136,99.9020379519872,82.88926217545465
Female,Diabetes and kidney diseases,68,99.55760438329736,108.83292101101601,89.98031933828757
Female,Diabetes and kidney diseases,69,108.88172883682047,119.04686638630392,97.90094040589096
Female,Diabetes and kidney diseases,70,119.29284040156857,130.492929528125,106.63518869645438
Female,Diabetes and kidney diseases,71,130.71414393800956,143.12016588675334,116.16712752816737
Female,Diabetes and kidney diseases,72,143.06884430661134,156.87763091246308,126.48082021921954
Female,Diabetes and kidney diseases,73,156.61088107254312,172.10825700924568,137.89295886884346
Female,Diabetes and kidney diseases,74,171.69928954909153,189.24535898595352,150.64714600071764
Female,Diabetes and kidney diseases,75,188.41491821890025,208.3735659001518,164.61781056970057
Female,Diabetes and kidney diseases,76,206.83861556461324,229.57750680940586,179.67938153065063
Female,Diabetes and kidney diseases,77,227.0512300688742,252.94181077128104,195.70628783842628
Female,Diabetes and kidney diseases,78,249.2620871174637,278.8434456901611,212.559518371912
Female,Diabetes and kidney diseases,79,274.0213298895649,308.01911668052537,230.56794366133545
Female,Diabetes and kidney diseases,80,301.92103355792574,341.09305861508227,250.30781513856957
Female,Diabetes and kidney diseases,81,333.553273295294,378.6895063665401,272.3553842354875
Female,Diabetes and kidney diseases,82,369.5101242744174,421.43269480760733,297.28690238396234
Female,Diabetes and kidney diseases,83,412.17585119442464,472.2678412363144,326.0734654285951
Female,Diabetes and kidney diseases,84,463.2240979026333,533.336707417408,359.4414933099887
Female,Diabetes and kidney diseases,85,522.181008294075,604.0583449236706,397.60022360401905
Female,Diabetes and kidney diseases,86,588.5727262637816,683.8518053278849,440.7588938865619
Female,Diabetes and kidney diseases,87,661.9253957067846,772.1361402028338,489.126741733493
Female,Diabetes and kidney diseases,88,747.9711024717096,876.0436032412935,546.9689428968808
Female,Diabetes and kidney diseases,89,850.3113936844717,1000.0714914776717,616.6467802968475
Female,Diabetes and kidney diseases,90,965.2766051560354,1139.6864214971984,695.5136522613502
Female,Diabetes and kidney diseases,91,1089.1970726973661,1290.3550098851033,780.9229571183455
Female,Diabetes and kidney diseases,92,1218.403132119429,1447.5438732266157,870.2280931957905
Female,Diabetes and kidney diseases,93,1355.1700426261214,1614.118455284209,965.2356396193854
Female,Diabetes and kidney diseases,94,1503.5694321557748,1795.1477572123529,1069.0004111650403
Female,Diabetes and kidney diseases,95,1662.626189621004,1989.403731684274,1180.7481596360262
Female,Diabetes and kidney diseases,96,1831.3652039344245,2195.658331373197,1299.7046368356146
Female,Diabetes and kidney diseases,97,2008.811364008652,2412.6835089523497,1425.0955945670767
Female,Diabetes and kidney diseases,98,2008.811364008652,2412.6835089523497,1425.095594567077
Female,Diabetes and kidney diseases,99,2008.811364008652,2412.6835089523497,1425.095594567077
Female,Diabetes and kidney diseases,100,2008.811364008652,2412.6835089523497,1425.095594567077
Female,Digestive diseases,0,2.3275777893243137,2.9659329863264814,1.7394922353922735
Female,Digestive diseases,1,1.8081573419994619,2.301515251490638,1.3544450694757946
Female,Digestive diseases,2,0.8866264487148097,1.1227297873685282,0.6713272607841975
Female,Digestive diseases,3,0.4319769684776958,0.5418726036498397,0.3327594767140543
Female,Digestive diseases,4,0.34734438925330663,0.4348282416995843,0.2673899825026606
Female,Digestive diseases,5,0.2872807202820484,0.35890356668568935,0.22089540843302283
Female,Digestive diseases,6,0.2514724369497129,0.3136659919173074,0.19311589459327508
Female,Digestive diseases,7,0.2396060146420917,0.2986829307035906,0.1838915810715516
Female,Digestive diseases,8,0.2417363421926458,0.301883214563223,0.18557175528513103
Female,Digestive diseases,9,0.2475416671638466,0.31047681224508034,0.1901832405753687
Female,Digestive diseases,10,0.25614350303500183,0.322952842903603,0.19708248091651362
Female,Digestive diseases,11,0.26666336328541923,0.337800425693231,0.2056259202828148
Female,Digestive diseases,12,0.2782227613944066,0.3535086797684048,0.2151700026485213
Female,Digestive diseases,13,0.2929438189456489,0.37115666765946465,0.22823169410764432
Female,Digestive diseases,14,0.3132161556460299,0.39313725000986893,0.24714568045879473
Female,Digestive diseases,15,0.33856253215965526,0.4199102431437353,0.27099498523312104
Female,Digestive diseases,16,0.36850570915063086,0.4519354633851812,0.29886263196177176
Female,Digestive diseases,17,0.4025684472830623,0.4896727270583241,0.3298316441758955
Female,Digestive diseases,18,0.4430952106109905,0.5378336957130998,0.3649142974345462
Female,Digestive diseases,19,0.49397831482199595,0.601436428048634,0.40724633969380253
Female,Digestive diseases,20,0.5570622980304942,0.6814003361128288,0.4590960030803498
Female,Digestive diseases,21,0.6341916983509007,0.7786448319535861,0.5227315197208736
Female,Digestive diseases,22,0.7272110538976311,0.8940893276188083,0.6004211217420591
Female,Digestive diseases,23,0.8585635036796555,1.0524910640024137,0.7127772982162661
Female,Digestive diseases,24,1.0460203770402767,1.2741838001534318,0.8755636870738193
Female,Digestive diseases,25,1.28441849759541,1.553451725352432,1.0837752437283519
Female,Digestive diseases,26,1.56859468896097,1.8845790288799837,1.332406923593497
Female,Digestive diseases,27,1.8933857747528715,2.2618499000166556,1.616453682082888
Female,Digestive diseases,28,2.3399690663198056,2.7721555784527374,2.007219058071039
Female,Digestive diseases,29,2.9512086944078253,3.461269776204197,2.543348254118609
Female,Digestive diseases,30,3.6644717117288823,4.261800391040122,3.1708487211684475
Female,Digestive diseases,31,4.417125170994932,5.106355320729597,3.8357279101634036
Female,Digestive diseases,32,5.146536124917928,5.927542463041711,4.483993272046327
Female,Digestive diseases,33,5.8603377079569965,6.738469676045397,5.124024983412721
Female,Digestive diseases,34,6.601702958783229,7.585775937166238,5.793606609592031
Female,Digestive diseases,35,7.361308786426521,8.45236582320829,6.482850684628013
Female,Digestive diseases,36,8.129832099916776,9.32114391097561,7.181869742564426
Female,Digestive diseases,37,8.89794980828389,10.175014777272258,7.880776317445029
Female,Digestive diseases,38,9.646648065364225,10.988138182061984,8.559816957012229
Female,Digestive diseases,39,10.38225695513927,11.771946966146256,9.22574156119328
Female,Digestive diseases,40,11.133469281856616,12.565255327585687,9.908417692309214
Female,Digestive diseases,41,11.928977849763854,13.4068774644409,10.637712912681065
Female,Digestive diseases,42,12.797475463108574,14.335627574772506,11.443494784629864
Female,Digestive diseases,43,13.734532434354113,15.354253042837646,12.33206976683677
Female,Digestive diseases,44,14.732259813213473,16.450691532625168,13.29753722056904
Female,Digestive diseases,45,15.814161509808738,17.64154266179326,14.351454062026837
Female,Digestive diseases,46,17.003741434261997,18.943406048000117,15.505377207410335
Female,Digestive diseases,47,18.324503496695325,20.37288130890392,16.7708635729197
Female,Digestive diseases,48,19.813641083096776,21.94502709702582,18.17759043962968
Female,Digestive diseases,49,21.496333679528302,23.685844559682327,19.751317599131145
Female,Digestive diseases,50,23.378064346222835,25.62834705672467,21.497725733398504
Female,Digestive diseases,51,25.464316143413328,27.80554794800409,23.422495524406138
Female,Digestive diseases,52,27.760572131332715,30.250460593371823,25.531307654128433
Female,Digestive diseases,53,30.539135178373197,33.329486702054446,28.052227453860265
Female,Digestive diseases,54,33.8739743187314,37.13148881240257,31.043882655155286
Female,Digestive diseases,55,37.47307186134688,41.27317152795347,34.257797540376075
Female,Digestive diseases,56,41.04441011515922,45.371239452244446,37.445496391885186
Female,Digestive diseases,57,44.29597138910799,49.04239718881275,40.358503492045216
Female,Digestive diseases,58,47.21932227142347,52.250896672944975,43.01865617330003
Female,Digestive diseases,59,50.019949503962785,55.26980591716751,45.60078484280633
Female,Digestive diseases,60,52.726715626105744,58.17905364087733,48.085903394995796
Female,Digestive diseases,61,55.36848317723219,61.05856856347141,50.4550257243002
Female,Digestive diseases,62,57.97411469672193,63.98827940434673,52.68916572515128
Female,Digestive diseases,63,60.414914615726516,66.8495127689339,54.66303268014552
Female,Digestive diseases,64,62.67430879048539,69.58899080873583,56.40277938027438
Female,Digestive diseases,65,64.94934189801013,72.384735562258,58.11658498256198
Female,Digestive diseases,66,67.43705861531237,75.41476906800584,60.01262864403243
Female,Digestive diseases,67,70.33450361940369,78.85711336448479,62.29908952170988
Female,Digestive diseases,68,73.78583942844509,82.79763708016334,65.17409589165402
Female,Digestive diseases,69,77.7687682043798,87.2138977546149,68.62129546932893
Female,Digestive diseases,70,82.23064408989275,92.12145079300224,72.52714657086541
Female,Digestive diseases,71,87.11882122766889,97.53585160048819,76.77810751239421
Female,Digestive diseases,72,92.38065376039316,103.47265558223556,81.26063661004612
Female,Digestive diseases,73,98.09371285359914,110.0604483201812,86.07538810408201
Female,Digestive diseases,74,104.41640658715642,117.468777064537,91.37610335831324
Female,Digestive diseases,75,111.41734447525387,125.77463972287842,97.12887137419627
Female,Digestive diseases,76,119.16513603208044,135.0550342027809,103.29978115318751
Female,Digestive diseases,77,127.728390771825,145.38695841181985,109.85492169674342
Female,Digestive diseases,78,137.3315911635058,157.1788215595976,116.75356518726045
Female,Digestive diseases,79,148.21687255434506,170.80445889619045,124.10632705121076
Female,Digestive diseases,80,160.47932377583774,186.28900738988503,132.10631115616442
Female,Digestive diseases,81,174.21403365947876,203.65760400896787,140.94662136969146
Female,Digestive diseases,82,189.51609103676304,222.9353857217256,150.8203615593619
Female,Digestive diseases,83,207.18078505084833,245.11370074224152,161.97929625105036
Female,Digestive diseases,84,227.80242605108418,271.00643572831245,174.63966620878384
Female,Digestive diseases,85,251.17463467825337,300.3725353137954,188.9412896573613
Female,Digestive diseases,86,277.09103157313865,332.97094413254723,205.02398482158156
Female,Digestive diseases,87,305.3452373765227,368.5606068184247,223.02756992624356
Female,Digestive diseases,88,337.95774158122697,409.77031881022356,244.78067652404593
Female,Digestive diseases,89,375.9684479620515,457.9298546789859,271.0360007065617
Female,Digestive diseases,90,417.70009858274705,510.8496277569382,300.3194575069008
Female,Digestive diseases,91,461.4754355070641,566.3400513763071,331.15696195817344
Female,Digestive diseases,92,505.6172007987535,622.2115388693186,362.07442909348975
Female,Digestive diseases,93,550.3376542158787,678.721194387172,393.229001570203
Female,Digestive diseases,94,596.9065818288416,737.5123881973345,425.71564745482567
Female,Digestive diseases,95,645.2330151699008,798.4749328064353,459.4670198942061
Female,Digestive diseases,96,695.2259857713148,861.4986407211032,494.41577203519296
Female,Digestive diseases,97,746.7945251653422,926.4733244479672,530.494557024635
Female,Digestive diseases,98,746.7945251653422,926.4733244479672,530.4945570246349
Female,Digestive diseases,99,746.7945251653422,926.4733244479672,530.4945570246349
Female,Digestive diseases,100,746.7945251653422,926.4733244479672,530.4945570246349
Female,Injuries,0,44.08495522153515,49.60500131999304,36.34255231492758
Female,Injuries,1,34.323356828724634,38.5070881265166,28.463233665576045
Female,Injuries,2,17.005576524237963,18.818200676276224,14.4850443062971
Female,Injuries,3,8.368141716415874,9.050211569013364,7.458688738447979
Female,Injuries,4,6.6179739578933665,7.149459344930103,5.952448992351037
Female,Injuries,5,5.369354668468198,5.796883559558964,4.873782157836136
Female,Injuries,6,4.621071875066943,4.988361448728599,4.224934670801691
Female,Injuries,7,4.371913604616176,4.719770248267666,4.008152967146118
Female,Injuries,8,4.464614721300401,4.813666278551578,4.100250909950615
Female,Injuries,9,4.726230802197162,5.079016575803991,4.359549615506785
Female,Injuries,10,5.13203094357259,5.491314449625919,4.760556399528644
Female,Injuries,11,5.657284241692817,6.026053209618375,5.277778577730208
Female,Injuries,12,6.277259792823971,6.658726165382373,5.885723465825492
Female,Injuries,13,7.736206816064818,8.15340871101648,7.297186461087975
Female,Injuries,14,10.350663673414422,10.846141235831983,9.80225589293765
Female,Injuries,15,13.454333175489374,14.070364542248967,12.741378475308293
Female,Injuries,16,16.380918132906253,17.15951943268752,15.455000922133694
Female,Injuries,17,18.464121356281648,19.447046709567736,17.283569947347637
Female,Injuries,18,19.916404035479644,21.153875233797294,18.437358370453776
Female,Injuries,19,21.29792658490065,22.81684256595504,19.502208077999732
Female,Injuries,20,22.463940651965746,24.243252557967818,20.381919384485258
Female,Injuries,21,23.269697884096015,25.240409061762467,20.980292604410092
Female,Injuries,22,23.57044992871253,25.615615929265832,21.201128052273983
Female,Injuries,23,23.544675968010125,25.60622650881971,21.160966823454633
Female,Injuries,24,23.483214984796696,25.583836352371257,21.065197739346946
Female,Injuries,25,23.40985832741292,25.55711261725537,20.950892703476487
Female,Injuries,26,23.348397344199487,25.53472246080692,20.8551236193688
Female,Injuries,27,23.32262338349708,25.525333040360795,20.81496239054945
Female,Injuries,28,23.53820402773253,25.80371298927603,21.009848739270502
Female,Injuries,29,24.054635521272367,26.46754209822774,21.482385185325416
Female,Injuries,30,24.67645220536683,27.25985426052494,22.06438782855182
Female,Injuries,31,25.20818842126615,27.92368336947665,22.587672768787343
Female,Injuries,32,25.45437851022056,28.202063318391883,22.884056105869615
Female,Injuries,33,25.483253528852266,28.16135225381554,22.984757101420794
Female,Injuries,34,25.499095330787483,28.064272022902728,23.048897692087124
Female,Injuries,35,25.51051445278248,27.94840206987776,23.100147990242345
Female,Injuries,36,25.52612143159352,27.851321838964946,23.162178108260196
Female,Injuries,37,25.554526803976874,27.810610774388604,23.25865815851444
Female,Injuries,38,25.743195991548475,27.978808172103143,23.50419172190283
Female,Injuries,39,26.138615956983884,28.379894274345503,23.91384967982818
Female,Injuries,40,26.597929548628787,28.858609944763806,24.362003095421798
Female,Injuries,41,26.97827961482889,29.259696047006166,24.72302303181501
Female,Injuries,42,27.13680900392988,29.427893444720706,24.87128055213912
Female,Injuries,43,27.10503712860671,29.37910026805664,24.85919622351951
Female,Injuries,44,27.029273425913,29.262747308319256,24.830379747580448
Female,Injuries,45,26.938845780762442,29.12387442089076,24.795985889201564
Female,Injuries,46,26.86308207806873,29.007521461153377,24.7671694132625
Female,Injuries,47,26.83131020274556,28.95872828448931,24.755085084642893
Female,Injuries,48,26.943929428209067,29.049377239637696,24.88675501603507
Female,Injuries,49,27.232940941394485,29.283369955544913,25.222532254733274
Female,Injuries,50,27.62507549749414,29.603775207904068,25.673567967520004
Female,Injuries,51,28.047063851700383,29.953661772408264,26.151013321177768
Female,Injuries,52,28.425636759205535,30.27609842475061,26.56601948248906
Female,Injuries,53,28.74474852725574,30.558485678863583,26.901806499312347
Female,Injuries,54,29.053486833883973,30.83994055057716,27.21767636542671
Female,Injuries,55,29.376282490462856,31.141106568430715,27.53890316649559
Female,Injuries,56,29.737566308364993,31.482627260963604,27.890760988182425
Female,Injuries,57,30.161769098962996,31.88514615671519,28.298523916150664
Female,Injuries,58,30.677707374267886,32.3770712286551,28.776830739046897
Female,Injuries,59,31.292663721639496,32.97202116814609,29.324155332023736
Female,Injuries,60,31.998768065473687,33.66845558131727,29.94152441050361
Female,Injuries,61,32.78815033016632,34.46483407429772,30.62996468990898
Female,Injuries,62,33.652940440113234,35.35961625321655,31.39050288566228
Female,Injuries,63,34.600656268031905,36.397292433164424,32.2326205584226
Female,Injuries,64,35.66929315375021,37.63426742824425,33.184618896412346
Female,Injuries,65,36.896697222329664,39.08687259310343,34.27575405639898
Female,Injuries,66,38.32071459883174,40.77143928238941,35.53528219514995
Female,Injuries,67,39.97919140831795,42.70429885074961,36.992459469432696
Female,Injuries,68,42.0212278357919,45.038178223979074,38.76849327034941
Female,Injuries,69,44.569053083822354,47.92314420818397,40.96141394130919
Female,Injuries,70,47.620206803818526,51.37153797847842,43.565712067539785
Female,Injuries,71,51.17222864718961,55.395700709976516,46.57587823426896
Female,Injuries,72,55.22265826534485,60.007973577792384,49.98640302672453
Female,Injuries,73,60.2003906036279,65.71167170055647,54.16824203410797
Female,Injuries,74,66.45463026955476,72.91659250325324,59.38194568248815
Female,Injuries,75,73.863381407793,81.49480062052787,65.4563968123939
Female,Injuries,76,82.30464816301028,91.31836068702549,72.22047826435404
Female,Injuries,77,91.6564346798742,102.25933733739126,79.50307287889738
Female,Injuries,78,102.4303400233616,115.02651290399953,87.40910073637106
Female,Injuries,79,115.21931354284145,130.3695030655884,96.28412135534069
Female,Injuries,80,130.02338480956965,148.2216224763486,106.31797673366296
Female,Injuries,81,146.84258339480212,168.51618579047098,117.70050886919446
Female,Injuries,82,165.6769388697947,191.18650766214623,130.62155975979186
Female,Injuries,83,187.81395998672778,217.75472130809618,146.04025079842998
Female,Injuries,84,214.29311878928584,249.5131521905616,164.57459870588713
Female,Injuries,85,244.74238978598066,286.0504033320117,185.9027884717253
Female,Injuries,86,278.7897474853243,326.95507775491575,209.7030050855063
Female,Injuries,87,316.0631663958286,371.81577848174305,235.65343353679208
Female,Injuries,88,359.30920814072095,423.85575638284723,265.52349565866825
Female,Injuries,89,410.1863692362326,485.10028127388046,300.4539118653762
Female,Injuries,90,466.6905265303809,553.3409845952594,339.17981501821123
Female,Injuries,91,526.8175568711833,626.369497787401,380.4363379784689
Female,Injuries,92,588.5633371066576,701.9774522907218,422.95861360744453
Female,Injuries,93,652.576491654139,781.192636711092,467.23027814167426
Female,Injuries,94,720.6564057701887,866.2214314733791,514.4400307949629
Female,Injuries,95,792.5250975616632,956.6233557464959,564.3805988945096
Female,Injuries,96,867.9045851354185,1051.957928699355,616.844709767513
Female,Injuries,97,946.516886598311,1151.7846695008702,671.6250907411718
Female,Injuries,98,946.516886598311,1151.78466950087,671.6250907411719
Female,Injuries,99,946.516886598311,1151.78466950087,671.6250907411719
Female,Injuries,100,946.516886598311,1151.78466950087,671.6250907411719
Female,Mental disorders,0,2.574521368598237e-06,2.4719906900452977e-05,8.276032648365466e-08
Female,Mental disorders,1,2.574521368598237e-06,2.4719906900452977e-05,8.276032648365466e-08
Female,Mental disorders,2,2.574521368598237e-06,2.4719906900452977e-05,8.276032648365466e-08
Female,Mental disorders,3,2.574521368598237e-06,2.4719906900452977e-05,8.276032648365466e-08
Female,Mental disorders,4,2.574521368598237e-06,2.4719906900452977e-05,8.276032648365466e-08
Female,Mental disorders,5,2.574521368598237e-06,2.4719906900452977e-05,8.276032648365466e-08
Female,Mental disorders,6,2.574521368598237e-06,2.4719906900452977e-05,8.276032648365466e-08
Female,Mental disorders,7,2.574521368598237e-06,2.4719906900452977e-05,8.276032648365466e-08
Female,Mental disorders,8,3.1665440403988034e-05,0.00013011642420016328,7.94890029761926e-06
Female,Mental disorders,9,0.00011684519593886368,0.00043624277641030973,3.116897876215913e-05
Female,Mental disorders,10,0.00025497428561628457,0.0009280041639974159,6.917548354680282e-05
Female,Mental disorders,11,0.00044291320707931026,0.0015903057874280047,0.00012140090247824992
Female,Mental disorders,12,0.000677522457971,0.0024080528471686,0.0001872777233832
Female,Mental disorders,13,0.0017150629633508115,0.00544010039742522,0.0006008646870409253
Female,Mental disorders,14,0.004012068367897944,0.011785354528294047,0.0015706417860273422
Female,Mental disorders,15,0.007115808248685072,0.019988796994076838,0.0029076733858641166
Female,Mental disorders,16,0.010573552182784867,0.028595409549075367,0.004423023852072914
Female,Mental disorders,17,0.01393256974727,0.0361501739475914,0.0059277575501754
Female,Mental disorders,18,0.017387966664661504,0.04269842793073621,0.007606932688901303
Female,Mental disorders,19,0.021289675502366687,0.04921259165742562,0.009625190465619141
Female,Mental disorders,20,0.02541720610478763,0.055628270508668184,0.01176296972880877
Female,Mental disorders,21,0.029550068316326446,0.061881069865472496,0.013800709326950038
Female,Mental disorders,22,0.0334677719813852,0.0679065951088471,0.0155188481085228
Female,Mental disorders,23,0.03724861310380285,0.07364664481235528,0.016954621173198202
Female,Mental disorders,24,0.04104243400810603,0.07915662014070475,0.018286308044185524
Female,Mental disorders,25,0.04473606401972841,0.08454253036162082,0.019505914205271813
Female,Mental disorders,26,0.04821633246410361,0.08991038474282871,0.020605445140244125
Female,Mental disorders,27,0.0513700686666653,0.0953661925520537,0.0215769063328895
Female,Mental disorders,28,0.054462544144209014,0.10180975384127075,0.02243382974724609
Female,Mental disorders,29,0.05760665917446025,0.10917053277854201,0.023206348324609057
Female,Mental disorders,30,0.06046068622424757,0.11609903480572353,0.023911369014650956
Female,Mental disorders,31,0.0626828977603995,0.12124576536467135,0.02456579876704435
Female,Mental disorders,32,0.0639315662497446,0.1232612298972415,0.0251865445314618
Female,Mental disorders,33,0.06444169564417494,0.1229367222598023,0.025730822327818745
Female,Mental disorders,34,0.0647587617766765,0.12216289635513959,0.026193416650057495
Female,Mental disorders,35,0.06500674493571859,0.12123929769473571,0.0266475871588909
Female,Mental disorders,36,0.06530962540977059,0.120465471790073,0.027166593515031815
Female,Mental disorders,37,0.0657913834873018,0.1201409641526338,0.0278236953791931
Female,Mental disorders,38,0.0670850119974309,0.12311954298835442,0.028980563843741924
Female,Mental disorders,39,0.0692840150237875,0.13022230790430364,0.030653811205710355
Female,Mental disorders,40,0.07170313973660743,0.13869980151366235,0.03239910893280855
Female,Mental disorders,41,0.07365713330612647,0.14580256642961156,0.033772128492746675
Female,Mental disorders,42,0.0744607429025804,0.1487811452653322,0.0343285413532349
Female,Mental disorders,43,0.07373200848351998,0.147631539119948,0.03403364765252006
Female,Mental disorders,44,0.07165493666703852,0.14418386322690296,0.03315888079659073
Female,Mental disorders,45,0.06839322461418572,0.1384398314008583,0.031719112154769705
Female,Mental disorders,46,0.06411056948601124,0.13040115745647526,0.02972921309637977
Female,Mental disorders,47,0.05897066844356479,0.1200695552084151,0.0272040549907437
Female,Mental disorders,48,0.0589706684435648,0.1200695552084151,0.0272040549907437
Female,Mental disorders,49,0.0589706684435648,0.1200695552084151,0.0272040549907437
Female,Mental disorders,50,0.0589706684435648,0.1200695552084151,0.0272040549907437
Female,Mental disorders,51,0.0589706684435648,0.1200695552084151,0.0272040549907437
Female,Mental disorders,52,0.0589706684435648,0.1200695552084151,0.0272040549907437
Female,Mental disorders,53,0.0589706684435648,0.1200695552084151,0.0272040549907437
Female,Mental disorders,54,0.0589706684435648,0.1200695552084151,0.0272040549907437
Female,Mental disorders,55,0.0589706684435648,0.1200695552084151,0.0272040549907437
Female,Mental disorders,56,0.0589706684435648,0.1200695552084151,0.0272040549907437
Female,Mental disorders,57,0.0589706684435648,0.1200695552084151,0.0272040549907437
Female,Mental disorders,58,0.0589706684435648,0.1200695552084151,0.0272040549907437
Female,Mental disorders,59,0.0589706684435648,0.1200695552084151,0.0272040549907437
Female,Mental disorders,60,0.0589706684435648,0.1200695552084151,0.0272040549907437
Female,Mental disorders,61,0.0589706684435648,0.1200695552084151,0.0272040549907437
Female,Mental disorders,62,0.0589706684435648,0.1200695552084151,0.0272040549907437
Female,Mental disorders,63,0.0589706684435648,0.1200695552084151,0.0272040549907437
Female,Mental disorders,64,0.0589706684435648,0.1200695552084151,0.0272040549907437
Female,Mental disorders,65,0.0589706684435648,0.1200695552084151,0.0272040549907437
Female,Mental disorders,66,0.0589706684435648,0.1200695552084151,0.0272040549907437
Female,Mental disorders,67,0.0589706684435648,0.1200695552084151,0.0272040549907437
Female,Mental disorders,68,0.0589706684435648,0.1200695552084151,0.0272040549907437
Female,Mental disorders,69,0.0589706684435648,0.1200695552084151,0.0272040549907437
Female,Mental disorders,70,0.0589706684435648,0.1200695552084151,0.0272040549907437
Female,Mental disorders,71,0.0589706684435648,0.1200695552084151,0.0272040549907437
Female,Mental disorders,72,0.0589706684435648,0.1200695552084151,0.0272040549907437
Female,Mental disorders,73,0.0589706684435648,0.1200695552084151,0.0272040549907437
Female,Mental disorders,74,0.0589706684435648,0.1200695552084151,0.0272040549907437
Female,Mental disorders,75,0.0589706684435648,0.1200695552084151,0.0272040549907437
Female,Mental disorders,76,0.0589706684435648,0.1200695552084151,0.0272040549907437
Female,Mental disorders,77,0.0589706684435648,0.1200695552084151,0.0272040549907437
Female,Mental disorders,78,0.0589706684435648,0.1200695552084151,0.0272040549907437
Female,Mental disorders,79,0.0589706684435648,0.1200695552084151,0.0272040549907437
Female,Mental disorders,80,0.0589706684435648,0.1200695552084151,0.0272040549907437
Female,Mental disorders,81,0.0589706684435648,0.1200695552084151,0.0272040549907437
Female,Mental disorders,82,0.0589706684435648,0.1200695552084151,0.0272040549907437
Female,Mental disorders,83,0.0589706684435648,0.1200695552084151,0.0272040549907437
Female,Mental disorders,84,0.0589706684435648,0.1200695552084151,0.0272040549907437
Female,Mental disorders,85,0.0589706684435648,0.1200695552084151,0.0272040549907437
Female,Mental disorders,86,0.0589706684435648,0.1200695552084151,0.0272040549907437
Female,Mental disorders,87,0.0589706684435648,0.1200695552084151,0.0272040549907437
Female,Mental disorders,88,0.0589706684435648,0.1200695552084151,0.0272040549907437
Female,Mental disorders,89,0.0589706684435648,0.1200695552084151,0.0272040549907437
Female,Mental disorders,90,0.0589706684435648,0.1200695552084151,0.0272040549907437
Female,Mental disorders,91,0.0589706684435648,0.1200695552084151,0.0272040549907437
Female,Mental disorders,92,0.0589706684435648,0.1200695552084151,0.0272040549907437
Female,Mental disorders,93,0.0589706684435648,0.1200695552084151,0.0272040549907437
Female,Mental disorders,94,0.0589706684435648,0.1200695552084151,0.0272040549907437
Female,Mental disorders,95,0.0589706684435648,0.1200695552084151,0.0272040549907437
Female,Mental disorders,96,0.0589706684435648,0.1200695552084151,0.0272040549907437
Female,Mental disorders,97,0.0589706684435648,0.1200695552084151,0.0272040549907437
Female,Mental disorders,98,0.0589706684435648,0.1200695552084151,0.0272040549907437
Female,Mental disorders,99,0.0589706684435648,0.1200695552084151,0.0272040549907437
Female,Mental disorders,100,0.0589706684435648,0.1200695552084151,0.0272040549907437
Female,Musculoskeletal disorders,0,0.035793575377157,0.042530150618824,0.0278845132329326
Female,Musculoskeletal disorders,1,0.029814197338700735,0.035675522431204976,0.023206341155279257
Female,Musculoskeletal disorders,2,0.02034342782620331,0.024917796463352668,0.0158691948799551
Female,Musculoskeletal disorders,3,0.0165556560401193,0.0206505312946888,0.0129604969263756
Female,Musculoskeletal disorders,4,0.018269713361162013,0.02274836600280977,0.014438782610821772
Female,Musculoskeletal disorders,5,0.022667742522008538,0.0281443984725966,0.01820551570838229
Female,Musculoskeletal disorders,6,0.02863352931923645,0.035492421222185176,0.02325851028539013
Female,Musculoskeletal disorders,7,0.0350508595494233,0.0434462267697114,0.0285955804081783
Female,Musculoskeletal disorders,8,0.042149650331364405,0.05239871422181684,0.034206364669314544
Female,Musculoskeletal disorders,9,0.05085690109396741,0.06353048822593445,0.040814429283297725
Female,Musculoskeletal disorders,10,0.061102021098978464,0.07667689961138714,0.04851847974935749
Female,Musculoskeletal disorders,11,0.0728144196081437,0.09167329920749788,0.05741722156672349
Female,Musculoskeletal disorders,12,0.0859235058832092,0.1083550378435896,0.0676093602346254
Female,Musculoskeletal disorders,13,0.10111270626020885,0.12758466685943912,0.07992820815301412
Female,Musculoskeletal disorders,14,0.11922282025302658,0.15042038737210386,0.09510383052448244
Female,Musculoskeletal disorders,15,0.14041931689018353,0.17699102487682786,0.11308006205222271
Female,Musculoskeletal disorders,16,0.16486766520020096,0.20742540486885508,0.13380073743942728
Female,Musculoskeletal disorders,17,0.1927333342116001,0.2418523528434294,0.1572096913892885
Female,Musculoskeletal disorders,18,0.23196896413435478,0.28871219709016716,0.18965468023087975
Female,Musculoskeletal disorders,19,0.2845522081134718,0.35017240623383933,0.23284560401042026
Female,Musculoskeletal disorders,20,0.3416860545800219,0.41695251627242197,0.27976951300682124
Female,Musculoskeletal disorders,21,0.3945734919650758,0.4797720632038913,0.32341345749899375
Female,Musculoskeletal disorders,22,0.434417508699704,0.5293505830262233,0.3567644877658492
Female,Musculoskeletal disorders,23,0.460413283758255,0.5640520947788175,0.3790199263644668
Female,Musculoskeletal disorders,24,0.48036919704558095,0.5917192538013193,0.39631729136581073
Female,Musculoskeletal disorders,25,0.49840803838850795,0.6172895505420745,0.41205392631961923
Female,Musculoskeletal disorders,26,0.5186525976138625,0.6457004754494281,0.4296271747756306
Female,Musculoskeletal disorders,27,0.5452256645484708,0.6818895189717257,0.4524343802835832
Female,Musculoskeletal disorders,28,0.584146672490711,0.7336725507688737,0.4848299212253741
Female,Musculoskeletal disorders,29,0.6350922722259335,0.8003663340303323,0.5264306969200696
Female,Musculoskeletal disorders,30,0.6926710798114221,0.8741596994987774,0.573527832323161
Female,Musculoskeletal disorders,31,0.7514917113044616,0.9472414779168848,0.62241245239014
Female,Musculoskeletal disorders,32,0.8061627827623361,1.011800500027331,0.6693756820764984
Female,Musculoskeletal disorders,33,0.8547533272681895,1.0650309719384643,0.7131554656613818
Female,Musculoskeletal disorders,34,0.9008719898961993,1.1125103146270638,0.7562424662325081
Female,Musculoskeletal disorders,35,0.9474368046901999,1.15900218113845,0.8005568869582277
Female,Musculoskeletal disorders,36,0.9973658056940259,1.2092702245179432,0.8480189310068909
Female,Musculoskeletal disorders,37,1.0535770269515117,1.2680780978108634,0.9005488015468478
Female,Musculoskeletal disorders,38,1.1198484314042723,1.340883522318992,0.9610848243220697
Female,Musculoskeletal disorders,39,1.1954515403705126,1.4264114344636836,1.0293224146024447
Female,Musculoskeletal disorders,40,1.2765447254589526,1.519326309969617,1.1023174098451984
Female,Musculoskeletal disorders,41,1.3592863582783121,1.6142926245614722,1.1771256475075569
Female,Musculoskeletal disorders,42,1.4398348104373104,1.705974853963929,1.2508029650467456
Female,Musculoskeletal disorders,43,1.5185199710353707,1.79445987133854,1.3241746742991851
Female,Musculoskeletal disorders,44,1.5979073587486436,1.8833068359608813,1.399229001610641
Female,Musculoskeletal disorders,45,1.6775087895509393,1.9723886527266665,1.4747661562023564
Female,Musculoskeletal disorders,46,1.7568360794160696,2.0615782265316094,1.549586347295574
Female,Musculoskeletal disorders,47,1.8354010443178457,2.150748462271425,1.6224897841115369
Female,Musculoskeletal disorders,48,1.9089923107033537,2.23546521799715,1.6892465124852898
Female,Musculoskeletal disorders,49,1.9779412835171306,2.3158133441762843,1.7506968265599254
Female,Musculoskeletal disorders,50,2.0485739464791637,2.3984442343292294,1.8132463080187569
Female,Musculoskeletal disorders,51,2.1272162833094406,2.4900092819763895,1.8833005385450985
Female,Musculoskeletal disorders,52,2.220194277727947,2.597159880638168,1.967265099822264
Female,Musculoskeletal disorders,53,2.3352176539406964,2.727531425162938,2.074208193216685
Female,Musculoskeletal disorders,54,2.4730233644829283,2.8817524794603386,2.205038790769754
Female,Musculoskeletal disorders,55,2.629478235568472,3.0559641906426758,2.3539236301772233
Female,Musculoskeletal disorders,56,2.8004490934111566,3.2463077058222525,2.5150294491348473
Female,Musculoskeletal disorders,57,2.98180276422481,3.4489241721113726,2.682522985338379
Female,Musculoskeletal disorders,58,3.1766792776355457,3.6673711125327255,2.856519966268582
Female,Musculoskeletal disorders,59,3.3914459771079475,3.908356321804529,3.0431588819426505
Female,Musculoskeletal disorders,60,3.6268106596135503,4.172746354582383,3.2456406138609855
Female,Musculoskeletal disorders,61,3.8834811221238907,4.4614077655218844,3.4671660435239864
Female,Musculoskeletal disorders,62,4.1621651616105035,4.775207109278634,3.710936052432054
Female,Musculoskeletal disorders,63,4.469015238542254,5.122971921620857,3.9846240290034296
Female,Musculoskeletal disorders,64,4.809926104963295,5.511521937399445,4.292602214464867
Female,Musculoskeletal disorders,65,5.1852189952080865,5.938712009893994,4.633119769529535
Female,Musculoskeletal disorders,66,5.595215143611094,6.4023969923841015,5.004425854910609
Female,Musculoskeletal disorders,67,6.040235784506784,6.900431738149362,5.404769631321254
Female,Musculoskeletal disorders,68,6.53389467490611,7.444027539101613,5.8456871650757165
Female,Musculoskeletal disorders,69,7.086474962000608,8.044151266679778,6.337009706077222
Female,Musculoskeletal disorders,70,7.693301965395619,8.698291143454083,6.874429190422415
Female,Musculoskeletal disorders,71,8.349701004696481,9.403935391994754,7.453637554207939
Female,Musculoskeletal disorders,72,9.050997399508532,10.158572234872016,8.070326733530438
Female,Musculoskeletal disorders,73,9.808152377533517,10.957883651832747,8.761510278881627
Female,Musculoskeletal disorders,74,10.636236555146757,11.815769639045225,9.539478574319496
Female,Musculoskeletal disorders,75,11.53673933496395,12.75704544371179,10.362838806290119
Female,Musculoskeletal disorders,76,12.511150119600801,13.806526313034782,11.190198161239564
Female,Musculoskeletal disorders,77,13.560958311673,14.989027494216538,11.980163825613904
Female,Musculoskeletal disorders,78,14.723708267752212,16.408092904388326,12.705631300378682
Female,Musculoskeletal disorders,79,16.017737263671297,18.097434149446705,13.394493421883176
Female,Musculoskeletal disorders,80,17.415724080937746,19.97711800974195,14.087853379649033
Female,Musculoskeletal disorders,81,18.89034750105905,21.96721126562435,14.826814363197903
Female,Musculoskeletal disorders,82,20.414286305542703,23.987780697444165,15.65247956205144
Female,Musculoskeletal disorders,83,21.961598898864235,26.017865345946966,16.57056919876986
Female,Musculoskeletal disorders,84,23.559985362199054,28.121784026419142,17.568678972884676
Female,Musculoskeletal disorders,85,25.262586992104467,30.34752318102223,18.66072528937446
Female,Musculoskeletal disorders,86,27.12254508513778,32.74306925191776,19.860624553217804
Female,Musculoskeletal disorders,87,29.1930009378563,35.356408681267276,21.182293169393272
Female,Musculoskeletal disorders,88,31.55128635981784,38.20268316425766,22.665783047992846
Female,Musculoskeletal disorders,89,34.22010739116674,41.297605360742665,24.340175631116068
Female,Musculoskeletal disorders,90,37.17066667434012,44.69001815988415,26.20293162175287
Female,Musculoskeletal disorders,91,40.37416685177506,48.42876445084398,28.251511722893177
Female,Musculoskeletal disorders,92,43.80181056590869,52.56268712278403,30.48337663752691
Female,Musculoskeletal disorders,93,47.54318569493288,57.273349595564405,32.98420453940792
Female,Musculoskeletal disorders,94,51.68148181878855,62.65787810012017,35.81688698874803
Female,Musculoskeletal disorders,95,56.1783041325363,68.63845974222555,38.94470476822418
Female,Musculoskeletal disorders,96,60.99525783123674,75.13728162765474,42.33093866051329
Female,Musculoskeletal disorders,97,66.09394810995052,82.07653086218204,45.93886944829229
Female,Musculoskeletal disorders,98,66.09394810995052,82.07653086218204,45.93886944829229
Female,Musculoskeletal disorders,99,66.09394810995052,82.07653086218204,45.93886944829229
Female,Musculoskeletal disorders,100,66.09394810995052,82.07653086218204,45.93886944829229
Female,Neoplasms,0,2.9975862688825488,3.4374186127039645,2.484828521593079
Female,Neoplasms,1,2.8149864028454883,3.210973418221578,2.3638833095104617
Female,Neoplasms,2,2.4910409214641165,2.809214617176279,2.149321490608478
Female,Neoplasms,3,2.322949560581776,2.597683827434514,2.041641081664752
Female,Neoplasms,4,2.2789638125920963,2.5377927529849016,2.018816674730136
Female,Neoplasms,5,2.246967562324948,2.4939068769257475,2.002484094432183
Female,Neoplasms,6,2.227427541925136,2.46691994081467,1.9926671131646527
Female,Neoplasms,7,2.2208104835374645,2.457725686209285,1.989389503321307
Female,Neoplasms,8,2.2243318638865173,2.459711063659086,1.9939300855522328
Female,Neoplasms,9,2.2343265819762093,2.4654706896004694,2.0066458357156547
Female,Neoplasms,10,2.249940503370341,2.474709804421402,2.026177759017538
Female,Neoplasms,11,2.2703194936327122,2.487133648509853,2.051166860663848
Female,Neoplasms,12,2.2946094183271235,2.5024474622537896,2.0802541458605504
Female,Neoplasms,13,2.348890016784865,2.5554664657340593,2.134826514450329
Female,Neoplasms,14,2.447831725682286,2.665778562487221,2.2268459957216704
Female,Neoplasms,15,2.5734664566007712,2.810248018084813,2.340816289049247
Female,Neoplasms,16,2.707826121121708,2.965739098098373,2.4612410938077316
Female,Neoplasms,17,2.8329426308264813,3.1091160680994405,2.5726241093717963
Female,Neoplasms,18,2.9383116175902297,3.2286270911559813,2.6652133748969056
Female,Neoplasms,19,3.036097354906307,3.3399382123615577,2.7493833716177964
Female,Neoplasms,20,3.142334716783422,3.461040520326103,2.8398274620280484
Female,Neoplasms,21,3.2730585772302834,3.6099251036595486,2.9512390086212417
Female,Neoplasms,22,3.4443038102555996,3.804583050971827,3.098311373890955
Female,Neoplasms,23,3.7151264338627437,4.1124447628820535,3.3332258130702934
Female,Neoplasms,24,4.121484085634076,4.573718515176974,3.687509893769365
Female,Neoplasms,25,4.644764068946791,5.165562209217971,4.144876447047257
Female,Neoplasms,26,5.266353687178083,5.865133746366423,4.689038303963055
Female,Neoplasms,27,5.9676402437051435,6.64959102798371,5.303708295575845
Female,Neoplasms,28,6.870362058701405,7.64433436545898,6.0944219748684745
Female,Neoplasms,29,8.064217031254369,8.943209946602444,7.1416785519978
Female,Neoplasms,30,9.482531833112334,10.47604448740708,8.391636343783913
Female,Neoplasms,31,11.058633136023602,12.172664703865864,9.790453667046917
Female,Neoplasms,32,12.725847611736471,13.962897311971773,11.284288838606903
Female,Neoplasms,33,14.525323853746249,15.882507609749176,12.923700035760211
Female,Neoplasms,34,16.546875644482125,18.02260423500181,14.793894944851255
Female,Neoplasms,35,18.79682743909322,20.396028913391696,16.893006146272246
Female,Neoplasms,36,21.281503692728656,23.01562337058085,19.219166220415392
Female,Neoplasms,37,24.00722886053756,25.894229332231298,21.7705077476729
Female,Neoplasms,38,27.123836643833727,29.200396692004414,24.687582170671874
Female,Neoplasms,39,30.711370238295544,33.014655737261045,28.05534273371754
Female,Neoplasms,40,34.67146834061903,37.217818784212405,31.788524719719305
Female,Neoplasms,41,38.90576964750017,41.69069814906974,35.801863411586574
Female,Neoplasms,42,43.31591285563496,46.31410614804425,40.010094092228755
Female,Neoplasms,43,47.8289154601282,50.98922579712044,44.36550533636044
Female,Neoplasms,44,52.55507098435128,55.8332000394892,48.977424063610556
Female,Neoplasms,45,57.67093216740017,61.05078108217141,53.99614307426002
Female,Neoplasms,46,63.353051748370824,66.84672113218795,59.57195516858972
Female,Neoplasms,47,69.7779824663592,73.4257723965597,65.85515314688057
Female,Neoplasms,48,77.35782011351394,81.222301004275,73.24170746652476
Female,Neoplasms,49,86.23679269016733,90.37445416682742,81.88387224390739
Female,Neoplasms,50,96.18965124769092,100.64265571499567,91.56636576779887
Female,Neoplasms,51,106.99114683745621,111.78732947955848,102.07390632696954
Female,Neoplasms,52,118.41603051083467,123.56889929129449,113.1912122101897
Female,Neoplasms,53,130.63051668417216,136.1500219377581,125.11916122857576
Female,Neoplasms,54,143.97671609507063,149.88780998192513,138.18832648220018
Female,Neoplasms,55,158.49322427678575,164.83437091770648,152.37796919326763
Female,Neoplasms,56,174.21863676257328,181.04181223901304,167.6673505839826
Female,Neoplasms,57,191.19154908568885,198.5622414397558,184.0357318765497
Female,Neoplasms,58,210.31603351686854,218.3262382816138,202.31785537593962
Female,Neoplasms,59,231.8908450061223,240.64514503870632,222.78860422236676
Female,Neoplasms,60,255.04660310561647,264.64221297360456,244.58745089090144
Female,Neoplasms,61,278.9139273675173,289.44069334887985,266.8538678566139
Female,Neoplasms,62,302.62343734399144,314.1638374271033,288.7273275945743
Female,Neoplasms,63,325.9019797113631,338.51308921769663,309.90483631211123
Female,Neoplasms,64,349.350087724213,363.10261350006533,330.9640648865566
Female,Neoplasms,65,373.4089108020922,388.42474269175585,352.3654827979865
Female,Neoplasms,66,398.5195983645514,414.97180921031514,374.5695595264764
Female,Neoplasms,67,425.1232998311417,443.23614547328975,398.0367645521024
Female,Neoplasms,68,452.87765589820106,472.86715823121267,422.43778993454265
Female,Neoplasms,69,481.6556850776061,503.75252736088095,447.58303520126117
Female,Neoplasms,70,512.221603512216,536.7419949692375,474.14253103401245
Female,Neoplasms,71,545.3396273448899,572.6853031632251,502.78630811455076
Female,Neoplasms,72,581.7739727184864,612.4321940497869,534.1843971246307
Female,Neoplasms,73,623.2164228564942,657.6761947037289,570.7909571402382
Female,Neoplasms,74,669.9675984258021,708.8683023341068,612.779643188181
Female,Neoplasms,75,720.7049717343706,764.9944642492375,657.3997298764457
Female,Neoplasms,76,774.1060150901603,825.040627757437,701.9004918130191
Female,Neoplasms,77,828.8482008011317,887.9927401670227,743.531203605888
Female,Neoplasms,78,885.468157339891,955.575677076243,781.4781451870734
Female,Neoplasms,79,945.1292166921253,1029.1604152319746,817.6355125118954
Female,Neoplasms,80,1007.4489064354159,1107.202053665478,853.3144542232884
Female,Neoplasms,81,1072.044754147344,1188.1556914080124,889.8261189641873
Female,Neoplasms,82,1138.5342874054916,1270.476427490838,928.4816553775266
Female,Neoplasms,83,1207.3822778740116,1354.507881272876,969.2081574672235
Female,Neoplasms,84,1279.0477523250602,1441.4837252152497,1011.2507255303397
Female,Neoplasms,85,1353.1396209982222,1531.1941380025212,1054.897517649527
Female,Neoplasms,86,1429.2667941330835,1623.4292983192522,1100.4366919074362
Female,Neoplasms,87,1507.0381819692286,1717.9793848500044,1148.1564063867197
Female,Neoplasms,88,1591.2790321187997,1820.3049740140484,1202.635433573863
Female,Neoplasms,89,1682.381666819272,1930.7266634445728,1263.935356547661
Female,Neoplasms,90,1773.30560824823,2041.3246636470171,1325.5685492792295
Female,Neoplasms,91,1857.0103785832605,2144.179185126821,1381.0473857396837
Female,Neoplasms,92,1926.4555000019477,2231.370438389424,1423.8842399001398
Female,Neoplasms,93,1984.6120637309168,2305.8319020771128,1457.2672176840736
Female,Neoplasms,94,2038.2959296707952,2374.9387777402744,1487.7986216275106
Female,Neoplasms,95,2086.233773010172,2437.4338602465004,1514.1121206203886
Female,Neoplasms,96,2127.152268937638,2492.059944463383,1534.8413835526476
Female,Neoplasms,97,2159.77809264178,2537.5598252585132,1548.6200793142254
Female,Neoplasms,98,2159.77809264178,2537.5598252585132,1548.6200793142254
Female,Neoplasms,99,2159.77809264178,2537.5598252585132,1548.6200793142254
Female,Neoplasms,100,2159.77809264178,2537.5598252585132,1548.6200793142254
Female,Neurological disorders,0,5.7005099768117615,6.932913174390504,4.538694869401872
Female,Neurological disorders,1,4.420725631802401,5.365995970756395,3.5369377844841003
Female,Neurological disorders,2,2.1496456204978918,2.5852342357574734,1.7593943800934768
Female,Neurological disorders,3,1.065323267783986,1.264319216865393,0.9024360507873166
Female,Neurological disorders,4,0.9180238308559241,1.09533514604083,0.773178262410717
Female,Neurological disorders,5,0.8150964848331165,0.977536109714869,0.6824454822731958
Female,Neurological disorders,6,0.7546944109677953,0.9085766732904613,0.6289500779608668
Female,Neurological disorders,7,0.7349707905121923,0.8861114021705584,0.6114044170598429
Female,Neurological disorders,8,0.7409759357222205,0.8936765753123785,0.6155231101366619
Female,Neurological disorders,9,0.756610712806587,0.9132410945011895,0.6264142037041683
Female,Neurological disorders,10,0.7783041339467138,0.9401084593820167,0.6418802192679365
Female,Neurological disorders,11,0.802485211324024,0.9695821695998861,0.6597236783335408
Female,Neurological disorders,12,0.8255829571199395,0.9969657247998228,0.6777471024065556
Female,Neurological disorders,13,0.8473348165962691,1.0212220173875688,0.6970592737950239
Female,Neurological disorders,14,0.8704042368162844,1.0456204517757488,0.7198639874967181
Female,Neurological disorders,15,0.8956092326636031,1.071924295619712,0.745606284051807
Female,Neurological disorders,16,0.9237678190218427,1.1018968165748086,0.7737312040004586
Female,Neurological disorders,17,0.9556980107746204,1.1373012822963884,0.8036837878828414
Female,Neurological disorders,18,0.9972535193740986,1.1875319777091369,0.8392193327295976
Female,Neurological disorders,19,1.0493380968190475,1.2540125520224292,0.8813209161618882
Female,Neurological disorders,20,1.105344818812996,1.326550319318651,0.9252752496056611
Female,Neurological disorders,21,1.1586667610594736,1.394952593680187,0.966369044486864
Female,Neurological disorders,22,1.2026969992620091,1.4490266891894226,0.999889012231444
Female,Neurological disorders,23,1.2345168328374776,1.4858747768534595,1.0236858317213604
Female,Neurological disorders,24,1.2594999054881557,1.5140395942846865,1.0418774174761312
Female,Neurological disorders,25,1.2834778093456762,1.5404893054734188,1.0591513343780423
Female,Neurological disorders,26,1.3122821365416713,1.5721920744099709,1.0801951473093796
Female,Neurological disorders,27,1.351744479207773,1.6161160650846589,1.1096964211524292
Female,Neurological disorders,28,1.41910459174634,1.6916281842099397,1.1625078164241929
Female,Neurological disorders,29,1.5193690302035328,1.8039929791262486,1.243741032676622
Female,Neurological disorders,30,1.6400195891766862,1.9390250747658673,1.343472193344427
Female,Neurological disorders,31,1.768538063263136,2.0825390960610766,1.4517774218623174
Female,Neurological disorders,32,1.8924062470602172,2.2203496679441592,1.5587328416650037
Female,Neurological disorders,33,2.0070695143655115,2.347224216632589,1.6618387929055576
Female,Neurological disorders,34,2.1212185105680335,2.472935649574036,1.768615785415475
Female,Neurological disorders,35,2.2422029376522694,2.605806813546079,1.8841701971471023
Female,Neurological disorders,36,2.377372497602704,2.754160555326293,2.013608406052786
Female,Neurological disorders,37,2.5340768924038244,2.926319721692256,2.162036790084873
Female,Neurological disorders,38,2.7253174838537944,3.135708019449233,2.342687181992416
Female,Neurological disorders,39,2.9541695530859813,3.3854976179685807,2.559589018569294
Female,Neurological disorders,40,3.2130936810876736,3.6686340578770102,2.8040450838350948
Female,Neurological disorders,41,3.49455044884616,3.9780628798012323,3.067358161809405
Female,Neurological disorders,42,3.7910004373487296,4.306729624367962,3.3408310365118115
Female,Neurological disorders,43,4.100391423229964,4.641637665197292,3.6243451683921317
Female,Neurological disorders,44,4.432726198548636,4.994116798089674,3.9269491185011622
Female,Neurological disorders,45,4.798547867428319,5.393602196942346,4.253696321759961
Female,Neurological disorders,46,5.208399533992586,5.86952903565255,4.609640213089585
Female,Neurological disorders,47,5.672824302365011,6.451332488117528,4.99983422741109
Female,Neurological disorders,48,6.207225124171804,7.247998592416922,5.428776210406363
Female,Neurological disorders,49,6.8265192132260175,8.327105478731886,5.902461452993547
Female,Neurological disorders,50,7.540521066931486,9.655976459111923,6.428189557948082
Female,Neurological disorders,51,8.359045182692046,11.201934845606536,7.013260128045411
Female,Neurological disorders,52,9.291906057911534,12.932303950265233,7.664972766060975
Female,Neurological disorders,53,10.395571116636074,14.972140638686483,8.395087422913814
Female,Neurological disorders,54,11.727434615059387,17.479376753571454,9.223938095663835
Female,Neurological disorders,55,13.298701298806709,20.470648072623675,10.171685456297755
Female,Neurological disorders,56,15.120575913503277,23.962590373546696,11.258490176802312
Female,Neurological disorders,57,17.204263204774325,27.97183943404406,12.504512929164228
Female,Neurological disorders,58,19.77944934803334,32.931484006862206,14.050939912120725
Female,Neurological disorders,59,23.009510977036694,39.19811580864503,15.972368660844268
Female,Neurological disorders,60,26.806188524923936,46.67362506294214,18.189076851974466
Female,Neurological disorders,61,31.08122242483463,55.25990199330327,20.621342162150924
Female,Neurological disorders,62,35.74635310990832,64.85883682327804,23.18944226801325
Female,Neurological disorders,63,40.99381541836087,76.39470301287304,25.911292626120986
Female,Neurological disorders,64,47.07728471217335,90.55345583217014,28.8936821406659
Female,Neurological disorders,65,54.00066221013324,106.87950821983189,32.19019865973592
Female,Neurological disorders,66,61.76784913102797,124.9172731145209,35.85443003141898
Female,Neurological disorders,67,70.38274669364498,144.21116345489966,39.939964103803
Female,Neurological disorders,68,80.01919861337326,164.63146202736422,44.49977471797288
Female,Neurological disorders,69,91.04546813870051,186.99003092000177,49.653899395612626
Female,Neurological disorders,70,103.75708578806218,212.24365202401157,55.556521505708815
Female,Neurological disorders,71,118.4495820798937,241.34910723059303,62.36182441724804
Female,Neurological disorders,72,135.41848753263054,275.26317843094546,70.22399149921688
Female,Neurological disorders,73,155.46474933182995,315.41050257174635,79.6271782027943
Female,Neurological disorders,74,179.77565920134072,363.9085155850534,91.0883903232987
Female,Neurological disorders,75,209.22626446703543,422.7531978401364,104.81108674592572
Female,Neurological disorders,76,244.69161245478682,493.9405297062649,120.9987263558711
Female,Neurological disorders,77,287.0467504904675,579.4664915527087,139.8547680383305
Female,Neurological disorders,78,347.2301190194013,701.8715859130081,165.0058909625082
Female,Neurological disorders,79,431.48735713705025,874.761876949184,198.42821442026448
Female,Neurological disorders,80,533.654310144494,1086.731687473227,237.8493574807788
Female,Neurological disorders,81,647.5668233428127,1326.375340297128,280.9969392132308
Female,Neurological disorders,82,767.060742033086,1582.2871582328771,325.5985786868001
Female,Neurological disorders,83,894.5986985137478,1865.894273046611,372.11073906880847
Female,Neurological disorders,84,1037.561167585117,2194.91284826538,422.7896733774293
Female,Neurological disorders,85,1197.1607583010998,2567.3707543425435,478.0626854581195
Female,Neurological disorders,86,1374.6100797156032,2981.2958617314653,538.3570791563358
Female,Neurological disorders,87,1571.1217408825344,3434.7160408855048,604.1001583175351
Female,Neurological disorders,88,1795.3563822390813,3945.549547719109,677.9943593085085
Female,Neurological disorders,89,2053.7380538560515,4530.620282485541,761.312683600652
Female,Neurological disorders,90,2344.1244792377793,5186.314582146385,852.3382826963307
Female,Neurological disorders,91,2664.3733818886003,5909.01878366323,949.3543080979094
Female,Neurological disorders,92,3012.342485312848,6695.119223997662,1050.643911307753
Female,Neurological disorders,93,3401.838982936299,7575.701261340416,1157.5632482851702
Female,Neurological disorders,94,3844.153340107806,8575.377831662867,1272.2255675233282
Female,Neurological disorders,95,4333.368188216324,9680.82663859756,1394.0496593253815
Female,Neurological disorders,96,4863.566158650807,10878.725385777034,1522.4543139944826
Female,Neurological disorders,97,5428.829882800204,12155.751776833826,1656.8583218337858
Female,Neurological disorders,98,5428.829882800205,12155.751776833826,1656.8583218337856
Female,Neurological disorders,99,5428.829882800205,12155.751776833826,1656.8583218337856
Female,Neurological disorders,100,5428.829882800205,12155.751776833826,1656.8583218337856
Female,Other non-communicable diseases,0,177.81673077504047,216.33094835970743,149.70654050910156
Female,Other non-communicable diseases,1,129.03851202159623,157.20837263557823,108.57436809639589
Female,Other non-communicable diseases,2,42.391821349654016,52.19260677920933,35.50797481286295
Female,Other non-communicable diseases,3,3.862566237830645,5.343484477380701,3.0591751991999208
Female,Other non-communicable diseases,4,2.9818804018068925,4.03708400571808,2.3820644235439485
Female,Other non-communicable diseases,5,2.3945397593461313,3.1729662411652937,1.9283265216659102
Female,Other non-communicable diseases,6,2.0563353498010426,2.669310404124473,1.6687347318548484
Female,Other non-communicable diseases,7,1.923058212524307,2.4442957149977524,1.574062292399802
Female,Other non-communicable diseases,8,1.8840872249096026,2.345965577515182,1.5548170672788078
Female,Other non-communicable diseases,9,1.8561941598357843,2.273031726974235,1.5404915764737421
Female,Other non-communicable diseases,10,1.8362593998832972,2.2196758811281767,1.5303360422794048
Female,Other non-communicable diseases,11,1.821163327632585,2.1800797577302724,1.5236006869905971
Female,Other non-communicable diseases,12,1.8077863256640925,2.148425074533787,1.51953573290212
Female,Other non-communicable diseases,13,1.794116631239214,2.1191924579630763,1.5167314356073
Female,Other non-communicable diseases,14,1.7811256659837875,2.0923238908801096,1.5143533399452567
Female,Other non-communicable diseases,15,1.77016858902492,2.070193125694571,1.512514602079478
Female,Other non-communicable diseases,16,1.7626005594897205,2.0551739148161454,1.5113283781734528
Female,Other non-communicable diseases,17,1.7597767365052963,2.0496400106545183,1.510907824390669
Female,Other non-communicable diseases,18,1.7861695454406534,2.0773864159674567,1.5337171211656793
Female,Other non-communicable diseases,19,1.8540917216105297,2.1491837044989275,1.5924264263895804
Female,Other non-communicable diseases,20,1.9466588890606313,2.2478689851379134,1.6724578624106794
Female,Other non-communicable diseases,21,2.0469866718366654,2.3562793667733968,1.7592335515772828
Female,Other non-communicable diseases,22,2.138190693984339,2.457251958294361,1.8381756162376968
Female,Other non-communicable diseases,23,2.2165724823258337,2.5480025321488773,1.9060679899139044
Female,Other non-communicable diseases,24,2.2935498870842936,2.6405335197534137,1.9727754961319701
Female,Other non-communicable diseases,25,2.3749130174068704,2.739862018449549,2.043341592246323
Female,Other non-communicable diseases,26,2.466451982440716,2.8510051255788618,2.1228097356113906
Female,Other non-communicable diseases,27,2.5739568913329824,2.9789799384829307,2.2162233835816036
Female,Other non-communicable diseases,28,2.709040600860062,3.1361984141813664,2.33237239888077
Female,Other non-communicable diseases,29,2.8742833537821815,3.325754416998402,2.4735913522047435
Female,Other non-communicable diseases,30,3.061926338222241,3.538687905232547,2.6352407628660224
Female,Other non-communicable diseases,31,3.264210742303141,3.7660388371823124,2.8126811501771027
Female,Other non-communicable diseases,32,3.4733777541477826,3.998847171146208,3.0012730334504827
Female,Other non-communicable diseases,33,3.6879709334796895,4.234188966529146,3.2051835837865705
Female,Other non-communicable diseases,34,3.9155890353824705,4.479899969367022,3.431684277479252
Female,Other non-communicable diseases,35,4.162056041019156,4.743159667904814,3.68079209163124
Female,Other non-communicable diseases,36,4.433195931552771,5.031147550387506,3.9525240033452467
Female,Other non-communicable diseases,37,4.734832688146348,5.3510431050600795,4.246896989723985
Female,Other non-communicable diseases,38,5.096730707063544,5.731754806323368,4.584460998265115
Female,Other non-communicable diseases,39,5.524540247649819,6.177571321520998,4.971853695844272
Female,Other non-communicable diseases,40,5.987914085690907,6.65874242831214,5.388223638631147
Female,Other non-communicable diseases,41,6.456504996972539,7.145517904355967,5.81271938279542
Female,Other non-communicable diseases,42,6.899965757280445,7.608147527311648,6.224489484506775
Female,Other non-communicable diseases,43,7.306716511547516,8.035704677233399,6.615321384737944
Female,Other non-communicable diseases,44,7.697123474166275,8.44812342241498,6.99912484282682
Female,Other non-communicable diseases,45,8.088758525111901,8.861944572874886,7.388231892490826
Female,Other non-communicable diseases,46,8.499193544359581,9.293708938631607,7.794974567447391
Female,Other non-communicable diseases,47,8.946000411884501,9.75995732970364,8.23168490141394
Female,Other non-communicable diseases,48,9.414966873127023,10.244157879653875,8.682676223206856
Female,Other non-communicable diseases,49,9.898751499627247,10.738983898778462,9.143133529996772
Female,Other non-communicable diseases,50,10.425232410509965,11.274783962195798,9.641696358032505
Female,Other non-communicable diseases,51,11.02228772489996,11.881906645024271,10.20700424356286
Female,Other non-communicable diseases,52,11.717795561922015,12.590700522382278,10.867696722836657
Female,Other non-communicable diseases,53,12.596872226993433,13.483559700456745,11.708641616688038
Female,Other non-communicable diseases,54,13.685892220708602,14.585985146341086,12.753991540062467
Female,Other non-communicable diseases,55,14.924620954957957,15.842985726513419,13.94131322037572
Female,Other non-communicable diseases,56,16.252823841631923,17.199570307451875,15.208173385043583
Female,Other non-communicable diseases,57,17.610266292620928,18.600747755634565,16.492138761481833
Female,Other non-communicable diseases,58,19.015981832083174,20.077070510076098,17.80804440329007
Female,Other non-communicable diseases,59,20.52210640028329,21.6817232875769,19.20632808569288
Female,Other non-communicable diseases,60,22.11805903327133,23.39366337129381,20.677960618543533
Female,Other non-communicable diseases,61,23.793258767097367,25.191848044383676,22.2139128116953
Female,Other non-communicable diseases,62,25.537124637811463,27.055234590003337,23.805155475001463
Female,Other non-communicable diseases,63,27.32049262164531,28.947183508458743,25.42250240160126
Female,Other non-communicable diseases,64,29.160683962315094,30.892236002152497,27.079150218167815
Female,Other non-communicable diseases,65,31.116845597097612,32.961120407386424,28.8296439848552
Female,Other non-communicable diseases,66,33.24812446326966,35.22456506046234,30.728528761817486
Female,Other non-communicable diseases,67,35.61366749810805,37.75329829768209,32.83034960920873
Female,Other non-communicable diseases,68,38.20577878491103,40.54031334117813,35.12661203696796
Female,Other non-communicable diseases,69,41.04712491656926,43.613074274779386,37.630906441332385
Female,Other non-communicable diseases,70,44.24239659474813,47.0940157273324,40.43090521190339
Female,Other non-communicable diseases,71,47.89628452111301,51.105572327683674,43.614280738282325
Female,Other non-communicable diseases,72,52.11347939732929,55.77017870467976,47.26870541007056
Female,Other non-communicable diseases,73,57.34092590014093,61.65278976969018,51.804372037597666
Female,Other non-communicable diseases,74,63.80352295363216,69.04713540996153,57.39212114869921
Female,Other non-communicable diseases,75,71.27289263047881,77.66881271815599,63.76059670923563
Female,Other non-communicable diseases,76,79.52065700335669,87.23341878693569,70.63844268506736
Female,Other non-communicable diseases,77,88.31843814494161,97.45655070896278,77.75430304205483
Female,Other non-communicable diseases,78,97.77518316418572,108.52333119334185,85.07585315064806
Female,Other non-communicable diseases,79,108.26791729844807,120.91261984530426,92.8708776090179
Female,Other non-communicable diseases,80,119.97037981301473,134.78061910170226,101.31818422460604
Female,Other non-communicable diseases,81,133.0563099731719,150.28353139938818,110.59658080485421
Female,Other non-communicable diseases,82,147.69944704420558,167.5775591752143,120.88487515720404
Female,Other non-communicable diseases,83,164.5230265904191,187.29745835986728,132.2561343936207
Female,Other non-communicable diseases,84,184.03906034685346,210.06458999608725,144.9010789881176
Female,Other non-communicable diseases,85,206.25445183490146,236.0150641888068,159.17499679120914
Female,Other non-communicable diseases,86,231.1761045759558,265.28499104295844,175.43317565340942
Female,Other non-communicable diseases,87,258.81092209140934,298.01048066347465,194.0309034252328
Female,Other non-communicable diseases,88,290.99723618704417,336.710759909556,217.41600480800827
Female,Other non-communicable diseases,89,328.91748146298187,382.896550439432,246.53095337857945
Female,Other non-communicable diseases,90,371.5947156321248,435.19120455657855,279.47301030073254
Female,Other non-communicable diseases,91,418.0519964073752,492.21807456447146,314.3394367382538
Female,Other non-communicable diseases,92,467.3123815016354,552.6005127665869,349.22749385492926
Female,Other non-communicable diseases,93,520.6390177384126,617.9270699586343,384.34662512478906
Female,Other non-communicable diseases,94,579.585447706849,690.2501904114224,421.1149255867591
Female,Other non-communicable diseases,95,643.6103227682981,768.8890666410757,459.4426337519693
Female,Other non-communicable diseases,96,712.1722942841142,853.1628911637184,499.23998813154964
Female,Other non-communicable diseases,97,784.7300136156513,942.3908564954752,540.4172272366302
Female,Other non-communicable diseases,98,784.7300136156513,942.3908564954752,540.4172272366302
Female,Other non-communicable diseases,99,784.7300136156513,942.3908564954752,540.4172272366302
Female,Other non-communicable diseases,100,784.7300136156513,942.3908564954752,540.4172272366302
Female,Skin and subcutaneous diseases,0,0.282227741380158,0.3500413552231736,0.224592586277454
Female,Skin and subcutaneous diseases,1,0.2078879804949018,0.25766892650993783,0.1655405290577535
Female,Skin and subcutaneous diseases,2,0.07584865180469322,0.0935963099096653,0.06065853650956734
Female,Skin and subcutaneous diseases,3,0.0167953818955021,0.0203294085815815,0.0136486199279509
Female,Skin and subcutaneous diseases,4,0.014881300087997018,0.01813718798557989,0.011959113779845236
Female,Skin and subcutaneous diseases,5,0.013583082755321118,0.016651341171922313,0.010812100773803294
Female,Skin and subcutaneous diseases,6,0.012845012084921234,0.01580723253086973,0.010159299406182603
Female,Skin and subcutaneous diseases,7,0.0126113702642442,0.0155402264526831,0.0099524281733407
Female,Skin and subcutaneous diseases,8,0.013018981473186662,0.016078849498234078,0.010230019419940556
Female,Skin and subcutaneous diseases,9,0.014052865055435886,0.017439501420744144,0.010941954873759145
Female,Skin and subcutaneous diseases,10,0.01542959594412462,0.019239356398999003,0.011906977105824997
Female,Skin and subcutaneous diseases,11,0.016865749072385607,0.02109558861178435,0.012943828687166637
Female,Skin and subcutaneous diseases,12,0.0180778993733516,0.0226253722378859,0.0138712521888126
Female,Skin and subcutaneous diseases,13,0.01896830409332661,0.0237061033954431,0.014624162902357313
Female,Skin and subcutaneous diseases,14,0.019728514382549155,0.024600951596724343,0.015323830079204402
Female,Skin and subcutaneous diseases,15,0.020509046030053765,0.025505751111708684,0.016068527230096184
Female,Skin and subcutaneous diseases,16,0.02146041482487497,0.02661633621037521,0.016956527865774975
Female,Skin and subcutaneous diseases,17,0.0227331365560473,0.028128541162703,0.0180861054969831
Female,Skin and subcutaneous diseases,18,0.024682372650759028,0.030544604163415368,0.019635239958879
Female,Skin and subcutaneous diseases,19,0.02753038043281016,0.03416824756279501,0.021730795501383637
Female,Skin and subcutaneous diseases,20,0.031228319536152828,0.03889753186416008,0.02439437225738311
Female,Skin and subcutaneous diseases,21,0.03572734959473916,0.044630517570828726,0.0276475703597635
Female,Skin and subcutaneous diseases,22,0.0409786302425213,0.0512652651861191,0.0315119899414109
Female,Skin and subcutaneous diseases,23,0.048219935386025196,0.06021607832000123,0.03701804769944266
Female,Skin and subcutaneous diseases,24,0.05839654293958579,0.07261803248262784,0.04489769503063855
Female,Skin and subcutaneous diseases,25,0.07102086854886856,0.08795034602759112,0.05472483411737826
Female,Skin and subcutaneous diseases,26,0.08560532785953903,0.10569223730848326,0.06607336714204148
Female,Skin and subcutaneous diseases,27,0.1016623365172627,0.1253229246788964,0.0785171962870079
Female,Skin and subcutaneous diseases,28,0.12181455887272297,0.15028567785227465,0.09394813986381517
Female,Skin and subcutaneous diseases,29,0.1474440644859064,0.1822830998223244,0.1134493364126463
Female,Skin and subcutaneous diseases,30,0.17620237681643328,0.21818340886303156,0.13538166845884908
Female,Skin and subcutaneous diseases,31,0.2057410193239238,0.25485482324838193,0.15810601852777129
Female,Skin and subcutaneous diseases,32,0.2337115154679982,0.2891655612523615,0.1799832691447607
Female,Skin and subcutaneous diseases,33,0.25955814792787035,0.32040063652056716,0.20067008900052202
Female,Skin and subcutaneous diseases,34,0.2848465683197512,0.350653466354088,0.2212668887900926
Female,Skin and subcutaneous diseases,35,0.31041035350875695,0.38100487451014836,0.24230016404531918
Female,Skin and subcutaneous diseases,36,0.3370830803600037,0.4125356847459721,0.2642964102980487
Female,Skin and subcutaneous diseases,37,0.3656983257386076,0.4463267208187831,0.2877821230801278
Female,Skin and subcutaneous diseases,38,0.3957113281783463,0.48167788425418595,0.31223470753508525
Female,Skin and subcutaneous diseases,39,0.42677604985149115,0.518083486553493,0.3374763178562525
Female,Skin and subcutaneous diseases,40,0.46002415308089895,0.5569159664374906,0.3645505731501801
Female,Skin and subcutaneous diseases,41,0.49658730018942643,0.5995477626269651,0.3945010925234189
Female,Skin and subcutaneous diseases,42,0.5375971534999302,0.6473513138427026,0.4283714950825197
Female,Skin and subcutaneous diseases,43,0.5847781889705993,0.7023654889889956,0.4677662854360604
Female,Skin and subcutaneous diseases,44,0.6387311642594452,0.7652076797230195,0.5132853729724585
Female,Skin and subcutaneous diseases,45,0.6989021642390594,0.8351181088948842,0.5644654839680241
Female,Skin and subcutaneous diseases,46,0.7647372737820328,0.9113369993547,0.6208433446990675
Female,Skin and subcutaneous diseases,47,0.8356825777609568,0.9931045739525772,0.6819556814418986
Female,Skin and subcutaneous diseases,48,0.9123898637029159,1.080614677073317,0.7493383635421856
Female,Skin and subcutaneous diseases,49,0.9968630798634486,1.1760709050276166,0.8249688385203825
Female,Skin and subcutaneous diseases,50,1.090576552207828,1.2817281085544299,0.9090461999149775
Female,Skin and subcutaneous diseases,51,1.1950046067013256,1.3998411383927114,1.0017695412644587
Female,Skin and subcutaneous diseases,52,1.3116215693092144,1.5326648452814142,1.1033379561073144
Female,Skin and subcutaneous diseases,53,1.4504686802307156,1.6930496200367442,1.219958403064008
Female,Skin and subcutaneous diseases,54,1.6152366396234832,1.8853150533042655,1.3545345650202163
Female,Skin and subcutaneous diseases,55,1.7978739633904366,2.0989197955669705,1.5023106219122457
Female,Skin and subcutaneous diseases,56,1.990329167434496,2.323322497307852,1.6585307536764042
Female,Skin and subcutaneous diseases,57,2.184550767658581,2.5479818090099013,1.818439140248999
Female,Skin and subcutaneous diseases,58,2.383311927418421,2.7753548020629446,1.9845769909207829
Female,Skin and subcutaneous diseases,59,2.5927920168331187,3.0131866297352845,2.161049188421405
Female,Skin and subcutaneous diseases,60,2.810048861950656,3.2588680653276327,2.3454454228455144
Female,Skin and subcutaneous diseases,61,3.0321402888190128,3.5097898821406996,2.5353553842877634
Female,Skin and subcutaneous diseases,62,3.25612412348617,3.763342853475196,2.728368762842802
Female,Skin and subcutaneous diseases,63,3.471482921556277,4.006386960694961,2.9168458091216984
Female,Skin and subcutaneous diseases,64,3.6803595400462172,4.2408674048964,3.1027192704562867
Female,Skin and subcutaneous diseases,65,3.8988022571230716,4.486802788979067,3.297937582022365
Female,Skin and subcutaneous diseases,66,4.142859350953923,4.76421171584252,3.5144491789957315
Female,Skin and subcutaneous diseases,67,4.428579099705855,5.093112788386317,3.764202496552187
Female,Skin and subcutaneous diseases,68,4.778176689972713,5.507159709384741,4.064733457244453
Female,Skin and subcutaneous diseases,69,5.196212182314861,6.014332231891208,4.419169933242846
Female,Skin and subcutaneous diseases,70,5.67225116584916,6.596138034223977,4.817848284149549
Female,Skin and subcutaneous diseases,71,6.195859229692468,7.234084794701303,5.251104869566753
Female,Skin and subcutaneous diseases,72,6.756601962961643,7.909680191641443,5.709276049096642
Female,Skin and subcutaneous diseases,73,7.3664245356481395,8.629142035728913,6.199456405856828
Female,Skin and subcutaneous diseases,74,8.04595891054204,9.4190426612066,6.736002022838403
Female,Skin and subcutaneous diseases,75,8.797800865958143,10.29142153173032,7.3201415094537765
Female,Skin and subcutaneous diseases,76,9.624546180211253,11.258318110955893,7.953103475115359
Female,Skin and subcutaneous diseases,77,10.528790631616165,12.331771862539124,8.63611652923556
Female,Skin and subcutaneous diseases,78,11.542857030675291,13.565259128823453,9.384751442056665
Female,Skin and subcutaneous diseases,79,12.69041627017444,14.988790214350516,10.21129672212188
Female,Skin and subcutaneous diseases,80,13.961086251853503,16.57920552607345,11.112057586295007
Female,Skin and subcutaneous diseases,81,15.344484877452368,18.313345470945396,12.083339251439833
Female,Skin and subcutaneous diseases,82,16.830230048710927,20.16805045591949,13.121446934420154
Female,Skin and subcutaneous diseases,83,18.419732779152906,22.147284626096468,14.217784699456267
Female,Skin and subcutaneous diseases,84,20.150152705162043,24.304168277773062,15.391397348038359
Female,Skin and subcutaneous diseases,85,22.064730662768294,26.689276044696424,16.68005120293507
Female,Skin and subcutaneous diseases,86,24.20670748800159,29.3531825606137,18.12151258691503
Female,Skin and subcutaneous diseases,87,26.619324016891877,32.346462459272026,19.75354782274689
Female,Skin and subcutaneous diseases,88,29.489252564682083,35.87584210110867,21.724264763668025
Female,Skin and subcutaneous diseases,89,32.89568669233536,40.03641581688932,24.083398380632296
Female,Skin and subcutaneous diseases,90,36.72064910446201,44.711310195853756,26.72115567298305
Female,Skin and subcutaneous diseases,91,40.8461625056723,49.78365182724177,29.527743640063623
Female,Skin and subcutaneous diseases,92,45.154249600576506,55.136567300293166,32.393369281217375
Female,Skin and subcutaneous diseases,93,49.72311643283184,60.89289284943889,35.34588369180237
Female,Skin and subcutaneous diseases,94,54.687275992453245,67.21828424930312,38.47837584513122
Female,Skin and subcutaneous diseases,95,60.01321140358764,74.06009739941543,41.778909557479004
Female,Skin and subcutaneous diseases,96,65.66740579038193,81.3656881993054,45.23554864512086
Female,Skin and subcutaneous diseases,97,71.61634227698306,89.08241254850263,48.836356924331874
Female,Skin and subcutaneous diseases,98,71.61634227698305,89.08241254850263,48.836356924331874
Female,Skin and subcutaneous diseases,99,71.61634227698305,89.08241254850263,48.836356924331874
Female,Skin and subcutaneous diseases,100,71.61634227698305,89.08241254850263,48.836356924331874
Female,Substance use disorders,0,0.0,0.0,0.0
Female,Substance use disorders,1,0.0,0.0,0.0
Female,Substance use disorders,2,0.0,0.0,0.0
Female,Substance use disorders,3,0.0,0.0,0.0
Female,Substance use disorders,4,0.0,0.0,0.0
Female,Substance use disorders,5,0.0,0.0,0.0
Female,Substance use disorders,6,0.0,0.0,0.0
Female,Substance use disorders,7,0.0,0.0,0.0
Female,Substance use disorders,8,0.0,0.0,0.0
Female,Substance use disorders,9,0.0,0.0,0.0
Female,Substance use disorders,10,0.0,0.0,0.0
Female,Substance use disorders,11,0.0,0.0,0.0
Female,Substance use disorders,12,0.0,0.0,0.0
Female,Substance use disorders,13,0.26026770341511557,0.35316182167784765,0.1892878135327742
Female,Substance use disorders,14,0.9538129829085824,1.2897972723326214,0.6962350478096027
Female,Substance use disorders,15,1.9497490923525806,2.6256313303961676,1.4294673933482442
Female,Substance use disorders,16,3.1171892856192907,4.176388974300332,2.297610540666458
Female,Substance use disorders,17,4.325246816580893,5.757795182476961,3.209290180282002
Female,Substance use disorders,18,5.7559552635210816,7.577795788320214,4.326053019964582
Female,Substance use disorders,19,7.5715321877483595,9.835958139184672,5.780457063236088
Female,Substance use disorders,20,9.611366817672112,12.335439484442823,7.4376449442425585
Female,Substance use disorders,21,11.714848381701724,14.879397073467153,9.16275929713003
Female,Substance use disorders,22,13.721366108246592,17.27098815563014,10.820942756044545
Female,Substance use disorders,23,15.624418588924518,19.478334133534652,12.416712805140747
Female,Substance use disorders,24,17.531217502002047,21.633137736452035,14.040875111130726
Female,Substance use disorders,25,19.45172170586164,23.783928203757462,15.688004581996664
Female,Substance use disorders,26,21.395890058885787,25.97923477482613,17.35267612572074
Female,Substance use disorders,27,23.37368141945696,28.267586689033223,19.02946465028515
Female,Substance use disorders,28,25.52103776720382,30.825966093913326,20.82449351159348
Female,Substance use disorders,29,27.83229694633183,33.62651762664722,22.741765661778384
Female,Substance use disorders,30,30.105011612088685,36.41051426107941,24.622675403165616
Female,Substance use disorders,31,32.13673441972206,38.91922897105437,26.30861703808095
Female,Substance use disorders,32,33.725018024479645,40.89393473041661,27.64098486885014
Female,Substance use disorders,33,34.934395006223426,42.40277046330994,28.681917071393094
Female,Substance use disorders,34,35.98355185986035,43.71350864590649,29.602720537412303
Female,Substance use disorders,35,36.901272113205636,44.86687258009318,30.408542642907403
Female,Substance use disorders,36,37.716339294074444,45.90358556775699,31.104530763878028
Female,Substance use disorders,37,38.45753693028199,46.864370910784835,31.695832276323827
Female,Substance use disorders,38,39.21237254825162,47.86416067217664,32.25273189436851
Female,Substance use disorders,39,39.98001758993348,48.89410210720038,32.798825506363876
Female,Substance use disorders,40,40.65675145643294,49.80924130614516,33.269227249651706
Female,Substance use disorders,41,41.138853548855366,50.46462435930003,33.59905126157378
Female,Substance use disorders,42,41.32260326830608,50.71529735695408,33.72341167947185
Female,Substance use disorders,43,41.1626775880418,50.55996150048095,33.592792288032214
Female,Substance use disorders,44,40.7582778696414,50.16976732749035,33.259024895155406
Female,Substance use disorders,45,40.222470096693506,49.65843493262552,32.80924567300462
Female,Substance use disorders,46,39.668320252786785,49.139684410529675,32.33059079374299
Female,Substance use disorders,47,39.20889432150987,48.727235855846025,31.910196429533705
Female,Substance use disorders,48,38.86074325038424,48.44581250435396,31.54739245103342
Female,Substance use disorders,49,38.54650349335265,48.2146965337348,31.184087878424318
Female,Substance use disorders,50,38.23836929363571,47.989446451484696,30.821287608157874
Female,Substance use disorders,51,37.90853489445399,47.72562076509979,30.459996536685548
Female,Substance use disorders,52,37.52919453902808,47.37877798207622,30.1012195604588
Female,Substance use disorders,53,37.12018693347366,46.90089347098002,29.78057804403955
Female,Substance use disorders,54,36.69077459817151,46.269281101773885,29.49737885170993
Female,Substance use disorders,55,36.19728749773989,45.47750713404901,29.198155129501735
Female,Substance use disorders,56,35.59605559679709,44.51913782739661,28.829440023446754
Female,Substance use disorders,57,34.84340885996136,43.38773944140789,28.33776667957679
Female,Substance use disorders,58,33.589824833819016,41.64915600986047,27.434390640414083
Female,Substance use disorders,59,31.7028197544452,39.11854050448642,26.013153770407037
Female,Substance use disorders,60,29.46428162069144,36.16342259180856,24.294468698476717
Female,Substance use disorders,61,27.15609843140926,33.1513319383497,22.49874805354417
Female,Substance use disorders,62,25.060158185450153,30.449798210632643,20.846404464530465
Female,Substance use disorders,63,23.139345936326336,28.028793732131867,19.296192008091165
Female,Substance use disorders,64,21.205003560193855,25.63939610358942,17.701147601885797
Female,Substance use disorders,65,19.31170428987,23.32079290742949,16.123108136341358
Female,Substance use disorders,66,17.51402135817206,21.112171726076273,14.623910501884836
Female,Substance use disorders,67,15.86652799791733,19.05272014195396,13.265391588943238
Female,Substance use disorders,68,14.29415434319232,17.02201780082868,11.99710285709382
Female,Substance use disorders,69,12.745267843090383,14.979308992983848,10.763808335831587
Female,Substance use disorders,70,11.309597702939069,13.083278267619562,9.620163770460136
Female,Substance use disorders,71,10.076873128065927,11.492610173935935,8.620824906283074
Female,Substance use disorders,72,9.136823323798504,10.365989261133072,7.820447488603997
Female,Substance use disorders,73,8.402892439983681,9.565046429586612,7.166510496402155
Female,Substance use disorders,74,7.744955814430116,8.862126316787679,6.5784148071712485
Female,Substance use disorders,75,7.187389434408031,8.28198407760959,6.068699013986565
Female,Substance use disorders,76,6.75456928718765,7.849374866925667,5.649901709923389
Female,Substance use disorders,77,6.470871360039195,7.589053839609239,5.334561488057008
Female,Substance use disorders,78,6.277821162387488,7.4321452174948845,5.077261448818616
Female,Substance use disorders,79,6.108164227588913,7.297931894454629,4.838878617955244
Female,Substance use disorders,80,5.973106578811039,7.193407033417948,4.64139247651593
Female,Substance use disorders,81,5.8838542392214315,7.125563797314322,4.506782505549713
Female,Substance use disorders,82,5.851613231987659,7.101395349073228,4.457028186105632
Female,Substance use disorders,83,5.905434504398929,7.184397908529692,4.471876807830584
Female,Substance use disorders,84,6.0474711649559785,7.401792445983652,4.512473509467867
Female,Substance use disorders,85,6.248582478643668,7.706159250061966,4.572894545711123
Female,Substance use disorders,86,6.479627710446853,8.050078609391488,4.647216171253991
Female,Substance use disorders,87,6.711466125350396,8.386130812599074,4.729514640790113
Female,Substance use disorders,88,6.967888251058738,8.7357826281593,4.8566435970091915
Female,Substance use disorders,89,7.276739607213534,9.137781847673791,5.046958257214074
Female,Substance use disorders,90,7.61496194670546,9.570630294459981,5.266787238018116
Female,Substance use disorders,91,7.959497022425196,10.012829791835307,5.482459156034677
Female,Substance use disorders,92,8.287286587263418,10.442882163117195,5.660302627877113
Female,Substance use disorders,93,8.598351361029811,10.860828576482794,5.8040040372796184
Female,Substance use disorders,94,8.908078308327982,11.281030555561292,5.938644104405333
Female,Substance use disorders,95,9.216458549239492,11.703470456848207,6.062642950511031
Female,Substance use disorders,96,9.523483203845906,12.128130636839042,6.174420696853485
Female,Substance use disorders,97,9.829143392228795,12.554993452029311,6.272397464689469
Female,Substance use disorders,98,9.829143392228795,12.554993452029311,6.272397464689469
Female,Substance use disorders,99,9.829143392228795,12.554993452029311,6.272397464689469
Female,Substance use disorders,100,9.829143392228795,12.554993452029311,6.272397464689469
Male,Cardiovascular diseases,0,8.450110372104152,10.389073868356087,6.7960920907552085
Male,Cardiovascular diseases,1,6.304215966929042,7.745891973737418,5.078446169449153
Male,Cardiovascular diseases,2,2.4942675452768497,3.052773587922575,2.0290648172390617
Male,Cardiovascular diseases,3,0.7476321721164332,0.90917013397307,0.6237418774923997
Male,Cardiovascular diseases,4,0.6217387737018315,0.7672410525798321,0.5107297206925139
Male,Cardiovascular diseases,5,0.5353990183935021,0.6700659064062192,0.4330390614999481
Male,Cardiovascular diseases,6,0.48571805562436393,0.6142501511732814,0.388220726493379
Male,Cardiovascular diseases,7,0.4698010348273359,0.5963992426020688,0.3738255422514834
Male,Cardiovascular diseases,8,0.4885435992006158,0.6195448980746193,0.3897947344598677
Male,Cardiovascular diseases,9,0.5400023882559264,0.6828434211782686,0.4336791239333733
Male,Cardiovascular diseases,10,0.6170240458964736,0.7770871469420136,0.4994439299445293
Male,Cardiovascular diseases,11,0.7124552160254639,0.8930684103948511,0.5810543717658646
Male,Cardiovascular diseases,12,0.8191425425461032,1.0215795465657778,0.6724756686699083
Male,Cardiovascular diseases,13,0.9783220326506766,1.2054731207157827,0.8117092515609081
Male,Cardiovascular diseases,14,1.2163023453788029,1.4735973092717625,1.0218060800831308
Male,Cardiovascular diseases,15,1.5035391024046887,1.795737864011573,1.274305666619134
Male,Cardiovascular diseases,16,1.8104879254025406,2.1416805367130727,1.5407475235514747
Male,Cardiovascular diseases,17,2.1076044360465667,2.481211079154118,1.7926711632627108
Male,Cardiovascular diseases,18,2.3780920760245152,2.7972468325594804,2.012709245496094
Male,Cardiovascular diseases,19,2.642690914376369,3.111760331157586,2.2200685300014436
Male,Cardiovascular diseases,20,2.9281615138046857,3.4531201162317746,2.441149679171167
Male,Cardiovascular diseases,21,3.261264437012022,3.8496947290653853,2.702353355397671
Male,Cardiovascular diseases,22,3.668760246700934,4.329852710941758,3.030080221073363
Male,Cardiovascular diseases,23,4.211729162523236,4.957140048060069,3.4912399717284295
Male,Cardiovascular diseases,24,4.919129005355664,5.762900605226412,4.116033970601517
Male,Cardiovascular diseases,25,5.769536739738151,6.727199741634505,4.875800381647728
Male,Cardiovascular diseases,26,6.741529330210636,7.830102816478065,5.741877368822164
Male,Cardiovascular diseases,27,7.813683741313056,9.051675188950806,6.685603096079924
Male,Cardiovascular diseases,28,9.066261512106413,10.489971512630394,7.764586331732829
Male,Cardiovascular diseases,29,10.573859616091369,12.22912830336344,9.045776324112955
Male,Cardiovascular diseases,30,12.306558169467351,14.228333713747094,10.514521957205796
Male,Cardiovascular diseases,31,14.23443728843378,16.44677589637851,12.156172114996835
Male,Cardiovascular diseases,32,16.32757708919009,18.84364300385483,13.956075681471566
Male,Cardiovascular diseases,33,18.65166482450379,21.49588293212457,15.97563129825843
Male,Cardiovascular diseases,34,21.29581716409936,24.503895646731017,18.29286033221436
Male,Cardiovascular diseases,35,24.26525834961171,27.862047404663493,20.918045755167594
Male,Cardiovascular diseases,36,27.565212622675727,31.564704462911305,23.86147053894636
Male,Cardiovascular diseases,37,31.200904224926298,35.60623307846378,27.13341765537888
Male,Cardiovascular diseases,38,35.37004751265691,40.16486963684813,30.962075067617256
Male,Cardiovascular diseases,39,40.19788115019838,45.36195399966016,35.48183906179673
Male,Cardiovascular diseases,40,45.58091584124161,51.1065076379921,40.562305094220264
Male,Cardiovascular diseases,41,51.415662289477524,57.307552022936186,46.07306862119083
Male,Cardiovascular diseases,42,57.59863119859702,63.874108625584626,51.88372509901141
Male,Cardiovascular diseases,43,64.19426417171798,70.86810758204449,58.02433969230853
Male,Cardiovascular diseases,44,71.37427349739771,78.44916035662087,64.67577128473033
Male,Cardiovascular diseases,45,79.19607590748635,86.672810412703,71.93380591111212
Male,Cardiovascular diseases,46,87.71708813383395,95.59460121368018,79.89422960628924
Male,Cardiovascular diseases,47,96.99472690829064,105.27007622294164,88.65282840509704
Male,Cardiovascular diseases,48,107.27006708419417,115.89376243255096,98.53769643229003
Male,Cardiovascular diseases,49,118.71689537725801,127.62654621710874,109.72927679536475
Male,Cardiovascular diseases,50,131.29169631289574,140.47351011380974,122.10187900326942
Male,Cardiovascular diseases,51,144.95095441652094,154.4397366598487,135.52981256495218
Male,Cardiovascular diseases,52,159.6511542135473,169.5303083924204,149.8873869893614
Male,Cardiovascular diseases,53,175.8325827085075,186.2433565470899,165.55064274947952
Male,Cardiovascular diseases,54,193.81461908264515,204.88807670288818,182.86771385550298
Male,Cardiovascular diseases,55,213.3723861264402,225.1861479122091,201.671050122201
Male,Cardiovascular diseases,56,234.28100663037262,246.85924922744638,221.79310136434268
Male,Cardiovascular diseases,57,256.3156033849224,269.6290597009938,243.06631739669723
Male,Cardiovascular diseases,58,280.1402621033328,294.12963321769513,266.2289624984982
Male,Cardiovascular diseases,59,306.15700570441476,320.7909816516656,291.65032232072355
Male,Cardiovascular diseases,60,333.7478627869997,349.02872103920635,318.609378735759
Male,Cardiovascular diseases,61,362.2948619499185,378.25846741661843,346.38511361599035
Male,Cardiovascular diseases,62,391.1800317920028,407.895836820203,374.25650883380337
Male,Cardiovascular diseases,63,419.66302397845465,437.1064613280117,401.4893760852978
Male,Cardiovascular diseases,64,448.211873561709,466.34184952707267,428.59788246689675
Male,Cardiovascular diseases,65,478.02118422144633,496.94643221715194,456.73354295147027
Male,Cardiovascular diseases,66,510.2855596373468,530.2646401980155,487.04787251188884
Male,Cardiovascular diseases,67,546.1996034890909,567.6409042694293,520.6923861210228
Male,Cardiovascular diseases,68,586.3180177775866,609.9673686385867,558.0290724566148
Male,Cardiovascular diseases,69,630.6970258552213,657.3871464440462,599.0077137745828
Male,Cardiovascular diseases,70,679.7835134288943,710.1211218826214,644.1615154150597
Male,Cardiovascular diseases,71,734.0243662055047,768.3901791511255,694.0236827181786
Male,Cardiovascular diseases,72,793.8664698919521,832.4152024463722,749.1274210240725
Male,Cardiovascular diseases,73,859.7483290106193,902.4382489918543,810.6265577858379
Male,Cardiovascular diseases,74,933.3103543772077,980.3320430134187,879.9487665620163
Male,Cardiovascular diseases,75,1016.8022911385938,1068.763469211411,958.0380218509074
Male,Cardiovascular diseases,76,1112.4738844416545,1170.3994122861745,1045.8382981508114
Male,Cardiovascular diseases,77,1222.574879433266,1287.9067569380554,1144.2935699600278
Male,Cardiovascular diseases,78,1356.0579697892688,1431.3100023849195,1257.8708863786267
Male,Cardiovascular diseases,79,1519.2472141164571,1607.7199529724633,1390.5970384533664
Male,Cardiovascular diseases,80,1710.44940495814,1815.4329510927776,1542.755613602579
Male,Cardiovascular diseases,81,1927.9713348576252,2052.7453391379527,1714.6301992445965
Male,Cardiovascular diseases,82,2170.119796358222,2317.953459500079,1906.5043827977513
Male,Cardiovascular diseases,83,2449.8590709213026,2627.0293369580845,2127.3986793348377
Male,Cardiovascular diseases,84,2781.571918892342,2996.9002549371858,2386.6574897030223
Male,Cardiovascular diseases,85,3165.692851140803,3427.2954437989097,2685.0502299821965
Male,Cardiovascular diseases,86,3602.6563785361514,3917.944133904784,3023.346316252252
Male,Cardiovascular diseases,87,4092.8970119478504,4468.575555616334,3402.31516459308
Male,Cardiovascular diseases,88,4699.089410920199,5146.623063394907,3876.942976352879
Male,Cardiovascular diseases,89,5448.78815261564,5984.617947851142,4467.002450896523
Male,Cardiovascular diseases,90,6289.747624330851,6929.936343570499,5120.442751328914
Male,Cardiovascular diseases,91,7169.7222133625155,7929.95438513844,5785.213040754955
Male,Cardiovascular diseases,92,8036.466307007312,8932.048207140428,6409.262482279547
Male,Cardiovascular diseases,93,8892.202466273236,9942.26008335343,6992.796860051845
Male,Cardiovascular diseases,94,9773.348643206311,10999.988500561165,7570.663720679882
Male,Cardiovascular diseases,95,10678.952311660249,12102.64391285922,8142.77487095688
Male,Cardiovascular diseases,96,11608.06094548877,13247.636774343177,8709.042117676054
Male,Cardiovascular diseases,97,12559.722018545586,14432.377539108616,9269.377267630627
Male,Cardiovascular diseases,98,12559.722018545586,14432.377539108616,9269.377267630627
Male,Cardiovascular diseases,99,12559.722018545586,14432.377539108616,9269.377267630627
Male,Cardiovascular diseases,100,12559.722018545586,14432.377539108616,9269.377267630627
Male,Chronic respiratory diseases,0,0.9416738511673768,1.2191039735001383,0.7133036303540325
Male,Chronic respiratory diseases,1,0.7761673630731422,1.0057457609880107,0.5898872499621711
Male,Chronic respiratory diseases,2,0.48288930122642715,0.6268225169687076,0.37162462986750566
Male,Chronic respiratory diseases,3,0.3545603706932123,0.4607481890311298,0.2762567615950311
Male,Chronic respiratory diseases,4,0.35550642468621985,0.46093522257794434,0.27753588494050174
Male,Chronic respiratory diseases,5,0.35814515230196264,0.46147778153908653,0.2810364223728049
Male,Chronic respiratory diseases,6,0.36217740199552045,0.46234805339560414,0.28625312498577754
Male,Chronic respiratory diseases,7,0.3673040222219734,0.4635182256285451,0.2926807438732566
Male,Chronic respiratory diseases,8,0.38363865530511937,0.4792918697256324,0.3080397810375173
Male,Chronic respiratory diseases,9,0.41540326447976994,0.5160910335735622,0.3354864567885846
Male,Chronic respiratory diseases,10,0.45346117956752446,0.5620656192518424,0.3676690996819195
Male,Chronic respiratory diseases,11,0.48867573038998274,0.6053655288399801,0.39723603827298337
Male,Chronic respiratory diseases,12,0.5119102467687445,0.6341406644174833,0.4168356011172373
Male,Chronic respiratory diseases,13,0.5234243218188903,0.6484501745158316,0.42672808752964114
Male,Chronic respiratory diseases,14,0.531295582035214,0.6583587527644356,0.43352589949131487
Male,Chronic respiratory diseases,15,0.5381144073088843,0.6670246188896984,0.4394055195569599
Male,Chronic respiratory diseases,16,0.5464711775310704,0.6776059926180235,0.4465434302812776
Male,Chronic respiratory diseases,17,0.5589562725929417,0.6932610936758145,0.4571161142189694
Male,Chronic respiratory diseases,18,0.5831591862215484,0.7228795301826849,0.476909594689793
Male,Chronic respiratory diseases,19,0.6215861646530814,0.7693578429718124,0.5076500379622446
Male,Chronic respiratory diseases,20,0.6692027165424193,0.8268646508399451,0.5454241410141334
Male,Chronic respiratory diseases,21,0.7209743505444408,0.8895685725838317,0.5863186008232688
Male,Chronic respiratory diseases,22,0.7718665753140254,0.9516382270002204,0.6264201143674601
Male,Chronic respiratory diseases,23,0.8213546258092067,1.012665895184798,0.6649739103625234
Male,Chronic respiratory diseases,24,0.8732163165462605,1.077146857250202,0.7048700190208099
Male,Chronic respiratory diseases,25,0.9288710255174277,1.1466042305186068,0.7476623395649312
Male,Chronic respiratory diseases,26,0.9897381307149498,1.2225611323121879,0.794904771217499
Male,Chronic respiratory diseases,27,1.0572370101310675,1.3065406799531196,0.8481512132011252
Male,Chronic respiratory diseases,28,1.1350619011266017,1.4031527749317383,0.9110286794622564
Male,Chronic respiratory diseases,29,1.2241520481324404,1.5136780739683224,0.9844339702343021
Male,Chronic respiratory diseases,30,1.321794339745928,1.6346458272299584,1.0658256641703172
Male,Chronic respiratory diseases,31,1.4252756645644076,1.7625852848837336,1.1526623399233569
Male,Chronic respiratory diseases,32,1.531882911185223,1.8940256970967344,1.2424025761464763
Male,Chronic respiratory diseases,33,1.637348753169063,2.0242410993028725,1.3313857031304972
Male,Chronic respiratory diseases,34,1.7442190107694593,2.156366316997362,1.4220906478732034
Male,Chronic respiratory diseases,35,1.8600002926230186,2.2987217854392465,1.5211853840880925
Male,Chronic respiratory diseases,36,1.992199207366349,2.4596279398875693,1.6353378854886624
Male,Chronic respiratory diseases,37,2.1483223636360576,2.6474052156013745,1.771216125788411
Male,Chronic respiratory diseases,38,2.342169055019173,2.875219264146181,1.9442181201825697
Male,Chronic respiratory diseases,39,2.5805116947050384,3.149198722780781,2.1618313028639706
Male,Chronic respiratory diseases,40,2.8603165707337306,3.4671085053041275,2.4188577760425094
Male,Chronic respiratory diseases,41,3.1785499711453262,3.826713525515172,2.7100996419280836
Male,Chronic respiratory diseases,42,3.532178183979903,4.225778697212868,3.0303590027305902
Male,Chronic respiratory diseases,43,3.9276922073649523,4.6687017783710045,3.382569927557863
Male,Chronic respiratory diseases,44,4.386217133725674,5.176627375305208,3.7856577587548332
Male,Chronic respiratory diseases,45,4.926670392548704,5.772440674327191,4.25841150838704
Male,Chronic respiratory diseases,46,5.567969413320684,6.479026861748661,4.819620188520023
Male,Chronic respiratory diseases,47,6.32903162552825,7.319271123881326,5.488072811219323
Male,Chronic respiratory diseases,48,7.332745417522006,8.432342325944099,6.3708872481285646
Male,Chronic respiratory diseases,49,8.664970730033765,9.911591278939804,7.543580280035951
Male,Chronic respiratory diseases,50,10.289082321121985,11.711176087856039,8.977539282723885
Male,Chronic respiratory diseases,51,12.168454948845113,13.785254857680389,10.644151631974767
Male,Chronic respiratory diseases,52,14.266463371261608,16.08798569340045,12.514804703571
Male,Chronic respiratory diseases,53,16.736077047719306,18.755471205732427,14.745640819849774
Male,Chronic respiratory diseases,54,19.752435591409007,21.97019218239558,17.502570823359616
Male,Chronic respiratory diseases,55,23.31216899115362,25.755873993882027,20.771634870199954
Male,Chronic respiratory diseases,56,27.411907235776052,30.136242010683937,24.538873116470203
Male,Chronic respiratory diseases,57,32.048280314099195,35.13502160329345,28.790325718269784
Male,Chronic respiratory diseases,58,37.7986882848888,41.46325570234923,34.064000582938206
Male,Chronic respiratory diseases,59,44.994001970749956,49.4993228545311,40.67044934650347
Male,Chronic respiratory diseases,60,53.26105750626467,58.767951854393,48.254527758097716
Male,Chronic respiratory diseases,61,62.22669102601492,68.79387149648886,56.461091566853135
Male,Chronic respiratory diseases,62,71.51773866458264,79.10181057537262,64.93499652190187
Male,Chronic respiratory diseases,63,81.17537596126449,89.67663792098215,73.69154490613184
Male,Chronic respiratory diseases,64,91.57600073820541,100.95808758774712,83.07393894598535
Male,Chronic respiratory diseases,65,102.84928255425999,113.15318620695903,93.21888430592603
Male,Chronic respiratory diseases,66,115.12489096828273,126.46896040990954,104.26308665041756
Male,Chronic respiratory diseases,67,128.53249553912812,141.1124368278902,116.34325164392364
Male,Chronic respiratory diseases,68,143.27110702569865,157.38423587677525,129.63272136389526
Male,Chronic respiratory diseases,69,159.56522591651526,175.52164793033475,144.32215852182148
Male,Chronic respiratory diseases,70,177.58275636486033,195.6367045567039,160.57424973322284
Male,Chronic respiratory diseases,71,197.49160252401614,217.84143732401805,178.5516816136199
Male,Chronic respiratory diseases,72,219.459668547265,242.2478778004124,198.4171407785332
Male,Chronic respiratory diseases,73,244.61460581940844,269.91920649624996,221.51696602761223
Male,Chronic respiratory diseases,74,273.5563221083819,301.5393463965478,248.4043464493483
Male,Chronic respiratory diseases,75,305.6611061421689,336.65144278142236,278.0522440925249
Male,Chronic respiratory diseases,76,340.30524664875264,374.7986409309899,309.4336210059254
Male,Chronic respiratory diseases,77,376.8650323561167,415.52408612536703,341.5214392383333
Male,Chronic respiratory diseases,78,415.9344703926624,459.69442494561156,374.2327108712182
Male,Chronic respiratory diseases,79,458.45911042997454,508.3711651082417,408.44455218329114
Male,Chronic respiratory diseases,80,504.3425550108124,561.3897435965636,444.57008151919774
Male,Chronic respiratory diseases,81,553.488406677935,618.5855973938835,483.0224172235833
Male,Chronic respiratory diseases,82,605.8002679741014,679.7941634835081,524.2146776410937
Male,Chronic respiratory diseases,83,662.1911570196405,746.4149878629428,569.2810218808403
Male,Chronic respiratory diseases,84,723.417084842321,819.5563202350965,618.4459017965883
Male,Chronic respiratory diseases,85,789.1461433460618,898.6166531413805,670.7578748499619
Male,Chronic respiratory diseases,86,859.0464244347812,982.9944791232059,725.2654985025863
Male,Chronic respiratory diseases,87,932.7860200123982,1072.0882907219843,781.0173302160863
Male,Chronic respiratory diseases,88,1015.7351561443766,1171.7534337317186,842.6183813630817
Male,Chronic respiratory diseases,89,1108.8612429617037,1283.3877552326849,910.8919981229712
Male,Chronic respiratory diseases,90,1205.2281484665843,1399.703499695705,979.2142401675492
Male,Chronic respiratory diseases,91,1297.8997406612218,1513.4129115916007,1040.9611671686093
Male,Chronic respiratory diseases,92,1379.9398875478205,1617.2282353911935,1089.5088387979451
Male,Chronic respiratory diseases,93,1452.5578778200795,1711.8792204120084,1128.084880288407
Male,Chronic respiratory diseases,94,1521.2415771148856,1802.7456198526827,1163.410698453691
Male,Chronic respiratory diseases,95,1585.4727188492247,1889.5146840057055,1194.1030253368624
Male,Chronic respiratory diseases,96,1644.7330364400834,1971.8736631635657,1218.7785929809852
Male,Chronic respiratory diseases,97,1698.504263304448,2049.509807618753,1236.0541334291238
Male,Chronic respiratory diseases,98,1698.504263304448,2049.509807618753,1236.0541334291238
Male,Chronic respiratory diseases,99,1698.504263304448,2049.509807618753,1236.0541334291238
Male,Chronic respiratory diseases,100,1698.504263304448,2049.509807618753,1236.0541334291238
Male,"Communicable, maternal, neonatal, and nutritional diseases",0,335.421929319161,353.4262815004949,312.9210338674391
Male,"Communicable, maternal, neonatal, and nutritional diseases",1,241.8636700365493,254.8712988536096,225.61682099431783
Male,"Communicable, maternal, neonatal, and nutritional diseases",2,75.6459936028444,79.77682352665326,70.50969480518991
Male,"Communicable, maternal, neonatal, and nutritional diseases",3,2.374542766229426,2.58075260072303,2.1483902644177904
Male,"Communicable, maternal, neonatal, and nutritional diseases",4,1.7269105919206467,1.879912353896576,1.5641482959156994
Male,"Communicable, maternal, neonatal, and nutritional diseases",5,1.2952243728497392,1.4129857295095327,1.174580423309629
Male,"Communicable, maternal, neonatal, and nutritional diseases",6,1.048608756668334,1.1460590597769196,0.9521492328110688
Male,"Communicable, maternal, neonatal, and nutritional diseases",7,0.9561883910280612,1.045218676913756,0.8693173106315072
Male,"Communicable, maternal, neonatal, and nutritional diseases",8,0.9331324175808409,1.0190091722233388,0.8493331391188804
Male,"Communicable, maternal, neonatal, and nutritional diseases",9,0.9151953316938997,0.9985952574005891,0.8337997153466034
Male,"Communicable, maternal, neonatal, and nutritional diseases",10,0.902379811591829,0.9839934452479638,0.822711397614385
Male,"Communicable, maternal, neonatal, and nutritional diseases",11,0.8946885354992197,0.9752202485679202,0.8160625442219342
Male,"Communicable, maternal, neonatal, and nutritional diseases",12,0.892124181640663,0.9722921801629152,0.8138475134689598
Male,"Communicable, maternal, neonatal, and nutritional diseases",13,0.9164802615537396,1.0006560920407395,0.8351776621893835
Male,"Communicable, maternal, neonatal, and nutritional diseases",14,0.9813912553619428,1.0760965779869616,0.8919991181535195
Male,"Communicable, maternal, neonatal, and nutritional diseases",15,1.0746212941687325,1.184136763470707,0.9735583960656661
Male,"Communicable, maternal, neonatal, and nutritional diseases",16,1.1839345090775686,1.3102997739610995,1.0691020106301208
Male,"Communicable, maternal, neonatal, and nutritional diseases",17,1.297095031191911,1.4401087349272643,1.167876476551182
Male,"Communicable, maternal, neonatal, and nutritional diseases",18,1.421990406404917,1.5811850457362258,1.2767964782336956
Male,"Communicable, maternal, neonatal, and nutritional diseases",19,1.5738444468502926,1.7505081482951108,1.4090657026099738
Male,"Communicable, maternal, neonatal, and nutritional diseases",20,1.7514256829923212,1.9476382318831968,1.5633641681755128
Male,"Communicable, maternal, neonatal, and nutritional diseases",21,1.9535026452952853,2.1721354857797617,1.7383718934258088
Male,"Communicable, maternal, neonatal, and nutritional diseases",22,2.178843864223469,2.423560099264083,1.9327688968563583
Male,"Communicable, maternal, neonatal, and nutritional diseases",23,2.446235553484172,2.7236465714245317,2.1613205294193283
Male,"Communicable, maternal, neonatal, and nutritional diseases",24,2.7689861047826776,3.087088098576303,2.434946411629455
Male,"Communicable, maternal, neonatal, and nutritional diseases",25,3.1376473155802382,3.5028829158389128,2.7465579663260904
Male,"Communicable, maternal, neonatal, and nutritional diseases",26,3.5427709833381082,3.960029258331874,3.089066616348584
Male,"Communicable, maternal, neonatal, and nutritional diseases",27,3.9749089055175415,4.447525361174704,3.455383784536286
Male,"Communicable, maternal, neonatal, and nutritional diseases",28,4.478516306642677,5.018909738205566,3.8808137612020817
Male,"Communicable, maternal, neonatal, and nutritional diseases",29,5.069946696372812,5.692947878147052,4.37881132405857
Male,"Communicable, maternal, neonatal, and nutritional diseases",30,5.697599299871933,6.406478478445319,4.909513627044672
Male,"Communicable, maternal, neonatal, and nutritional diseases",31,6.309873342304029,7.096340236546525,5.433057824099313
Male,"Communicable, maternal, neonatal, and nutritional diseases",32,6.855168048833088,7.699371849896826,5.9095810691614155
Male,"Communicable, maternal, neonatal, and nutritional diseases",33,7.3114157528681165,8.190775042138988,6.318628137880215
Male,"Communicable, maternal, neonatal, and nutritional diseases",34,7.71705264124303,8.61921788120009,6.688702596688473
Male,"Communicable, maternal, neonatal, and nutritional diseases",35,8.111233719259172,9.031738580952748,7.053379785700396
Male,"Communicable, maternal, neonatal, and nutritional diseases",36,8.53311399221789,9.475375355269584,7.446235045030196
Male,"Communicable, maternal, neonatal, and nutritional diseases",37,9.02184846542053,9.997166418023212,7.90084371479208
Male,"Communicable, maternal, neonatal, and nutritional diseases",38,9.613283813629065,10.644727987699698,8.450680579656566
Male,"Communicable, maternal, neonatal, and nutritional diseases",39,10.29384187837124,11.40268204360435,9.086286036093249
Male,"Communicable, maternal, neonatal, and nutritional diseases",40,11.028540415097051,12.223575440838673,9.776833841914948
Male,"Communicable, maternal, neonatal, and nutritional diseases",41,11.78239717925651,13.059955034504158,10.49149775493449
Male,"Communicable, maternal, neonatal, and nutritional diseases",42,12.520429926299617,13.864367679702308,11.199451532964703
Male,"Communicable, maternal, neonatal, and nutritional diseases",43,13.214999186105901,14.605239991684957,11.881402057437107
Male,"Communicable, maternal, neonatal, and nutritional diseases",44,13.889632822359891,15.314207755249907,12.558666268736221
Male,"Communicable, maternal, neonatal, and nutritional diseases",45,14.586099591219082,16.038631579817604,13.261333013104352
Male,"Communicable, maternal, neonatal, and nutritional diseases",46,15.346168248840979,16.825872074808498,14.019491136783808
Male,"Communicable, maternal, neonatal, and nutritional diseases",47,16.21160755138308,17.723289849643034,14.863229486016897
Male,"Communicable, maternal, neonatal, and nutritional diseases",48,17.21470606759405,18.755294090587245,15.803478776945056
Male,"Communicable, maternal, neonatal, and nutritional diseases",49,18.355216399969834,19.917161304738972,16.839043375410707
Male,"Communicable, maternal, neonatal, and nutritional diseases",50,19.626103355288805,21.21255308276637,17.98182260220763
Male,"Communicable, maternal, neonatal, and nutritional diseases",51,21.02033174032935,22.645131015337597,19.243715778129584
Male,"Communicable, maternal, neonatal, and nutritional diseases",52,22.53086636186985,24.218556693120807,20.636622223970356
Male,"Communicable, maternal, neonatal, and nutritional diseases",53,24.200175761801336,25.995108190981966,22.22943792658455
Male,"Communicable, maternal, neonatal, and nutritional diseases",54,26.0710214144621,28.022595428466285,24.058944242027405
Male,"Communicable, maternal, neonatal, and nutritional diseases",55,28.136807525301382,30.282977763260785,26.08886854489367
Male,"Communicable, maternal, neonatal, and nutritional diseases",56,30.390938299768454,32.75821455305251,28.28293820977808
Male,"Communicable, maternal, neonatal, and nutritional diseases",57,32.826817943312584,35.43026515552849,30.60488061127539
Male,"Communicable, maternal, neonatal, and nutritional diseases",58,35.48765911884988,38.358155151562855,33.05694298770527
Male,"Communicable, maternal, neonatal, and nutritional diseases",59,38.43220996209322,41.61729601740307,35.69913037016603
Male,"Communicable, maternal, neonatal, and nutritional diseases",60,41.67717788768705,45.214225953796124,38.58180682242033
Male,"Communicable, maternal, neonatal, and nutritional diseases",61,45.23927031027579,49.155483161489016,41.75533640823083
Male,"Communicable, maternal, neonatal, and nutritional diseases",62,49.13519464450387,53.44760584122877,45.2700831913602
Male,"Communicable, maternal, neonatal, and nutritional diseases",63,53.54119955795276,58.27833269014486,49.31866996585697
Male,"Communicable, maternal, neonatal, and nutritional diseases",64,58.55218921218494,63.75296697980305,53.9768619646556
Male,"Communicable, maternal, neonatal, and nutritional diseases",65,64.06285426281637,69.75439377260477,59.119736909847596
Male,"Communicable, maternal, neonatal, and nutritional diseases",66,69.967885365463,76.16549813095146,64.62237252352446
Male,"Communicable, maternal, neonatal, and nutritional diseases",67,76.16197317574083,82.86916511724456,70.35984652777768
Male,"Communicable, maternal, neonatal, and nutritional diseases",68,82.43539101590746,89.62035028281333,76.11649703365556
Male,"Communicable, maternal, neonatal, and nutritional diseases",69,88.92993607276095,96.56640283659877,82.0355206647644
Male,"Communicable, maternal, neonatal, and nutritional diseases",70,96.06758479872799,104.17879832741986,88.53028291203275
Male,"Communicable, maternal, neonatal, and nutritional diseases",71,104.27031364623518,112.92901230409558,96.01414926638911
Male,"Communicable, maternal, neonatal, and nutritional diseases",72,113.96009906770914,123.28852031544498,104.90048521876204
Male,"Communicable, maternal, neonatal, and nutritional diseases",73,126.0151017645141,136.16330024402208,116.19248772412395
Male,"Communicable, maternal, neonatal, and nutritional diseases",74,140.9536287028564,152.10408724166973,130.39062424816413
Male,"Communicable, maternal, neonatal, and nutritional diseases",75,158.65787573242594,171.04949276114016,147.15416604788643
Male,"Communicable, maternal, neonatal, and nutritional diseases",76,179.01003870291248,192.9381282551855,166.14238438029466
Male,"Communicable, maternal, neonatal, and nutritional diseases",77,201.892313464006,217.70860517655788,187.01455050239252
Male,"Communicable, maternal, neonatal, and nutritional diseases",78,229.3950325204129,247.88236627624403,211.0908204701663
Male,"Communicable, maternal, neonatal, and nutritional diseases",79,263.1342720949035,285.3450497215929,239.5980595386836
Male,"Communicable, maternal, neonatal, and nutritional diseases",80,302.2808436142636,329.0815600899001,272.0556027635704
Male,"Communicable, maternal, neonatal, and nutritional diseases",81,346.00555850527854,378.0768019584612,307.98278520045267
Male,"Communicable, maternal, neonatal, and nutritional diseases",82,393.4792281947343,431.3156799045719,346.89894190495653
Male,"Communicable, maternal, neonatal, and nutritional diseases",83,445.3150209299737,489.61131834818127,389.01481451654803
Male,"Communicable, maternal, neonatal, and nutritional diseases",84,503.74415839498005,555.6300603214177,435.8059838788685
Male,"Communicable, maternal, neonatal, and nutritional diseases",85,570.3645321714993,631.1366383198459,488.68904385380716
Male,"Communicable, maternal, neonatal, and nutritional diseases",86,646.7740338412773,717.8957848390306,549.0805883032526
Male,"Communicable, maternal, neonatal, and nutritional diseases",87,734.5705549860604,817.6722323745362,618.3972110890938
Male,"Communicable, maternal, neonatal, and nutritional diseases",88,847.2703919714006,945.2734887986807,708.5631703387037
Male,"Communicable, maternal, neonatal, and nutritional diseases",89,990.0879923989587,1106.8760638048902,823.269812318524
Male,"Communicable, maternal, neonatal, and nutritional diseases",90,1152.168474704643,1291.2981926203931,951.5843630990473
Male,"Communicable, maternal, neonatal, and nutritional diseases",91,1322.6569573243623,1487.358110472417,1082.574048750766
Male,"Communicable, maternal, neonatal, and nutritional diseases",92,1490.698558694025,1683.8740525881894,1205.3060953441725
Male,"Communicable, maternal, neonatal, and nutritional diseases",93,1656.8698945287895,1882.2731802807637,1319.8079408824692
Male,"Communicable, maternal, neonatal, and nutritional diseases",94,1828.8194209060196,2091.02940433655,1433.3876998923781
Male,"Communicable, maternal, neonatal, and nutritional diseases",95,2006.300016804933,2309.5310841928112,1546.0336132296684
Male,"Communicable, maternal, neonatal, and nutritional diseases",96,2189.0645612047488,2537.166579286809,1657.7339217501112
Male,"Communicable, maternal, neonatal, and nutritional diseases",97,2376.865933084684,2773.3242490558087,1768.4768663094767
Male,"Communicable, maternal, neonatal, and nutritional diseases",98,2376.865933084684,2773.324249055808,1768.4768663094767
Male,"Communicable, maternal, neonatal, and nutritional diseases",99,2376.865933084684,2773.324249055808,1768.4768663094767
Male,"Communicable, maternal, neonatal, and nutritional diseases",100,2376.865933084684,2773.324249055808,1768.4768663094767
Male,Diabetes and kidney diseases,0,0.9400940419660618,1.131743651847703,0.7573860768436081
Male,Diabetes and kidney diseases,1,0.7158529168457257,0.8602078059273858,0.5791570364033483
Male,Diabetes and kidney diseases,2,0.3176334167623382,0.37797569346466514,0.2626666512088275
Male,Diabetes and kidney diseases,3,0.1376878426427657,0.1607319042368559,0.1191324581005979
Male,Diabetes and kidney diseases,4,0.12886566510526123,0.15114839568413097,0.11125996035073893
Male,Diabetes and kidney diseases,5,0.12285446760958264,0.14462737304812925,0.10588710727641282
Male,Diabetes and kidney diseases,6,0.11941973032291005,0.14090686890828014,0.1028116853511951
Male,Diabetes and kidney diseases,7,0.1183269334124236,0.1397249158440128,0.1018314810486613
Male,Diabetes and kidney diseases,8,0.12255329404209195,0.14452467779598535,0.10540218550950516
Male,Diabetes and kidney diseases,9,0.13428197216785873,0.1578361597233617,0.11533357369197306
Male,Diabetes and kidney diseases,10,0.15208736214486657,0.17802765573333,0.13045455779596948
Male,Diabetes and kidney diseases,11,0.1745438583282581,0.20346745993307835,0.14959405002139897
Male,Diabetes and kidney diseases,12,0.200225855073176,0.2325238664297949,0.171580962568166
Male,Diabetes and kidney diseases,13,0.2389371944617789,0.2758061318790277,0.20578975290943669
Male,Diabetes and kidney diseases,14,0.2989675512510022,0.3425400848492145,0.259745357869744
Male,Diabetes and kidney diseases,15,0.3766200688081534,0.4290188773168775,0.3295024086760427
Male,Diabetes and kidney diseases,16,0.46819789050054006,0.5315356612585391,0.4111155365552874
Male,Diabetes and kidney diseases,17,0.5700041596954698,0.6463835886507218,0.5006393727344328
Male,Diabetes and kidney diseases,18,0.6972278489629595,0.7926568422493199,0.6088334737450309
Male,Diabetes and kidney diseases,19,0.8618728968127224,0.9847957081589959,0.745367726519303
Male,Diabetes and kidney diseases,20,1.0554648955216097,1.2121124933794247,0.9046622578852074
Male,Diabetes and kidney diseases,21,1.2695294373664727,1.4639195049102813,1.0811371946707025
Male,Diabetes and kidney diseases,22,1.4955921146241635,1.72952904975124,1.2692126637037466
Male,Diabetes and kidney diseases,23,1.740923162873696,2.0182082786111866,1.4764283049163138
Male,Diabetes and kidney diseases,24,2.016694290728623,2.3437460533900554,1.7115882751660239
Male,Diabetes and kidney diseases,25,2.320283300017602,2.7022372478740935,1.9710094766693063
Male,Diabetes and kidney diseases,26,2.649067992569292,3.0897767358495476,2.251008811642589
Male,Diabetes and kidney diseases,27,3.000426170212351,3.5024593911026662,2.5479031823023006
Male,Diabetes and kidney diseases,28,3.3757965899739903,3.941901923164441,2.860142197717176
Male,Diabetes and kidney diseases,29,3.783085093884994,4.41745582141955,3.1946955752241495
Male,Diabetes and kidney diseases,30,4.229370111279374,4.936818129434764,3.5606603794419516
Male,Diabetes and kidney diseases,31,4.72173007149114,5.507685890776858,3.96713367498931
Male,Diabetes and kidney diseases,32,5.267243403854308,6.137756149012607,4.423212526484954
Male,Diabetes and kidney diseases,33,5.886100900538521,6.846085874905287,4.951254458997981
Male,Diabetes and kidney diseases,34,6.591233718015816,7.64619531041238,5.562998442628162
Male,Diabetes and kidney diseases,35,7.378830832073797,8.53747640589197,6.251613709540233
Male,Diabetes and kidney diseases,36,8.245081218500067,9.519321111702137,7.010269491898933
Male,Diabetes and kidney diseases,37,9.186173853082227,10.591121378200963,7.832135021869001
Male,Diabetes and kidney diseases,38,10.22334139081069,11.78539886088122,8.733312505643946
Male,Diabetes and kidney diseases,39,11.384483765074283,13.133265366770942,9.740760764688478
Male,Diabetes and kidney diseases,40,12.675790869258238,14.631998073531125,10.863933954074138
Male,Diabetes and kidney diseases,41,14.103452596747786,16.278874158822752,12.112286228872465
Male,Diabetes and kidney diseases,42,15.673658840928155,18.071170800306813,13.495271744154996
Male,Diabetes and kidney diseases,43,17.457822194544264,20.075277200801292,15.086496993371027
Male,Diabetes and kidney diseases,44,19.502158898425357,22.341058001375355,16.93037578056824
Male,Diabetes and kidney diseases,45,21.775064318083164,24.841003537066765,18.99257322671575
Male,Diabetes and kidney diseases,46,24.244933819029402,27.54760414291329,21.23875445278268
Male,Diabetes and kidney diseases,47,26.880162766775815,30.43335015395268,23.63458457973814
Male,Diabetes and kidney diseases,48,29.745864722299714,33.55975466088584,26.245473188948164
Male,Diabetes and kidney diseases,49,32.91205505924602,36.99443214769954,29.140926790997387
Male,Diabetes and kidney diseases,50,36.35448186212782,40.71902503936038,32.292755900682806
Male,Diabetes and kidney diseases,51,40.04889321545823,44.71517576083498,35.672771032801414
Male,Diabetes and kidney diseases,52,43.97103720375035,48.96452673708992,39.252782702150235
Male,Diabetes and kidney diseases,53,48.17107163270455,53.520508768049346,43.06962547828419
Male,Diabetes and kidney diseases,54,52.718118971448305,58.45325215019881,47.18853692437182
Male,Diabetes and kidney diseases,55,57.616374299635325,63.76944855334709,51.62393204563047
Male,Diabetes and kidney diseases,56,62.87003269691934,69.47578964730292,56.39022584727756
Male,Diabetes and kidney diseases,57,68.48328924295406,75.57896710187511,61.50183333453045
Male,Diabetes and kidney diseases,58,74.60242105468538,82.23975445019967,67.11033374027586
Male,Diabetes and kidney diseases,59,81.30399118505078,89.54233642736261,73.28415014009667
Male,Diabetes and kidney diseases,60,88.48762361769128,97.37852150609753,79.91296330325457
Male,Diabetes and kidney diseases,61,96.05294233624797,105.64011815913803,86.88645399901124
Male,Diabetes and kidney diseases,62,103.89957132436192,114.21893485921775,94.0943029966283
Male,Diabetes and kidney diseases,63,111.91924885623105,123.00504232069265,101.44032818078774
Male,Diabetes and kidney diseases,64,120.22768857935223,132.1266748493477,109.03930442355691
Male,Diabetes and kidney diseases,65,129.06047753731482,141.83288630505987,117.09734797527547
Male,Diabetes and kidney diseases,66,138.65320277370813,152.3727305477063,125.82057508628306
Male,Diabetes and kidney diseases,67,149.2414513321215,163.99526143716403,135.41510200691943
Male,Diabetes and kidney diseases,68,161.14105800775218,177.004910685139,146.14632378873858
Male,Diabetes and kidney diseases,69,174.44704544907304,191.5097447528034,158.08625423321507
Male,Diabetes and kidney diseases,70,189.06378247958725,207.46426962423334,171.15093771556926
Male,Diabetes and kidney diseases,71,204.8956379227977,224.82299128350516,185.2564186110216
Male,Diabetes and kidney diseases,72,221.84698060220745,243.540415714695,200.3187412947925
Male,Diabetes and kidney diseases,73,239.79081465365465,263.54067479880837,216.27275864807112
Male,Diabetes and kidney diseases,74,259.0935967379376,285.2419517551219,233.41987564451682
Male,Diabetes and kidney diseases,75,280.39987446599935,309.33982957511796,252.22596479805532
Male,Diabetes and kidney diseases,76,304.3541954487832,336.52989125027943,273.1568986226121
Male,Diabetes and kidney diseases,77,331.6011072972321,367.507719772089,296.6785496321131
Male,Diabetes and kidney diseases,78,363.76427470431844,404.1761947419103,324.06053644279837
Male,Diabetes and kidney diseases,79,401.7990841044048,447.7474178093816,355.94997749675144
Male,Diabetes and kidney diseases,80,445.3476657205196,497.8808050383972,391.8789950466628
Male,Diabetes and kidney diseases,81,494.0521497756915,554.2357724928515,431.379711345223
Male,Diabetes and kidney diseases,82,547.5546664929489,616.4717362366387,473.9842486451225
Male,Diabetes and kidney diseases,83,607.8246988561383,687.333488633511,520.2661315027364
Male,Diabetes and kidney diseases,84,677.173387578458,769.7498102870878,571.6207201071921
Male,Diabetes and kidney diseases,85,755.7553494769635,863.656099621064,628.8128901603092
Male,Diabetes and kidney diseases,86,843.7252013687101,968.9877550591345,692.6075173639072
Male,Diabetes and kidney diseases,87,941.2375600707538,1085.6801750249945,763.769477419805
Male,Diabetes and kidney diseases,88,1059.6475199971253,1227.043838584683,851.7751435024722
Male,Diabetes and kidney diseases,89,1202.8919942129303,1398.0982100379026,958.9950266985664
Male,Diabetes and kidney diseases,90,1359.9983275118352,1586.3421656588423,1075.535209578188
Male,Diabetes and kidney diseases,91,1519.993864687507,1779.2745817216914,1191.5017747114387
Male,Diabetes and kidney diseases,92,1671.905950533613,1964.3943345006392,1297.000804668419
Male,Diabetes and kidney diseases,93,1815.7485410855686,2141.706879033771,1392.4832956176115
Male,Diabetes and kidney diseases,94,1958.8467084109886,2319.550194260738,1484.8673326326261
Male,Diabetes and kidney diseases,95,2101.194471351838,2497.921942308073,1573.9596316412565
Male,Diabetes and kidney diseases,96,2242.7858487500803,2676.8197853023116,1659.5669085712957
Male,Diabetes and kidney diseases,97,2383.6148594476813,2856.241385369988,1741.4958793505375
Male,Diabetes and kidney diseases,98,2383.6148594476813,2856.241385369988,1741.4958793505375
Male,Diabetes and kidney diseases,99,2383.6148594476813,2856.241385369988,1741.4958793505375
Male,Diabetes and kidney diseases,100,2383.6148594476813,2856.241385369988,1741.4958793505375
Male,Digestive diseases,0,3.08772717572371,3.788055819055163,2.5388541362483807
Male,Digestive diseases,1,2.3935642780638693,2.934700188201691,1.970499486980639
Male,Digestive diseases,2,1.1619788271785463,1.4206349009074546,0.9621511451096483
Male,Digestive diseases,3,0.5575523543895177,0.6807711128172496,0.464741312073343
Male,Digestive diseases,4,0.44988330190247644,0.5538412423844328,0.372258583365366
Male,Digestive diseases,5,0.37366310215854687,0.4641705734735976,0.30662823777248094
Male,Digestive diseases,6,0.32833746313145606,0.41095664418610117,0.2675039801728007
Male,Digestive diseases,7,0.313352092794931,0.3933969926233008,0.2545395154444377
Male,Digestive diseases,8,0.3167896756239736,0.39807369729380304,0.2572399899981956
Male,Digestive diseases,9,0.32619535277235223,0.41079788139256357,0.2646347069843047
Male,Digestive diseases,10,0.340208517231943,0.4296106500504631,0.27566360639001813
Male,Digestive diseases,11,0.35746856199462224,0.45255310839838236,0.2892666282025891
Male,Digestive diseases,12,0.376614880052266,0.4776663615672021,0.3043837124092707
Male,Digestive diseases,13,0.4016309115862573,0.509062135645296,0.32421811341973356
Male,Digestive diseases,14,0.4368645925771306,0.5517487383700004,0.3522679734126493
Male,Digestive diseases,15,0.4815020597154895,0.6051121473456392,0.3879155640287727
Male,Digestive diseases,16,0.5347294496919376,0.668538340176537,0.4305431569088586
Male,Digestive diseases,17,0.5957328991970783,0.7414132944670176,0.4795330236936616
Male,Digestive diseases,18,0.67017805880479,0.8302789227665296,0.5397555300294693
Male,Digestive diseases,19,0.7661203846775725,0.9441894227454979,0.6179625433379388
Male,Digestive diseases,20,0.886330721888962,1.0862991996897118,0.7163585879228784
Male,Digestive diseases,21,1.0335799155124943,1.2597626588849609,0.8371481880880974
Male,Digestive diseases,22,1.2106388106217054,1.4677342056170346,0.9825358681374043
Male,Digestive diseases,23,1.468327606249967,1.7662625255838285,1.1946200384528132
Male,Digestive diseases,24,1.8416290183885893,2.194103532261712,1.5031914209013788
Male,Digestive diseases,25,2.309557667548016,2.7284724726041882,1.8919930070144722
Male,Digestive diseases,26,2.8511281742386894,3.346584593564758,2.3447677883234634
Male,Digestive diseases,27,3.4453551589710543,4.025655142096922,2.8452587563597223
Male,Digestive diseases,28,4.16549697470982,4.852178645426136,3.461992380931445
Male,Digestive diseases,29,5.065156501824605,5.886475026906413,4.243706905772356
Male,Digestive diseases,30,6.093865151933218,7.066497627684095,5.14446298330212
Male,Digestive diseases,31,7.2011543366534685,8.330199788905528,6.118321265940398
Male,Digestive diseases,32,8.336555467603162,9.615534851717056,7.119342406106858
Male,Digestive diseases,33,9.55185995297079,10.97927678443252,8.196047709336503
Male,Digestive diseases,34,10.892287315430847,12.47311989846088,9.39081679304739
Male,Digestive diseases,35,12.297511138330142,14.027398049591168,10.64849777748377
Male,Digestive diseases,36,13.707205005015487,15.572445093612417,11.913938782889883
Male,Digestive diseases,37,15.06104249883369,17.038594886313646,13.131987929509975
Male,Digestive diseases,38,16.301708823840812,18.360499185223837,14.250264931445448
Male,Digestive diseases,39,17.469863375595136,19.586283725817974,15.305767285242707
Male,Digestive diseases,40,18.652141024696803,20.816493330804082,16.377409784813512
Male,Digestive diseases,41,19.93517664174597,22.151672822890205,17.54410722406961
Male,Digestive diseases,42,21.405605097342765,23.692367024784375,18.88477439692276
Male,Digestive diseases,43,23.162983309171555,25.549634323304243,20.48739573790337
Male,Digestive diseases,44,25.194022230562762,27.70514270991824,22.34282501504384
Male,Digestive diseases,45,27.416087785585642,30.06535141431056,24.3842810225089
Male,Digestive diseases,46,29.746545898309435,32.53671966616541,26.54498255446329
Male,Digestive diseases,47,32.10276249280339,35.025706695166996,28.758148405071744
Male,Digestive diseases,48,34.368219036084895,37.39760329507477,30.94062523030118
Male,Digestive diseases,49,36.60643976671177,39.7225077085942,33.15050912681859
Male,Digestive diseases,50,39.00485476606399,42.214090338828505,35.53289304983884
Male,Digestive diseases,51,41.750894115521476,45.08602158888094,38.2328699545768
Male,Digestive diseases,52,45.03198789646417,48.551971861854696,41.395532796247345
Male,Digestive diseases,53,49.70332664212096,53.613598316572755,45.719394912686326
Male,Digestive diseases,54,55.90937846560693,60.4518607277712,51.31535216356517
Male,Digestive diseases,55,62.77148981813135,68.04938342242292,57.447071286852065
Male,Digestive diseases,56,69.41100715090353,75.38879072750085,63.3782190205152
Male,Digestive diseases,57,74.94927691513273,81.45270696997785,68.37246210252277
Male,Digestive diseases,58,79.42913261804661,86.28887854345878,72.47786053511277
Male,Digestive diseases,59,83.52769109498274,90.68601216104854,76.26169221688758
Male,Digestive diseases,60,87.31772378931535,94.73817262897023,79.76645073036211
Male,Digestive diseases,61,90.87200214441859,98.53942475344695,83.03462965805117
Male,Digestive diseases,62,94.26329760366664,102.18383334070172,86.10872258246962
Male,Digestive diseases,63,97.49971466398182,105.67872580643328,88.99111238943524
Male,Digestive diseases,64,100.55820332562143,108.98705925640401,91.68360953471124
Male,Digestive diseases,65,103.46480328696227,112.13634303193264,94.22784895573055
Male,Digestive diseases,66,106.24555424638105,115.15408647433783,96.66546558992616
Male,Digestive diseases,67,108.92649590225447,118.06779892493832,99.03809437473105
Male,Digestive diseases,68,111.33489962382592,120.68514822066471,101.2023537710084
Male,Digestive diseases,69,113.46404608103383,122.99854398110618,103.13811875849609
Male,Digestive diseases,70,115.58898892329755,125.31260822156918,105.07190905293928
Male,Digestive diseases,71,117.98478180003652,127.93196295736016,107.23024437008299
Male,Digestive diseases,72,120.9264783606701,131.16123020378552,109.83964442567232
Male,Digestive diseases,73,124.6348460986083,135.25512170354042,113.05608068183454
Male,Digestive diseases,74,129.14649790825692,140.26890828726044,116.88814886395836
Male,Digestive diseases,75,134.46025554052895,146.20805060216267,121.3413050826809
Male,Digestive diseases,76,140.57494074633743,153.0780092954643,126.42100544863936
Male,Digestive diseases,77,147.48937527659547,160.88424501438246,132.13270607247094
Male,Digestive diseases,78,155.80355116131489,170.37325804156993,138.89375752135786
Male,Digestive diseases,79,166.0021025143614,182.14326807131746,147.04235079915026
Male,Digestive diseases,80,177.91081421242887,195.97731486829943,156.46520267148722
Male,Digestive diseases,81,191.35547113221102,211.65843819718998,167.0490299040078
Male,Digestive diseases,82,206.16185815040168,228.9696778226634,178.68054926235104
Male,Digestive diseases,83,223.15654276830264,249.00422322359898,191.995277945772
Male,Digestive diseases,84,243.13482293536288,272.7644742020397,207.55385844154225
Male,Digestive diseases,85,265.8755792004969,299.8972860074055,225.13069544732576
Male,Digestive diseases,86,291.15769211261915,330.0495138891163,244.50019366078655
Male,Digestive diseases,87,318.7600422206443,362.8680130965921,265.4367577795885
Male,Digestive diseases,88,352.0565807100123,401.9218307989623,290.8760674949639
Male,Digestive diseases,89,392.12577664435213,448.52446226195946,321.53326392735573
Male,Digestive diseases,90,435.3032873898612,498.93943487990845,353.8519439182439
Male,Digestive diseases,91,477.92477031273734,549.4302760471338,384.27570430910833
Male,Digestive diseases,92,516.3258827791784,596.2605131579604,409.2481419414291
Male,Digestive diseases,93,550.758188851242,639.5266746516174,429.6800575685301
Male,Digestive diseases,94,583.8442722338854,681.7886911503857,448.59295859608505
Male,Digestive diseases,95,615.4763197576552,723.0051933231665,465.5965018440976
Male,Digestive diseases,96,645.546518253098,763.1348118388621,480.3003441325718
Male,Digestive diseases,97,673.9470545507608,802.1361773663739,492.31414228151175
Male,Digestive diseases,98,673.9470545507606,802.136177366374,492.3141422815118
Male,Digestive diseases,99,673.9470545507606,802.136177366374,492.3141422815118
Male,Digestive diseases,100,673.9470545507606,802.136177366374,492.3141422815118
Male,Injuries,0,59.704622051110555,65.27849551162407,54.26369435457717
Male,Injuries,1,47.19617330904524,51.451666861536765,43.0246987172148
Male,Injuries,2,25.00488167286087,26.922072773119524,23.084813182846766
Male,Injuries,3,13.43804450571205,14.227231313090142,12.614921665926936
Male,Injuries,4,10.33433316533583,10.954363377541164,9.692581438417669
Male,Injuries,5,8.071531526272762,8.576704402309616,7.554152222792682
Male,Injuries,6,6.686684369856736,7.126478212265804,6.240861331186041
Male,Injuries,7,6.21683647742164,6.635908632280021,5.793936075731814
Male,Injuries,8,6.450499128050268,6.870415244212108,6.030235838375552
Male,Injuries,9,7.1207710024535515,7.543882012154197,6.706390675025239
Male,Injuries,10,8.181577984407593,8.611229334325035,7.773283908758585
Male,Injuries,11,9.586845957688489,10.027377608943361,9.1817988626533
Male,Injuries,12,11.290500806072345,11.747247234227927,10.882818859787095
Male,Injuries,13,16.39654624813542,16.932356081200872,15.82628912900218
Male,Injuries,14,26.34614868284928,27.09553911538113,25.337230883543626
Male,Injuries,15,38.59897801458298,39.71869237673263,36.92914142309341
Male,Injuries,16,50.61470414770555,52.2837119052193,48.11551804733352
Male,Injuries,17,59.85299698658608,62.27249374080507,56.40985805594594
Male,Injuries,18,67.1262586560608,70.49627728618484,62.6001509402657
Male,Injuries,19,74.36447324343601,78.79687288261913,68.6565136346933
Male,Injuries,20,80.70368359678591,86.20203297792042,73.86563460350892
Male,Injuries,21,85.2799325641846,91.73951001990116,77.51420231099284
Male,Injuries,22,87.22926299370631,94.43705645637375,78.8889052214252
Male,Injuries,23,87.50061970506246,95.21612879853114,78.81696862707615
Male,Injuries,24,87.66180059644192,95.73305709601634,78.64542751747454
Male,Injuries,25,87.77712813363496,96.11790410431679,78.44068490278876
Male,Injuries,26,87.9109247824318,96.50073257892005,78.26914379318714
Male,Injuries,27,88.12751300862271,97.01160527531356,78.19720719883809
Male,Injuries,28,88.63314621324893,97.80949547475545,78.36873420252358
Male,Injuries,29,89.4347956294977,98.81807346485422,78.77776013438898
Male,Injuries,30,90.29786047137824,99.81444751062288,79.26595237564771
Male,Injuries,31,90.98773995289977,100.57572587707453,79.67497830751313
Male,Injuries,32,91.26983328807157,100.87901682922217,79.84650531119863
Male,Injuries,33,90.96691587714025,100.49743063282646,79.6763818726983
Male,Injuries,34,90.23444665910502,99.5652418614836,79.27070290396678
Male,Injuries,35,89.33685015610381,98.40130524195985,78.78650542515817
Male,Injuries,36,88.53855089027468,97.32447550102154,78.38082645642663
Male,Injuries,37,88.10397338375563,96.65360736543502,78.21070301792632
Male,Injuries,38,87.97764154556575,96.36721590450426,78.24745669976177
Male,Injuries,39,87.90355218369137,96.18235370143023,78.3351000949078
Male,Injuries,40,87.84533916872144,96.02568175382459,78.43970672782406
Male,Injuries,41,87.76663637124481,95.82386105929905,78.52735012297012
Male,Injuries,42,87.63107766185041,95.50355261546532,78.56410380480555
Male,Injuries,43,86.85465097855626,94.39577534841865,78.07298551644666
Male,Injuries,44,85.25785225067159,92.33328507548613,76.90185729036007
Male,Injuries,45,83.41107733572213,89.99534813112719,75.50405908503092
Male,Injuries,46,81.88472209123358,88.0612308498013,74.33293085894434
Male,Injuries,47,81.24918237473169,87.2101995659679,73.84181257058545
Male,Injuries,48,81.2792086968084,87.13488532678737,73.99458800820601
Male,Injuries,49,81.36519882408504,87.07541629979478,74.4037315444768
Male,Injuries,50,81.50101949813136,87.03230450001159,74.99546901451153
Male,Injuries,51,81.6805374605171,87.00606194245927,75.69602625342391
Male,Injuries,52,81.897619452812,86.99720064215929,76.43162909632761
Male,Injuries,53,82.46045482300853,87.38165904506621,77.32704094833
Male,Injuries,54,83.5428589758868,88.37177705883481,78.48914299662214
Male,Injuries,55,84.93713773819798,89.72266889103679,79.81733774944348
Male,Injuries,56,86.43559693669317,91.18944874924381,81.21102771503337
Male,Injuries,57,87.83054239812358,92.5272308410276,82.56961540163118
Male,Injuries,58,89.13301275545986,93.72617088253519,83.91655084567617
Male,Injuries,59,90.4842487713207,94.95240179727325,85.32112441342801
Male,Injuries,60,91.8718594669294,96.22500360385305,86.75149910785677
Male,Injuries,61,93.28345386350915,97.56305632088579,88.17583793193253
Male,Injuries,62,94.70664098228325,98.98563996698267,89.56230388862537
Male,Injuries,63,96.03641450716786,100.41244577157455,90.80809000731081
Male,Injuries,64,97.28177845324684,101.8423456539404,91.9349020849779
Male,Injuries,65,98.60135733849502,103.41319066746362,93.09767227601681
Male,Injuries,66,100.15377568088721,105.26283186552767,94.4513327348178
Male,Injuries,67,102.0976579983982,107.52912030151596,96.15081561577108
Male,Injuries,68,104.72492016193539,110.52964204189895,98.41150126953202
Male,Injuries,69,108.19696386027375,114.46647725160055,101.33682657982106
Male,Injuries,70,112.47664233818954,119.30421813168435,104.91380850062598
Male,Injuries,71,117.52680884045893,125.00745688321392,109.12946398593458
Male,Injuries,72,123.3103166118582,131.5407857072529,113.97080998973463
Male,Injuries,73,130.61640575756488,139.77796776329694,120.10852838906354
Male,Injuries,74,140.0819614848182,150.42548839916958,128.05982789208963
Male,Injuries,75,151.44130469148678,163.19702309842634,137.58151569949723
Male,Injuries,76,164.4287562754392,177.80624734462256,148.43039901197074
Male,Injuries,77,178.77863713454417,193.96683662131372,160.36328503019448
Male,Injuries,78,195.51486560996435,212.72225767739346,174.29009040710685
Male,Injuries,79,215.63246242878603,235.196844106328,191.00283212667475
Male,Injuries,80,238.82240206776305,261.22557165853146,210.08146788612513
Male,Injuries,81,264.7756590036494,290.64341608441805,231.10595538268484
Male,Injuries,82,293.1832077131989,323.285353134402,253.6562523135808
Male,Injuries,83,325.2482411288617,361.19628150906834,278.0301565170467
Male,Injuries,84,362.26691503254347,406.0716817583299,305.08409779886
Male,Injuries,85,404.06964817518104,457.2224024065926,335.235981807564
Male,Injuries,86,450.4868593077114,513.9592919782624,368.9037141917012
Male,Injuries,87,501.34896718107166,575.5931989977454,406.50520059981505
Male,Injuries,88,562.711298209675,648.4208356922229,455.09337911440764
Male,Injuries,89,636.4045075740173,734.8365726578265,515.948083937972
Male,Injuries,90,715.92200717416,828.2977459723886,580.8275648990362
Male,Injuries,91,794.7572089101637,922.2616917137403,641.4900718261292
Male,Injuries,92,866.4035246820903,1010.1857459597132,689.6938545477793
Male,Injuries,93,931.2159873003218,1092.1780838874276,727.7313557096943
Male,Injuries,94,993.7859170293771,1172.677749428653,762.7345344588366
Male,Injuries,95,1053.9611569505198,1251.6383817931949,793.7209153756176
Male,Injuries,96,1111.5895501450154,1329.013620190859,819.708023040448
Male,Injuries,97,1166.5189396941282,1404.757103831451,839.7133820337388
Male,Injuries,98,1166.5189396941282,1404.757103831451,839.7133820337388
Male,Injuries,99,1166.5189396941282,1404.757103831451,839.7133820337388
Male,Injuries,100,1166.5189396941282,1404.757103831451,839.7133820337388
Male,Mental disorders,0,2.381256844020205e-06,3.171075455934684e-05,8.294982096298934e-08
Male,Mental disorders,1,2.381256844020205e-06,3.171075455934684e-05,8.294982096298934e-08
Male,Mental disorders,2,2.381256844020205e-06,3.171075455934684e-05,8.294982096298934e-08
Male,Mental disorders,3,2.381256844020205e-06,3.171075455934684e-05,8.294982096298934e-08
Male,Mental disorders,4,2.381256844020205e-06,3.171075455934684e-05,8.294982096298934e-08
Male,Mental disorders,5,2.381256844020205e-06,3.171075455934684e-05,8.294982096298934e-08
Male,Mental disorders,6,2.381256844020205e-06,3.171075455934684e-05,8.294982096298934e-08
Male,Mental disorders,7,2.381256844020205e-06,3.171075455934684e-05,8.294982096298934e-08
Male,Mental disorders,8,7.699774616789195e-06,4.4766324198149654e-05,1.020285994273003e-06
Male,Mental disorders,9,2.2806316090998365e-05,8.12445587856414e-05,3.6582442715834708e-06
Male,Mental disorders,10,4.642736350050102e-05,0.00013711274682844706,7.735749288965031e-06
Male,Mental disorders,11,7.728939907915046e-05,0.00020833817683319161,1.2991725682488328e-05
Male,Mental disorders,12,0.0001141189050608,0.0002908881373065,1.9165098088223992e-05
Male,Mental disorders,13,0.00018953061834687718,0.0004247809200158784,3.151960197189398e-05
Male,Mental disorders,14,0.0003262646141620507,0.000641920722325745,5.29670141296865e-05
Male,Mental disorders,15,0.0005082353822250356,0.0009261036911380921,7.971832119337162e-05
Male,Mental disorders,16,0.000719357412254547,0.0012611259733549133,0.00010798450979471945
Male,Mental disorders,17,0.0009435451939693,0.0016307837158782,0.0001339765665655
Male,Mental disorders,18,0.0012470123114501376,0.002189467193782427,0.0001616891760817658
Male,Mental disorders,19,0.001653778362901726,0.0029814120696803033,0.000193655449212161
Male,Mental disorders,20,0.0020844668592285166,0.0038251825717811757,0.0002238940120273433
Male,Mental disorders,21,0.0024597013113349577,0.004539342928294393,0.0002464234905979704
Male,Mental disorders,22,0.0027001052301255,0.0049424573674293,0.0002552625109947
Male,Mental disorders,23,0.0028233393484462434,0.005092031730776621,0.00025280233907260636
Male,Mental disorders,24,0.0029124858149562533,0.005188434036214333,0.0002469357752583832
Male,Mental disorders,25,0.0029863002642794316,0.005264521776382665,0.00023993374748011677
Male,Mental disorders,26,0.0030635383310396794,0.0053531524439218445,0.0002340671836658936
Male,Mental disorders,27,0.0031629556498609,0.0054871835314721,0.0002316070117438
Male,Mental disorders,28,0.0033198726387277592,0.005783709923882168,0.000233584018539876
Male,Mental disorders,29,0.0035252080834470493,0.006248314755942509,0.000238298419361288
Male,Mental disorders,30,0.0037311151703758594,0.0067465878952059355,0.00024392528485781201
Male,Mental disorders,31,0.0038897470858712804,0.007144119209225261,0.00024863968567922395
Male,Mental disorders,32,0.0039532570162904,0.0073064985655533,0.0002506166924753
Male,Mental disorders,33,0.0038730534608905167,0.007123876539919326,0.00024691693288678704
Male,Mental disorders,34,0.0036723388240705174,0.006670190682344718,0.0002379766198052691
Male,Mental disorders,35,0.0034109571498998803,0.006086711321820447,0.0002270342017567777
Male,Mental disorders,36,0.003148752482448082,0.0055147087873374835,0.00021732812726734418
Male,Mental disorders,37,0.0029455688657846,0.0050954534078868,0.000212096844863
Male,Mental disorders,38,0.002782575593997836,0.00479059479339193,0.0002103032638340862
Male,Mental disorders,39,0.002616209441252059,0.00449138454457283,0.00020879478493221752
Male,Mental disorders,40,0.0024692156717305434,0.004233495976615104,0.00020763659387533566
Male,Mental disorders,41,0.002364339549616565,0.00405260240470436,0.00020689387638138257
Male,Mental disorders,42,0.0023243263390934,0.0039843771440262,0.0002066318181683
Male,Mental disorders,43,0.0023684900204024415,0.004072399040502838,0.000208743368494848
Male,Mental disorders,44,0.0024954627842605965,0.004324013631097835,0.00021453717682913198
Male,Mental disorders,45,0.0026969672105644107,0.004720544267558813,0.00022320197920311198
Male,Mental disorders,46,0.0029647258792104302,0.005243314301633393,0.000233926511648748
Male,Mental disorders,47,0.0032904613700951994,0.0058736470850692,0.000245899510198
Male,Mental disorders,48,0.0032904613700952,0.0058736470850692,0.000245899510198
Male,Mental disorders,49,0.0032904613700952,0.0058736470850692,0.000245899510198
Male,Mental disorders,50,0.0032904613700952,0.0058736470850692,0.000245899510198
Male,Mental disorders,51,0.0032904613700952,0.0058736470850692,0.000245899510198
Male,Mental disorders,52,0.0032904613700952,0.0058736470850692,0.000245899510198
Male,Mental disorders,53,0.0032904613700952,0.0058736470850692,0.000245899510198
Male,Mental disorders,54,0.0032904613700952,0.0058736470850692,0.000245899510198
Male,Mental disorders,55,0.0032904613700952,0.0058736470850692,0.000245899510198
Male,Mental disorders,56,0.0032904613700952,0.0058736470850692,0.000245899510198
Male,Mental disorders,57,0.0032904613700952,0.0058736470850692,0.000245899510198
Male,Mental disorders,58,0.0032904613700952,0.0058736470850692,0.000245899510198
Male,Mental disorders,59,0.0032904613700952,0.0058736470850692,0.000245899510198
Male,Mental disorders,60,0.0032904613700952,0.0058736470850692,0.000245899510198
Male,Mental disorders,61,0.0032904613700952,0.0058736470850692,0.000245899510198
Male,Mental disorders,62,0.0032904613700952,0.0058736470850692,0.000245899510198
Male,Mental disorders,63,0.0032904613700952,0.0058736470850692,0.000245899510198
Male,Mental disorders,64,0.0032904613700952,0.0058736470850692,0.000245899510198
Male,Mental disorders,65,0.0032904613700952,0.0058736470850692,0.000245899510198
Male,Mental disorders,66,0.0032904613700952,0.0058736470850692,0.000245899510198
Male,Mental disorders,67,0.0032904613700952,0.0058736470850692,0.000245899510198
Male,Mental disorders,68,0.0032904613700952,0.0058736470850692,0.000245899510198
Male,Mental disorders,69,0.0032904613700952,0.0058736470850692,0.000245899510198
Male,Mental disorders,70,0.0032904613700952,0.0058736470850692,0.000245899510198
Male,Mental disorders,71,0.0032904613700952,0.0058736470850692,0.000245899510198
Male,Mental disorders,72,0.0032904613700952,0.0058736470850692,0.000245899510198
Male,Mental disorders,73,0.0032904613700952,0.0058736470850692,0.000245899510198
Male,Mental disorders,74,0.0032904613700952,0.0058736470850692,0.000245899510198
Male,Mental disorders,75,0.0032904613700952,0.0058736470850692,0.000245899510198
Male,Mental disorders,76,0.0032904613700952,0.0058736470850692,0.000245899510198
Male,Mental disorders,77,0.0032904613700952,0.0058736470850692,0.000245899510198
Male,Mental disorders,78,0.0032904613700952,0.0058736470850692,0.000245899510198
Male,Mental disorders,79,0.0032904613700952,0.0058736470850692,0.000245899510198
Male,Mental disorders,80,0.0032904613700952,0.0058736470850692,0.000245899510198
Male,Mental disorders,81,0.0032904613700952,0.0058736470850692,0.000245899510198
Male,Mental disorders,82,0.0032904613700952,0.0058736470850692,0.000245899510198
Male,Mental disorders,83,0.0032904613700952,0.0058736470850692,0.000245899510198
Male,Mental disorders,84,0.0032904613700952,0.0058736470850692,0.000245899510198
Male,Mental disorders,85,0.0032904613700952,0.0058736470850692,0.000245899510198
Male,Mental disorders,86,0.0032904613700952,0.0058736470850692,0.000245899510198
Male,Mental disorders,87,0.0032904613700952,0.0058736470850692,0.000245899510198
Male,Mental disorders,88,0.0032904613700952,0.0058736470850692,0.000245899510198
Male,Mental disorders,89,0.0032904613700952,0.0058736470850692,0.000245899510198
Male,Mental disorders,90,0.0032904613700952,0.0058736470850692,0.000245899510198
Male,Mental disorders,91,0.0032904613700952,0.0058736470850692,0.000245899510198
Male,Mental disorders,92,0.0032904613700952,0.0058736470850692,0.000245899510198
Male,Mental disorders,93,0.0032904613700952,0.0058736470850692,0.000245899510198
Male,Mental disorders,94,0.0032904613700952,0.0058736470850692,0.000245899510198
Male,Mental disorders,95,0.0032904613700952,0.0058736470850692,0.000245899510198
Male,Mental disorders,96,0.0032904613700952,0.0058736470850692,0.000245899510198
Male,Mental disorders,97,0.0032904613700952,0.0058736470850692,0.000245899510198
Male,Mental disorders,98,0.0032904613700952,0.0058736470850692,0.000245899510198
Male,Mental disorders,99,0.0032904613700952,0.0058736470850692,0.000245899510198
Male,Mental disorders,100,0.0032904613700952,0.0058736470850692,0.000245899510198
Male,Musculoskeletal disorders,0,0.093034030158992,0.1102816280246681,0.0787458712151474
Male,Musculoskeletal disorders,1,0.07132363448242465,0.08473873928927449,0.06014474042554414
Male,Musculoskeletal disorders,2,0.03327986399131155,0.03997330766627731,0.02755294930716004
Male,Musculoskeletal disorders,3,0.0167684697901237,0.0205427616968688,0.0134088996085072
Male,Musculoskeletal disorders,4,0.01758606157949881,0.021476457968022403,0.014130875437482291
Male,Musculoskeletal disorders,5,0.019658767704872557,0.02386017222529558,0.01594723766722531
Male,Musculoskeletal disorders,6,0.02241648430211755,0.027067842634406897,0.018333638411962876
Male,Musculoskeletal disorders,7,0.0252891075071064,0.0304734073610749,0.0207657297859216
Male,Musculoskeletal disorders,8,0.028310718999277697,0.03422457429483758,0.023208810010735565
Male,Musculoskeletal disorders,9,0.03185819155481611,0.03879029889340777,0.02597354000430098
Male,Musculoskeletal disorders,10,0.035875607954713354,0.04402639067476633,0.02905361592523764
Male,Musculoskeletal disorders,11,0.04030705097996117,0.04978865915689409,0.032442733932165346
Male,Musculoskeletal disorders,12,0.0450966034115513,0.0559329138577719,0.0361345901837039
Male,Musculoskeletal disorders,13,0.05030439248397895,0.0624765736432009,0.040172546221874716
Male,Musculoskeletal disorders,14,0.05609915423366415,0.06966242615789177,0.044662924619797664
Male,Musculoskeletal disorders,15,0.06258788464448585,0.07768433408818964,0.049693863082740306
Male,Musculoskeletal disorders,16,0.06987757970032299,0.08673616012043969,0.05535349931597014
Male,Musculoskeletal disorders,17,0.0780752353850545,0.0970117669409871,0.0617299710247547
Male,Musculoskeletal disorders,18,0.08863622854328129,0.11055448851272895,0.06991336200635578
Male,Musculoskeletal disorders,19,0.10187773105809986,0.1277816805559969,0.08015657171299737
Male,Musculoskeletal disorders,20,0.11619943147113246,0.14644823839328788,0.0912919613323903
Male,Musculoskeletal disorders,21,0.13000101832400132,0.16430905734709883,0.10215189205224542
Male,Musculoskeletal disorders,22,0.1416821801583287,0.1791190327399267,0.1115687250602736
Male,Musculoskeletal disorders,23,0.15064408533141818,0.19016044264594326,0.11907287307787108
Male,Musculoskeletal disorders,24,0.158134322882774,0.19922736951807238,0.12553773409712066
Male,Musculoskeletal disorders,25,0.16532221237731942,0.20784241524693914,0.13181014721176298
Male,Musculoskeletal disorders,26,0.17337707337997768,0.21752818172316843,0.13873695151553878
Male,Musculoskeletal disorders,27,0.1834682254556721,0.2298072708373854,0.1471649861021887
Male,Musculoskeletal disorders,28,0.1973489951114261,0.2468984337152999,0.1582129381715057
Male,Musculoskeletal disorders,29,0.21499693187217805,0.26879228862610555,0.17177534753193327
Male,Musculoskeletal disorders,30,0.23491768982972347,0.2936692381756528,0.1868628321901879
Male,Musculoskeletal disorders,31,0.255616923075858,0.31970968496979224,0.20248601015298615
Male,Musculoskeletal disorders,32,0.2756002857023772,0.3450940316143743,0.2176554994270445
Male,Musculoskeletal disorders,33,0.29477544545030565,0.37008222208682673,0.23210337908626902
Male,Musculoskeletal disorders,34,0.31414971888433557,0.3959231176034723,0.24649703978730883
Male,Musculoskeletal disorders,35,0.3338782333317639,0.4222804966285043,0.2612500669109952
Male,Musculoskeletal disorders,36,0.35411611611988775,0.4488181376261159,0.2767760458381594
Male,Musculoskeletal disorders,37,0.3750184945760041,0.4751998190605002,0.2934885619496327
Male,Musculoskeletal disorders,38,0.3968448911976057,0.5013474048124795,0.3121777134278873
Male,Musculoskeletal disorders,39,0.4195344732310102,0.5274854922338208,0.3327286782636481
Male,Musculoskeletal disorders,40,0.4427618351267522,0.5537319599951344,0.354197661550125
Male,Musculoskeletal disorders,41,0.46620157133536677,0.58020468676703,0.375640868380528
Male,Musculoskeletal disorders,42,0.4895282763073885,0.6070215512201179,0.3961145038480672
Male,Musculoskeletal disorders,43,0.5114197262661762,0.6328172708957357,0.41430770695664365
Male,Musculoskeletal disorders,44,0.5320940503128809,0.6575201195982544,0.4308632238870777
Male,Musculoskeletal disorders,45,0.5535363722147261,0.6831883103928351,0.44776767049795807
Male,Musculoskeletal disorders,46,0.5777318157389343,0.7118800563446387,0.4670076626478734
Male,Musculoskeletal disorders,47,0.6066655046527288,0.7456535705188259,0.4905698161954125
Male,Musculoskeletal disorders,48,0.6430777914402741,0.7867449465311926,0.5212107001251368
Male,Musculoskeletal disorders,49,0.6876030792036005,0.8356464844051998,0.5595772029068153
Male,Musculoskeletal disorders,50,0.739067567636731,0.8918007068175057,0.604491419626849
Male,Musculoskeletal disorders,51,0.7962974564336879,0.9546501364447679,0.654775445371638
Male,Musculoskeletal disorders,52,0.8581189452884941,1.0236372959636446,0.7092513752275829
Male,Musculoskeletal disorders,53,0.9271041195817157,1.1025961929273973,0.7712825452572036
Male,Musculoskeletal disorders,54,1.005994611641962,1.1945923051857599,0.8436332593226498
Male,Musculoskeletal disorders,55,1.0938709415853192,1.2979153608600993,0.9242270642097653
Male,Musculoskeletal disorders,56,1.1898136295278747,1.4108550880717827,1.0109875067043945
Male,Musculoskeletal disorders,57,1.292903195585715,1.5317012149421765,1.1018381335923817
Male,Musculoskeletal disorders,58,1.407658019975876,1.6668334288765834,1.1982711153075596
Male,Musculoskeletal disorders,59,1.5369194050949535,1.8199819246321394,1.302826448809722
Male,Musculoskeletal disorders,60,1.677252254328377,1.9854621913579622,1.4149994206736531
Male,Musculoskeletal disorders,61,1.8252214710615744,2.15758971820317,1.5342853174741375
Male,Musculoskeletal disorders,62,1.9773919586799744,2.3306799943168817,1.66017942578596
Male,Musculoskeletal disorders,63,2.131255590472951,2.499385040418229,1.791759945263206
Male,Musculoskeletal disorders,64,2.289975424104702,2.6678762626881416,1.9306418598581534
Male,Musculoskeletal disorders,65,2.4586231395228917,2.844748228468432,2.0801256325928748
Male,Musculoskeletal disorders,66,2.6422704166751854,3.0385955051009113,2.2435117264894444
Male,Musculoskeletal disorders,67,2.845988935509246,3.2580126599273926,2.424100604569934
Male,Musculoskeletal disorders,68,3.078343262773416,3.5138212600244274,2.630334411217423
Male,Musculoskeletal disorders,69,3.341228275341723,3.8075346103760834,2.8648939551241486
Male,Musculoskeletal disorders,70,3.6297111183503556,4.133784885185448,3.1224376957759175
Male,Musculoskeletal disorders,71,3.9388589369355067,4.48720425865561,3.397624092658539
Male,Musculoskeletal disorders,72,4.263738876233367,4.8624249049896555,3.68511160525782
Male,Musculoskeletal disorders,73,4.6046885268480136,5.266232766031353,3.9856162682747196
Male,Musculoskeletal disorders,74,4.968828972848894,5.708461764675788,4.305658545423699
Male,Musculoskeletal disorders,75,5.36140259957026,6.18831604670303,4.648603539710818
Male,Musculoskeletal disorders,76,5.787651792346354,6.7049997578931455,5.017816354142134
Male,Musculoskeletal disorders,77,6.25281893651143,7.257717044026202,5.416662091723709
Male,Musculoskeletal disorders,78,6.767224219473422,7.846469218969066,5.854864995558701
Male,Musculoskeletal disorders,79,7.337516263724644,8.480408955418838,6.3369319144532135
Male,Musculoskeletal disorders,80,7.963430107225899,9.172467437400936,6.85840185996773
Male,Musculoskeletal disorders,81,8.644700787937994,9.935575848940777,7.414813843662729
Male,Musculoskeletal disorders,82,9.381063343821737,10.782665374063775,8.001706877098691
Male,Musculoskeletal disorders,83,10.189762816792449,11.747154306150575,8.61940709671362
Male,Musculoskeletal disorders,84,11.086641229456703,12.847905890827855,9.2773450812382
Male,Musculoskeletal disorders,85,12.069329090812165,14.076018740490065,9.98471650567196
Male,Musculoskeletal disorders,86,13.135456909856503,15.422591467531667,10.750717045014415
Male,Musculoskeletal disorders,87,14.282655195587388,16.878722684347117,11.584542374265087
Male,Musculoskeletal disorders,88,15.571848413746824,18.543420656132778,12.54503843561447
Male,Musculoskeletal disorders,89,17.02668907267304,20.458457544137918,13.642996262525871
Male,Musculoskeletal disorders,90,18.58889974525806,22.529077804836337,14.815529166908028
Male,Musculoskeletal disorders,91,20.200203004393902,24.66052589470184,15.999750460669679
Male,Musculoskeletal disorders,92,21.802321422972575,26.75804627020824,17.13277345571956
Male,Musculoskeletal disorders,93,23.39740948729353,28.823211892006647,18.214863870798602
Male,Musculoskeletal disorders,94,25.025857734214068,30.92031666577009,19.288135963734995
Male,Musculoskeletal disorders,95,26.686742812463002,33.048686465505234,20.352475855068324
Male,Musculoskeletal disorders,96,28.379141370769148,35.20764716521873,21.407769665338197
Male,Musculoskeletal disorders,97,30.102130057861306,37.396524638917256,22.45390351508421
Male,Musculoskeletal disorders,98,30.102130057861302,37.396524638917256,22.45390351508421
Male,Musculoskeletal disorders,99,30.102130057861302,37.396524638917256,22.45390351508421
Male,Musculoskeletal disorders,100,30.102130057861302,37.396524638917256,22.45390351508421
Male,Neoplasms,0,2.849357910390549,3.151030482218602,2.582294889133218
Male,Neoplasms,1,2.790485124403028,3.0870804655658763,2.520648719974735
Male,Neoplasms,2,2.6839472179599793,2.970288503938255,2.410165931869182
Male,Neoplasms,3,2.6056222496257995,2.8794518107485554,2.3356112493982963
Male,Neoplasms,4,2.547295821430697,2.8048807525433905,2.288698887360962
Male,Neoplasms,5,2.49556164875071,2.736246057929565,2.2492581826449944
Male,Neoplasms,6,2.458555162484038,2.685961677438343,2.222080264807136
Male,Neoplasms,7,2.4444117935288805,2.666441561600988,2.211956263404129
Male,Neoplasms,8,2.454244261827502,2.676293322463011,2.2219641542250774
Male,Neoplasms,9,2.4818684638494464,2.704090374585547,2.2499844289490025
Male,Neoplasms,10,2.5244745952838343,2.7471953722732985,2.293011990967525
Male,Neoplasms,11,2.5792528518197853,2.8029709698309664,2.348041743672264
Male,Neoplasms,12,2.643393429146419,2.868779821563253,2.41206859045484
Male,Neoplasms,13,2.7727956543651726,3.0085434743538904,2.5380770734319165
Male,Neoplasms,14,2.996289125468809,3.2556517593821512,2.752231707799953
Male,Neoplasms,15,3.2704594444834383,3.5616697573960465,3.011297356570264
Male,Neoplasms,16,3.551892213435172,3.8781625491435885,3.2720388827541607
Male,Neoplasms,17,3.797173034350119,4.156695215372789,3.4912211493629575
Male,Neoplasms,18,3.992626459199448,4.382153563783161,3.6565051445343317
Male,Neoplasms,19,4.167717670889562,4.587123308022414,3.7983515665790826
Male,Neoplasms,20,4.343743217849434,4.794719387760849,3.9377248437682044
Male,Neoplasms,21,4.541999648508029,5.02805674266877,4.095589404372694
Male,Neoplasms,22,4.783783511294315,5.3102503124164855,4.2929096766635455
Male,Neoplasms,23,5.087684837983472,5.661890345509754,4.548938903952865
Male,Neoplasms,24,5.456849654846483,6.086579239390744,4.866495268213556
Male,Neoplasms,25,5.889408502056016,6.581950157134369,5.241890605707812
Male,Neoplasms,26,6.383491919784741,7.1456362618155405,5.671436752697826
Male,Neoplasms,27,6.93723044820533,7.775270716509173,6.151445545445791
Male,Neoplasms,28,7.599000714900924,8.522729689328976,6.722737820227247
Male,Neoplasms,29,8.403350976392307,9.424754206423582,7.417018745055819
Male,Neoplasms,30,9.32766921625861,10.456274717920282,8.216926653800817
Male,Neoplasms,31,10.34934341807896,11.592221673946373,9.105099880331549
Male,Neoplasms,32,11.445761565432491,12.807525524629142,10.06417675851733
Male,Neoplasms,33,12.625249929761257,14.109513834545503,11.104295057968509
Male,Neoplasms,34,13.93266709886362,15.545010945855639,12.266536572628423
Male,Neoplasms,35,15.400199530853175,17.148192475061744,13.579955672865863
Male,Neoplasms,36,17.06003368384351,18.95323403866601,15.07360672904962
Male,Neoplasms,37,18.944356015948216,20.994311253170636,16.77654411154849
Male,Neoplasms,38,21.189335881802908,23.404035400829358,18.824654185456055
Male,Neoplasms,39,23.87738529520042,26.262582454904006,21.30248904586129
Male,Neoplasms,40,26.96005470299018,29.52547506840893,24.162101658126073
Male,Neoplasms,41,30.38889455202163,33.14823589435847,27.355544987612273
Male,Neoplasms,42,34.1154552891442,37.08638758576696,30.83487199968176
Male,Neoplasms,43,38.197237062783074,41.40105055803393,34.6695323814149
Male,Neoplasms,44,42.789791373065604,46.24821754876,39.01670816463846
Male,Neoplasms,45,47.99174569439446,51.725719694261144,43.96005083183387
Male,Neoplasms,46,53.90172750117236,57.93138813085334,49.58321186548257
Male,Neoplasms,47,60.618364267801965,64.96305399485256,55.969842748066
Male,Neoplasms,48,68.6611201415127,73.32627518906867,63.596008725829115
Male,Neoplasms,49,78.36221781584261,83.34973201749976,72.79029034268046
Male,Neoplasms,50,89.53942258465744,94.86593921824404,83.41511202759698
Male,Neoplasms,51,102.01049974182284,107.70741152939972,95.33289820955552
Male,Neoplasms,52,115.5932145812045,121.70666368906508,108.406073317533
Male,Neoplasms,53,130.8678759989919,137.46141856152423,123.3354560428279
Male,Neoplasms,54,148.43643838179162,155.57612926990566,140.74036953921677
Male,Neoplasms,55,168.1491352590948,175.89340594057452,160.36099492939374
Male,Neoplasms,56,189.85620016039286,198.2558586998956,181.93751333605283
Male,Neoplasms,57,213.40786661517703,222.506097674234,205.21010588188813
Male,Neoplasms,58,240.2122706609893,250.0794466480447,231.52817652008693
Male,Neoplasms,59,271.0121822537251,281.7348836061675,261.6596972425114
Male,Neoplasms,60,304.65978580040604,316.3004999755446,294.47270122986777
Male,Neoplasms,61,340.0072657080536,352.6043871831181,328.83522166286224
Male,Neoplasms,62,375.9068063836893,389.47463665583024,363.61529172220105
Male,Neoplasms,63,412.5880989512337,427.03706116135186,399.0497666352692
Male,Neoplasms,64,450.9648821113261,466.22415223711744,436.01277032301664
Male,Neoplasms,65,490.9154116360664,507.074019464715,474.3282390064976
Male,Neoplasms,66,532.3179432975542,549.6247724257322,513.820108906766
Male,Neoplasms,67,575.0507328678892,593.914520701757,554.3123162448759
Male,Neoplasms,68,618.5712013872745,639.4998934462984,595.2933328973011
Male,Neoplasms,69,663.0977083448958,686.5560352122003,636.9688979009233
Male,Neoplasms,70,709.6499171863252,736.0488286800527,680.2388482174089
Male,Neoplasms,71,759.2474913571359,788.9441565304458,726.0030208084239
Male,Neoplasms,72,812.9100943029009,846.2079014439694,775.1612526356347
Male,Neoplasms,73,870.9301563573378,908.0523522624997,828.283222118083
Male,Neoplasms,74,933.3604708133513,974.6764018278935,885.2939476712244
Male,Neoplasms,75,1000.8612455552951,1047.0258388207126,946.1262762513454
Male,Neoplasms,76,1074.0926884675227,1126.0464519215182,1010.7130548147331
Male,Neoplasms,77,1153.7150074343874,1212.684029810872,1078.9871303176742
Male,Neoplasms,78,1243.1613197777242,1311.2634622843534,1153.2312177556753
Male,Neoplasms,79,1343.6529229875794,1423.339925334711,1234.1670718654996
Male,Neoplasms,80,1452.5322952006247,1545.7046369382617,1319.3860992153188
Male,Neoplasms,81,1567.1419145535313,1675.1488150713224,1406.4797063733047
Male,Neoplasms,82,1684.8242591829696,1808.463677710209,1493.0392999076282
Male,Neoplasms,83,1805.610077427942,1946.1496031046013,1577.3804382867647
Male,Neoplasms,84,1931.894471700906,2091.212919737826,1661.1446846512752
Male,Neoplasms,85,2064.566451248716,2244.2037709366696,1746.9124525774591
Male,Neoplasms,86,2204.515025318227,2405.67230002792,1837.2641556416168
Male,Neoplasms,87,2352.629203156293,2576.168650338363,1934.780207420048
Male,Neoplasms,88,2529.323325119195,2774.159904856314,2060.135590321561
Male,Neoplasms,89,2735.2554806688104,3000.701222722363,2212.6014229389516
Male,Neoplasms,90,2941.68030271039,3230.2248614917135,2362.6523231245046
Male,Neoplasms,91,3119.852424149185,3437.1630787195677,2480.762908730503
Male,Neoplasms,92,3241.026477890446,3595.948131961129,2537.4077976092312
Male,Neoplasms,93,3322.403820835842,3718.6022645049616,2552.169470392689
Male,Neoplasms,94,3396.291889383698,3830.757954615618,2564.1303336795454
Male,Neoplasms,95,3456.6044356842544,3927.262812312286,2573.014894272088
Male,Neoplasms,96,3497.2552118877466,4002.9644476141516,2578.547658972602
Male,Neoplasms,97,3512.1579701444134,4052.7104705404013,2580.4531345833766
Male,Neoplasms,98,3512.1579701444134,4052.7104705404017,2580.453134583377
Male,Neoplasms,99,3512.1579701444134,4052.7104705404017,2580.453134583377
Male,Neoplasms,100,3512.1579701444134,4052.7104705404017,2580.453134583377
Male,Neurological disorders,0,5.643000051941533,6.6057944659024015,4.659264218509029
Male,Neurological disorders,1,4.3858970937718444,5.1243125008336055,3.634975027622457
Male,Neurological disorders,2,2.155397503526964,2.495593210623621,1.8176717605565431
Male,Neurological disorders,3,1.0715959504502308,1.224703068288476,0.9263796337293518
Male,Neurological disorders,4,0.8950536524307323,1.0274969391221385,0.7685053791154681
Male,Neurological disorders,5,0.7706689650597058,0.8888834873281319,0.6567794959579804
Male,Neurological disorders,6,0.697055117740962,0.8070469648364205,0.590360819914542
Male,Neurological disorders,7,0.6728253398783117,0.780171623576969,0.5684081866428065
Male,Neurological disorders,8,0.6879694714093316,0.7979041419493565,0.5808327316764536
Male,Neurological disorders,9,0.7291406355548051,0.8460847846582432,0.6147167343221337
Male,Neurological disorders,10,0.7899469866433526,0.9171881830912154,0.6649757458969555
Male,Neurological disorders,11,0.8639966790035946,1.0036889686358592,0.7265253177180273
Male,Neurological disorders,12,0.9448978669641512,1.0980617726797606,0.7942810011024573
Male,Neurological disorders,13,1.0653935357914335,1.2382505597372988,0.8985039546639165
Male,Neurological disorders,14,1.2413371244966973,1.4425174038954856,1.053449685489938
Male,Neurological disorders,15,1.4410024680258315,1.6738141009008565,1.2300252676084245
Male,Neurological disorders,16,1.6326634013247245,1.8950924464999463,1.3991377750472784
Male,Neurological disorders,17,1.7845937593392651,2.0693042364392915,1.531694281834402
Male,Neurological disorders,18,1.903017100710099,2.20236469618429,1.633440429521994
Male,Neurological disorders,19,2.013109705299678,2.323972434868415,1.7276385484811139
Male,Neurological disorders,20,2.1115744898865993,2.4327543237403098,1.8114707459679547
Male,Neurological disorders,21,2.195114371249462,2.5273372340486207,1.8821191292387105
Male,Neurological disorders,22,2.260432266166863,2.606348037041992,1.936765805549575
Male,Neurological disorders,23,2.309193495340985,2.6708888955427486,1.977122889651721
Male,Neurological disorders,24,2.3483430464395476,2.7256034097477775,2.0093558300629613
Male,Neurological disorders,25,2.3825033366894464,2.77443060696757,2.0373267346894464
Male,Neurological disorders,26,2.4162967833175815,2.821309514512617,2.064897711437328
Male,Neurological disorders,27,2.4543458035508494,2.8701791596934076,2.0959308682127555
Male,Neurological disorders,28,2.4947213454585193,2.9178208896551006,2.1284484272703974
Male,Neurological disorders,29,2.534437911332626,2.961627248681111,2.159942133882358
Male,Neurological disorders,30,2.5765332497342204,3.006454059789314,2.1934783804809435
Male,Neurological disorders,31,2.624045109224351,3.0571571459975857,2.2321235594984628
Male,Neurological disorders,32,2.6800112383640697,3.1185923303238017,2.2789440633672213
Male,Neurological disorders,33,2.747218198630652,3.1954682905534613,2.338821490228254
Male,Neurological disorders,34,2.827196649527125,3.2890859024964008,2.4141287312183746
Male,Neurological disorders,35,2.9211004866531654,3.399189286207003,2.504169118263558
Male,Neurological disorders,36,3.0300836056084486,3.525522561739649,2.608245983289782
Male,Neurological disorders,37,3.1552999019926515,3.66782984914872,2.7256626582230226
Male,Neurological disorders,38,3.31249283130265,3.83689174629514,2.868808896944879
Male,Neurological disorders,39,3.5114933658604413,4.042256557364718,3.0468372151373613
Male,Neurological disorders,40,3.744586676503382,4.281819961899168,3.2541950874270635
Male,Neurological disorders,41,4.00405793406883,4.553477639440199,3.4853299884405793
Male,Neurological disorders,42,4.282192309394143,4.855125269529523,3.7346893928045
Male,Neurological disorders,43,4.580434698255857,5.19103205695552,4.0078696722051745
Male,Neurological disorders,44,4.91247065512917,5.578098563174946,4.316749224070164
Male,Neurological disorders,45,5.288946338899436,6.033167502732077,4.665198561637877
Male,Neurological disorders,46,5.720507908452003,6.573081590171194,5.057088198146726
Male,Neurological disorders,47,6.2178015226722225,7.214683540036575,5.496288646835123
Male,Neurological disorders,48,6.824332670794756,8.068236031619808,6.008688228027201
Male,Neurological disorders,49,7.568736886387608,9.205750277159973,6.612505638686217
Male,Neurological disorders,50,8.439355394836143,10.586691790622588,7.3001069570092625
Male,Neurological disorders,51,9.424529421525731,12.170526085973174,8.063858261193428
Male,Neurological disorders,52,10.512600191841734,13.916718677177249,8.896125629435806
Male,Neurological disorders,53,11.743745643791062,15.907668487321859,9.812700944787746
Male,Neurological disorders,54,13.17832273183722,18.27382175535616,10.845983211159032
Male,Neurological disorders,55,14.834941206050456,21.046714969038828,12.013249188034404
Male,Neurological disorders,56,16.732210816501027,24.25788461612854,13.331775634898609
Male,Neurological disorders,57,18.888741313259192,27.938867184383984,14.818839311236392
Male,Neurological disorders,58,21.48373179265422,32.43651316951504,16.57070688953069
Male,Neurological disorders,59,24.64875442833021,38.029079385283225,18.653686500486053
Male,Neurological disorders,60,28.330978586329685,44.64521179652472,21.040117090919637
Male,Neurological disorders,61,32.47757363269516,52.213556368075686,23.7023376076486
Male,Neurological disorders,62,37.03570893346914,60.66275906477228,26.612686997490115
Male,Neurological disorders,63,42.182881120970464,70.73968284093903,29.826913974025985
Male,Neurological disorders,64,48.15291335562442,83.00209878137869,33.468430910760915
Male,Neurological disorders,65,54.97746479563319,97.09501504664487,37.611072244396425
Male,Neurological disorders,66,62.68819459919899,112.66343979729115,42.32867241163402
Male,Neurological disorders,67,71.31676192452396,129.35238119387105,47.69506584917521
Male,Neurological disorders,68,81.16235047852767,147.03294480832292,54.019735309276925
Male,Neurological disorders,69,92.63951770881692,166.38691883244704,61.58416431707214
Male,Neurological disorders,70,105.95298338462486,188.27533535658984,70.42018846857647
Male,Neurological disorders,71,121.30746727518464,213.55922647109782,80.55964335980548
Male,Neurological disorders,72,138.90768914972938,243.09962426631745,92.0343645867748
Male,Neurological disorders,73,159.67044246808982,278.3589327713023,105.56231994189976
Male,Neurological disorders,74,184.80823108758213,321.266354064008,121.89551885352004
Male,Neurological disorders,75,214.96934037366773,373.38311730813416,141.11685937153788
Male,Neurological disorders,76,250.80205569180794,436.27045166738037,163.30923954585546
Male,Neurological disorders,77,292.95466240746407,511.48958630544615,188.55555742637492
Male,Neurological disorders,78,349.6127677123051,616.6642677335125,220.12351595842532
Male,Neurological disorders,79,425.7302471568305,763.2766177374008,259.8617227045794
Male,Neurological disorders,80,517.1077886447482,943.6754283927708,305.724432640605
Male,Neurological disorders,81,619.5460800797657,1150.2094917752825,355.66590074227
Male,Neurological disorders,82,728.8458093655908,1375.227599960596,407.6403819853421
Male,Neurological disorders,83,848.3847814595357,1633.0906749425405,462.849911675728
Male,Neurological disorders,84,984.6647735011884,1941.1208784921998,523.474922104238
Male,Neurological disorders,85,1138.1724316676696,2296.108862351118,588.9372637239952
Male,Neurological disorders,86,1309.3944021361003,2694.8452782608383,658.6587869881233
Male,Neurological disorders,87,1498.817331083601,3134.1207779629026,732.0613423497455
Male,Neurological disorders,88,1715.5914011710422,3640.913834690065,809.8619032340252
Male,Neurological disorders,89,1966.7014568839438,4235.94419337845,893.2014186725913
Male,Neurological disorders,90,2249.3861371364,4906.614413324664,982.1377025282636
Male,Neurological disorders,91,2560.884080842505,5640.327053825313,1076.7285686638625
Male,Neurological disorders,92,2898.433926916353,6424.484674176997,1177.0318309422084
Male,Neurological disorders,93,3274.990688217656,7282.804882421099,1284.5536377080095
Male,Neurological disorders,94,3701.648852751098,8240.627120960864,1400.3312666322713
Male,Neurological disorders,95,4172.85627214823,9287.786700635705,1523.7192255672628
Male,Neurological disorders,96,4683.060798040605,10414.11893228503,1654.0720223652518
Male,Neurological disorders,97,5226.710282059776,11609.459126748246,1790.744164878506
Male,Neurological disorders,98,5226.710282059776,11609.459126748245,1790.744164878506
Male,Neurological disorders,99,5226.710282059776,11609.459126748245,1790.744164878506
Male,Neurological disorders,100,5226.710282059776,11609.459126748245,1790.744164878506
Male,Other non-communicable diseases,0,182.7643013355835,211.05850358693195,161.08541857760085
Male,Other non-communicable diseases,1,132.54961004985267,153.2308500326223,116.7711093362176
Male,Other non-communicable diseases,2,43.34918924169584,50.511345849689405,38.05094869172979
Male,Other non-communicable diseases,3,3.735689206187702,4.783479454900963,3.117982225281992
Male,Other non-communicable diseases,4,2.9047362337430793,3.644500184454556,2.427932152073793
Male,Other non-communicable diseases,5,2.3429059257511806,2.873579252377669,1.9615253102977048
Male,Other non-communicable diseases,6,2.0245883545643335,2.4362801400902456,1.6973691068450687
Male,Other non-communicable diseases,7,1.924173592534867,2.2981663290122274,1.6140709486072256
Male,Other non-communicable diseases,8,1.931944548383343,2.3017656273911697,1.6273503928046742
Male,Other non-communicable diseases,9,1.9514250110235085,2.311399411688867,1.659016759737052
Male,Other non-communicable diseases,10,1.976866373097469,2.325321515646627,1.6968121009144057
Male,Other non-communicable diseases,11,2.00252002724733,2.341785773005754,1.7284784678467833
Male,Other non-communicable diseases,12,2.0226373661151973,2.3590460175075547,1.741757912044232
Male,Other non-communicable diseases,13,2.0356035375166335,2.3779098060880046,1.7404451402966568
Male,Other non-communicable diseases,14,2.0455539738963915,2.400861393328265,1.7373146845909007
Male,Other non-communicable diseases,15,2.055365494840363,2.4286696594374186,1.7335783342324176
Male,Other non-communicable diseases,16,2.06791491993444,2.462103484624549,1.7304478785266615
Male,Other non-communicable diseases,17,2.086079068764515,2.50193174909874,1.7291351067790863
Male,Other non-communicable diseases,18,2.124537666362419,2.5565937472685487,1.7536782814691927
Male,Other non-communicable diseases,19,2.1912870390119217,2.6318115563956277,1.818477942806927
Male,Other non-communicable diseases,20,2.279178908176825,2.724278230968704,1.910289296693412
Male,Other non-communicable diseases,21,2.3810649953209273,2.830686825476504,2.0158675490297706
Male,Other non-communicable diseases,22,2.4897970219080303,2.9477303944077544,2.121967905717125
Male,Other non-communicable diseases,23,2.6183087481698117,3.089327859738215,2.2363901885126602
Male,Other non-communicable diseases,24,2.777883440037973,3.2649066601931365,2.3719262374064147
Male,Other non-communicable diseases,25,2.958897077526351,3.4644226253854784,2.522819285648797
Male,Other non-communicable diseases,26,3.1517256406487815,3.6778315849281995,2.6833125664902138
Male,Other non-communicable diseases,27,3.346745109419102,3.895089368434262,2.8476493131810714
Male,Other non-communicable diseases,28,3.5434626476409137,4.117471968040573,3.0144505866267495
Male,Other non-communicable diseases,29,3.7495299713710724,4.353379808575617,3.1887255392059135
Male,Other non-communicable diseases,30,3.9675398890032962,4.60345536868971,3.374299541378898
Male,Other non-communicable diseases,31,4.200085208931305,4.868341127033176,3.5749979636060387
Male,Other non-communicable diseases,32,4.449758739548815,5.148679562256332,3.7946461763476713
Male,Other non-communicable diseases,33,4.721996402024265,5.448932137547368,4.041490253102141
Male,Other non-communicable diseases,34,5.0183253585765915,5.771318009303673,4.317510676296667
Male,Other non-communicable diseases,35,5.335475279175259,6.113116195989362,4.6171344297848895
Male,Other non-communicable diseases,36,5.670175833789732,6.471605716068553,4.934788497420456
Male,Other non-communicable diseases,37,6.019156692389481,6.844065588005362,5.26489986305701
Male,Other non-communicable diseases,38,6.3865107339380724,7.235605703824662,5.6114634571156605
Male,Other non-communicable diseases,39,6.776901867074344,7.650118921159817,5.980772843545603
Male,Other non-communicable diseases,40,7.187916306280661,8.08305870688768,6.370702956492606
Male,Other non-communicable diseases,41,7.617140266039385,8.529878527885103,6.779128730102436
Male,Other non-communicable diseases,42,8.062159960832885,8.986031851028942,7.203925098520864
Male,Other non-communicable diseases,43,8.510841820968201,9.434054459012701,7.633649321346281
Male,Other non-communicable diseases,44,8.966869407525465,9.877938936213711,8.072021883806778
Male,Other non-communicable diseases,45,9.451554631146676,10.34532395203455,8.539662558492667
Male,Other non-communicable diseases,46,9.986209402473827,10.863848175877802,9.057191117994261
Male,Other non-communicable diseases,47,10.592145632148918,11.46115027714605,9.645227334901872
Male,Other non-communicable diseases,48,11.290344858000381,12.165708297180913,10.327211120502927
Male,Other non-communicable diseases,49,12.089013582547517,12.985556176959893,11.112651024447002
Male,Other non-communicable diseases,50,12.990301163468633,13.917666435339397,12.001269776867627
Male,Other non-communicable diseases,51,13.996356958442034,14.959011591175836,12.992790107898333
Male,Other non-communicable diseases,52,15.109330325146026,16.106564163325608,14.086934747672652
Male,Other non-communicable diseases,53,16.42300365102849,17.455633916713,15.373612600624208
Male,Other non-communicable diseases,54,17.9794275987456,19.052705695553346,16.89486425191542
Male,Other non-communicable diseases,55,19.70315393878807,20.821514637639662,18.578609952773014
Male,Other non-communicable diseases,56,21.518734441646647,22.685795880764942,20.352769954423717
Male,Other non-communicable diseases,57,23.350720877812055,24.56928456272219,22.14526450809426
Male,Other non-communicable diseases,58,25.21676843968547,26.48668887810103,23.983589878631243
Male,Other non-communicable diseases,59,27.174684342706414,28.49693668945082,25.92342069427885
Male,Other non-communicable diseases,60,29.209248391923122,30.590092636504128,27.934944751360177
Male,Other non-communicable diseases,61,31.305240392383844,32.756221358993535,29.98834984619833
Male,Other non-communicable diseases,62,33.447440149136824,34.98538749665162,32.0538237751164
Male,Other non-communicable diseases,63,35.60242183599133,37.25046662967931,34.08512656907635
Male,Other non-communicable diseases,64,37.7845589032099,39.56443707255526,36.10347434876289
Male,Other non-communicable diseases,65,40.050330070520715,41.9775175664286,38.18023904508323
Male,Other non-communicable diseases,66,42.45621405765194,44.53992685244854,40.38679258894461
Male,Other non-communicable diseases,67,45.058689584331766,47.301883671764195,42.79450691125426
Male,Other non-communicable diseases,68,47.7892438229164,50.18026592009244,45.35729566882122
Male,Other non-communicable diseases,69,50.643033264625736,53.17525773830803,48.061001820339655
Male,Other non-communicable diseases,70,53.77204060748351,56.46203723529697,51.02489124954438
Male,Other non-communicable diseases,71,57.328248549513404,60.21578251994529,54.36822984017022
Male,Other non-communicable diseases,72,61.46363978873913,64.61167170113902,58.21028347595203
Male,Other non-communicable diseases,73,66.50815514181956,70.0305899996614,62.83171714829175
Male,Other non-communicable diseases,74,72.63410033161882,76.67689892482707,68.36889241393072
Male,Other non-communicable diseases,75,79.75700541546851,84.46099101831904,74.72462000461289
Male,Other non-communicable diseases,76,87.79240045070023,93.2932588218203,81.80171065208214
Male,Other non-communicable diseases,77,96.65581549464557,103.08409487701395,89.5029750880824
Male,Other non-communicable diseases,78,106.77329796096136,114.414141010996,98.11006417286028
Male,Other non-communicable diseases,79,118.60614762222485,127.84663377671788,107.9493791534903
Male,Other non-communicable diseases,80,132.12277307414817,143.26585780464558,118.99085634195815
Male,Other non-communicable diseases,81,147.2915829124434,160.55609772524508,131.20443205024958
Male,Other non-communicable diseases,82,164.08098573282274,179.60163816898242,144.5600425903503
Male,Other non-communicable diseases,83,183.36658806887223,201.30076213301598,159.40850485990828
Male,Other non-communicable diseases,84,205.88767293630139,226.51351905081566,176.18633890622183
Male,Other non-communicable diseases,85,231.40816365400747,255.06684320731458,194.99203576575218
Male,Other non-communicable diseases,86,259.69198354088775,286.7876688874459,215.9240864749605
Male,Other non-communicable diseases,87,290.5030559158394,321.5029303761427,239.08098207030804
Male,Other non-communicable diseases,88,326.58403563964544,361.8732894133991,267.54853136937913
Male,Other non-communicable diseases,89,369.0624445578263,409.18745435246854,302.1240230910884
Male,Other non-communicable diseases,90,415.2795064663859,461.2144293981728,339.4731681238928
Male,Other non-communicable diseases,91,462.57644516132785,515.723218755334,376.26167735624904
Male,Other non-communicable diseases,92,508.29448443865607,570.482826628774,409.1552616766141
Male,Other non-communicable diseases,93,552.436670383991,625.7259026608012,438.4101144515253
Male,Other non-communicable diseases,94,596.7776962421063,683.1059556974687,466.4320903504906
Male,Other non-communicable diseases,95,641.3162565477367,742.523278749216,493.1113922164226
Male,Other non-communicable diseases,96,686.0510458356157,803.8781648264825,518.3382228922337
Male,Other non-communicable diseases,97,730.9807586404776,867.070906939707,542.0027852208364
Male,Other non-communicable diseases,98,730.9807586404776,867.070906939707,542.0027852208364
Male,Other non-communicable diseases,99,730.9807586404776,867.070906939707,542.0027852208364
Male,Other non-communicable diseases,100,730.9807586404776,867.070906939707,542.0027852208364
Male,Skin and subcutaneous diseases,0,0.3648051593622987,0.4552418588827149,0.2818417175134549
Male,Skin and subcutaneous diseases,1,0.2694384240709886,0.33632717515583954,0.2082940720744009
Male,Skin and subcutaneous diseases,2,0.1000876522204097,0.12516057003831638,0.07769190074738094
Male,Skin and subcutaneous diseases,3,0.0233754820312385,0.0294996655923232,0.0184577221492362
Male,Skin and subcutaneous diseases,4,0.01931456194957614,0.02442430007591692,0.015202947707187985
Male,Skin and subcutaneous diseases,5,0.01654453285954293,0.020962183820375367,0.012981554174907213
Male,Skin and subcutaneous diseases,6,0.014959887440591256,0.018981546003401552,0.011709989534977459
Male,Skin and subcutaneous diseases,7,0.0144551183721735,0.0183506158026985,0.0113047017699823
Male,Skin and subcutaneous diseases,8,0.014533930932455582,0.018459575863350893,0.011361754231005149
Male,Skin and subcutaneous diseases,9,0.014757449367444683,0.01876834457836101,0.011523507935001011
Male,Skin and subcutaneous diseases,10,0.01510629480835508,0.019249754747308265,0.011775857363360872
Male,Skin and subcutaneous diseases,11,0.01556108838640106,0.019876639169772056,0.012104696997475708
Male,Skin and subcutaneous diseases,12,0.0161024512327969,0.0206218306453318,0.0124959213187365
Male,Skin and subcutaneous diseases,13,0.01720342320172718,0.02214988349591425,0.013278551298230423
Male,Skin and subcutaneous diseases,14,0.019183379955114325,0.024889919796610368,0.014681205647125994
Male,Skin and subcutaneous diseases,15,0.021792446335779394,0.028461623976745863,0.016539175456936214
Male,Skin and subcutaneous diseases,16,0.024780747186543436,0.03248468046564644,0.01868775181917408
Male,Skin and subcutaneous diseases,17,0.0278984073502275,0.0365787736926378,0.0209622258253526
Male,Skin and subcutaneous diseases,18,0.031111146907983354,0.04059093865116456,0.023380229299829067
Male,Skin and subcutaneous diseases,19,0.0347207624367659,0.04488538632109714,0.02617737452484731
Male,Skin and subcutaneous diseases,20,0.03898149352310093,0.04985756511139997,0.029515923278750116
Male,Skin and subcutaneous diseases,21,0.044147579753514236,0.05590292343103752,0.033558137339880285
Male,Skin and subcutaneous diseases,22,0.0504732607145316,0.0634169096889742,0.0384662784865806
Male,Skin and subcutaneous diseases,23,0.05997612014427286,0.0749789518896792,0.04573886335180254
Male,Skin and subcutaneous diseases,24,0.07368818162628367,0.09186674414201393,0.056161297075319756
Male,Skin and subcutaneous diseases,25,0.09038534451522848,0.11252313401153137,0.06882617419570833
Male,Skin and subcutaneous diseases,26,0.10884350816577179,0.13539096906378442,0.08282608925154428
Male,Skin and subcutaneous diseases,27,0.1278385719325781,0.158913096864326,0.0972536367814037
Male,Skin and subcutaneous diseases,28,0.14756754694228763,0.1834600750211934,0.11220431318356014
Male,Skin and subcutaneous diseases,29,0.16922499961903167,0.21055160158220895,0.12857353987100464
Male,Skin and subcutaneous diseases,30,0.19308316226371136,0.24035423477260306,0.14665379890438948
Male,Skin and subcutaneous diseases,31,0.21941426717722792,0.27303453281760615,0.16673757234436698
Male,Skin and subcutaneous diseases,32,0.2484905466604825,0.3087590539424485,0.1891173422515895
Male,Skin and subcutaneous diseases,33,0.2812739814184343,0.34816276681216846,0.2147986186392602
Male,Skin and subcutaneous diseases,34,0.3185102912808946,0.3920848316528841,0.24442752672579948
Male,Skin and subcutaneous diseases,35,0.3601473172360424,0.44099809403144574,0.2777574713796853
Male,Skin and subcutaneous diseases,36,0.4061329002720567,0.49537539951470366,0.3145418574693956
Male,Skin and subcutaneous diseases,37,0.4564148813771168,0.5556895936695083,0.3545340898634084
Male,Skin and subcutaneous diseases,38,0.5150670920894027,0.6280488521650428,0.40065187283814285
Male,Skin and subcutaneous diseases,39,0.5836490861539055,0.714374095688378,0.4542128240862039
Male,Skin and subcutaneous diseases,40,0.6583372878690216,0.8088572873331961,0.5125702186003477
Male,Skin and subcutaneous diseases,41,0.735308121533146,0.9056903901931789,0.5730773313733307
Male,Skin and subcutaneous diseases,42,0.8107380114446749,0.9990653673620088,0.6330874373979091
Male,Skin and subcutaneous diseases,43,0.8827082021796472,1.0868898703166112,0.6908912659106584
Male,Skin and subcutaneous diseases,44,0.9538049191519329,1.1730408104570038,0.7483297389833854
Male,Skin and subcutaneous diseases,45,1.0269620579166745,1.2606640407615073,0.8080814208616927
Male,Skin and subcutaneous diseases,46,1.1051135140290154,1.3529054142084425,0.8728248757911832
Male,Skin and subcutaneous diseases,47,1.1911931830440978,1.4529107837761288,0.9452386680174596
Male,Skin and subcutaneous diseases,48,1.2867045559379142,1.561262141927502,1.0275756440651458
Male,Skin and subcutaneous diseases,49,1.3911496800778582,1.6769102710844883,1.1198643130403845
Male,Skin and subcutaneous diseases,50,1.5044602856061735,1.8005542091638984,1.2214467330610583
Male,Skin and subcutaneous diseases,51,1.626568102665104,1.932892994082542,1.331664962245049
Male,Skin and subcutaneous diseases,52,1.7574048613968938,2.0746256637572285,1.4498610587102378
Male,Skin and subcutaneous diseases,53,1.8987954060499528,2.2266351027755276,1.578014494593763
Male,Skin and subcutaneous diseases,54,2.052893295656699,2.3904084341485596,1.7187808018690784
Male,Skin and subcutaneous diseases,55,2.22012333253539,2.5675510534284576,1.8725161284085405
Male,Skin and subcutaneous diseases,56,2.4009103190042804,2.759668356167357,2.0395766220845055
Male,Skin and subcutaneous diseases,57,2.595679057381627,2.96836573791739,2.2203184307693298
Male,Skin and subcutaneous diseases,58,2.813842189066148,3.203376181672557,2.426419970849476
Male,Skin and subcutaneous diseases,59,3.0586329738638005,3.467925851470052,2.6613941287700085
Male,Skin and subcutaneous diseases,60,3.321207141703705,3.753859914426803,2.9133487574911836
Male,Skin and subcutaneous diseases,61,3.5927204225149794,4.053023537659735,3.1703917099732597
Male,Skin and subcutaneous diseases,62,3.8643285462267425,4.357261888285774,3.4206308391764937
Male,Skin and subcutaneous diseases,63,4.127150590781754,4.65826768823773,3.654571665813903
Male,Skin and subcutaneous diseases,64,4.387458568731154,4.96257576924517,3.8801556070283794
Male,Skin and subcutaneous diseases,65,4.6591376119166314,5.284294463120157,4.111644360424993
Male,Skin and subcutaneous diseases,66,4.956072852179874,5.6375321016747515,4.363299623608816
Male,Skin and subcutaneous diseases,67,5.2921494213625735,6.036397016721017,4.649383094184916
Male,Skin and subcutaneous diseases,68,5.678062527263411,6.49640912577523,4.976574447660607
Male,Skin and subcutaneous diseases,69,6.1151444144049085,7.021535877383198,5.343829073405185
Male,Skin and subcutaneous diseases,70,6.603235769714513,7.608556899901281,5.7538222398166985
Male,Skin and subcutaneous diseases,71,7.142177280119672,8.254251821685836,6.2092292152931945
Male,Skin and subcutaneous diseases,72,7.731809632547831,8.955400271093218,6.712725268232722
Male,Skin and subcutaneous diseases,73,8.385295104554773,9.721294356661113,7.289566047226001
Male,Skin and subcutaneous diseases,74,9.120612297379362,10.572940783356595,7.956022710875969
Male,Skin and subcutaneous diseases,75,9.94482638347367,11.524691074180112,8.701293792599003
Male,Skin and subcutaneous diseases,76,10.865002535289767,12.590896752132105,9.51457782581148
Male,Skin and subcutaneous diseases,77,11.888205925279726,13.785909340213024,10.38507334392978
Male,Skin and subcutaneous diseases,78,13.084431037437339,15.200212969327643,11.34334359562538
Male,Skin and subcutaneous diseases,79,14.49024222483172,16.877450712890614,12.414677660664761
Male,Skin and subcutaneous diseases,80,16.062559463527926,18.761712507667205,13.5803628191068
Male,Skin and subcutaneous diseases,81,17.758302729591012,20.79708829042268,14.821686351010376
Male,Skin and subcutaneous diseases,82,19.534391999086033,22.92766799792229,16.11993553643437
Male,Skin and subcutaneous diseases,83,21.38111605575641,25.140657149795178,17.453086142992646
Male,Skin and subcutaneous diseases,84,23.350861277317353,27.5026350288558,18.845982647886256
Male,Skin and subcutaneous diseases,85,25.493694030791577,30.07675221664738,20.350215395554816
Male,Skin and subcutaneous diseases,86,27.859680683201805,32.92615929471317,22.017374730437965
Male,Skin and subcutaneous diseases,87,30.49888760157076,36.1140068445964,23.89905099697532
Male,Skin and subcutaneous diseases,88,33.72813912520331,39.992716899077045,26.319922000778533
Male,Skin and subcutaneous diseases,89,37.604318125040436,44.63595661996268,29.31896368907924
Male,Skin and subcutaneous diseases,90,41.78757876555908,49.688744282337986,32.51921361874708
Male,Skin and subcutaneous diseases,91,45.93807521123618,54.79609816128765,35.54370934665167
Male,Skin and subcutaneous diseases,92,49.71596162654865,59.60303653189636,38.015488429662646
Male,Skin and subcutaneous diseases,93,53.138976547231614,64.11248888321319,40.02344701315339
Male,Skin and subcutaneous diseases,94,56.44635424630174,68.56320219069296,41.8823906392394
Male,Skin and subcutaneous diseases,95,59.63049249415823,72.95392095902893,43.55422095990354
Male,Skin and subcutaneous diseases,96,62.68378906120036,77.28338969291433,45.000839627128634
Male,Skin and subcutaneous diseases,97,65.59864171782733,81.55035289704237,46.184148292897504
Male,Skin and subcutaneous diseases,98,65.59864171782733,81.55035289704239,46.18414829289751
Male,Skin and subcutaneous diseases,99,65.59864171782733,81.55035289704239,46.18414829289751
Male,Skin and subcutaneous diseases,100,65.59864171782733,81.55035289704239,46.18414829289751
Male,Substance use disorders,0,0.0,0.0,0.0
Male,Substance use disorders,1,0.0,0.0,0.0
Male,Substance use disorders,2,0.0,0.0,0.0
Male,Substance use disorders,3,0.0,0.0,0.0
Male,Substance use disorders,4,0.0,0.0,0.0
Male,Substance use disorders,5,0.0,0.0,0.0
Male,Substance use disorders,6,0.0,0.0,0.0
Male,Substance use disorders,7,0.0,0.0,0.0
Male,Substance use disorders,8,0.0,0.0,0.0
Male,Substance use disorders,9,0.0,0.0,0.0
Male,Substance use disorders,10,0.0,0.0,0.0
Male,Substance use disorders,11,0.0,0.0,0.0
Male,Substance use disorders,12,0.0,0.0,0.0
Male,Substance use disorders,13,0.5456846661728229,0.763012436236495,0.3746105832031635
Male,Substance use disorders,14,2.0123084934981152,2.8026058425000095,1.387097737115471
Male,Substance use disorders,15,4.144226225186113,5.7446143651215875,2.8704445681911483
Male,Substance use disorders,16,6.685792604447053,9.214872150432274,4.65763418288442
Male,Substance use disorders,17,9.381362374491168,12.839213344763111,6.581649687649513
Male,Substance use disorders,18,12.753810922849212,17.221176764793523,9.069771473229387
Male,Substance use disorders,19,17.220607158984144,22.871322001911754,12.454598124780475
Male,Substance use disorders,20,22.36799610900452,29.276014364512104,16.42709004037722
Male,Substance use disorders,21,27.782222799018882,35.921619160988875,20.678207618094056
Male,Substance use disorders,22,33.04953225513579,42.29450169973634,24.898911256005434
Male,Substance use disorders,23,38.31220855875004,48.514752618077786,29.268607213918695
Male,Substance use disorders,24,43.855507397808445,54.92691957434845,34.01723295738023
Male,Substance use disorders,25,49.480131208247606,61.354053408460594,38.91154569307302
Male,Substance use disorders,26,54.986782426004076,67.61920496032646,43.718302627680075
Male,Substance use disorders,27,60.17616348701444,73.5454250698583,48.20426096788435
Male,Substance use disorders,28,65.23712415538104,79.33450995251651,52.52136034551849
Male,Substance use disorders,29,70.31697191668829,85.12236947689752,56.838558433970135
Male,Substance use disorders,30,75.15409578909586,90.63322496261755,60.94813950225485
Male,Substance use disorders,31,79.48688479076351,95.59129772929285,64.6423878193882
Male,Substance use disorders,32,83.0537279398509,99.72080909653964,67.71358765438575
Male,Substance use disorders,33,86.07259884372903,103.20100021399723,70.37487757826891
Male,Substance use disorders,34,88.86239486023356,106.36749028757,72.87953813193492
Male,Substance use disorders,35,91.31289063322136,109.17906772127188,75.08006653921316
Male,Substance use disorders,36,93.31386080654919,111.59452091911672,76.82896002393295
Male,Substance use disorders,37,94.75508002407386,113.57263828511844,77.97871580992361
Male,Substance use disorders,38,95.85969516209589,115.3525668933032,78.75010907674596
Male,Substance use disorders,39,96.86742997278303,117.07244354923145,79.43118812240687
Male,Substance use disorders,40,97.69292441379295,118.5395412542184,79.97535984840471
Male,Substance use disorders,41,98.25081844278327,119.56113300957936,80.33603115623792
Male,Substance use disorders,42,98.45575201741168,119.94449181662964,80.4666089474049
Male,Substance use disorders,43,97.96359484587758,119.42618783974231,80.0818047185364
Male,Substance use disorders,44,96.7264135342812,118.12919332348633,79.0981633043003
Male,Substance use disorders,45,95.10314338713148,116.4403843894707,77.77184161325056
Male,Substance use disorders,46,93.4527197089373,114.74663715930437,76.35899655394122
Male,Substance use disorders,47,92.13407780420754,113.43482775459636,75.11578503492629
Male,Substance use disorders,48,91.1108925725589,112.50507016472282,73.9097585616831
Male,Substance use disorders,49,90.12957370091254,111.67559273124695,72.57014282987032
Male,Substance use disorders,50,89.2231586747341,110.91044310405833,71.29560603331406
Male,Substance use disorders,51,88.4246849794892,110.17366893304646,70.28481636584033
Male,Substance use disorders,52,87.76719010064348,109.42931786810094,69.73644202127525
Male,Substance use disorders,53,87.2969386304573,108.76426794147439,69.54500407067079
Male,Substance use disorders,54,86.9616901901365,108.20168973104903,69.43485353823644
Male,Substance use disorders,55,86.64672480856484,107.6100697051587,69.34940354753458
Male,Substance use disorders,56,86.23732251462616,106.85789433213725,69.23206722212758
Male,Substance use disorders,57,85.61876333720421,105.81365008031852,69.02625768557783
Male,Substance use disorders,58,83.98129641552019,103.57754870416414,67.99490151819258
Male,Substance use disorders,59,80.95230987416396,99.74496725463052,65.75116475197031
Male,Substance use disorders,60,77.07279222007243,94.92714014479374,62.7638196880101
Male,Substance use disorders,61,72.88373196018246,89.73530178772982,59.501638627411076
Male,Substance use disorders,62,68.926117601431,84.78068659651491,56.4333938712723
Male,Substance use disorders,63,65.1348146340236,79.97617208931621,53.494068582537274
Male,Substance use disorders,64,61.135322197831776,74.89509963834116,50.3553287263301
Male,Substance use disorders,65,57.00457927429131,69.63939943772618,47.09097080702085
Male,Substance use disorders,66,52.81952484483795,64.31100168160759,43.7747913289796
Male,Substance use disorders,67,48.657097890907494,59.01183656412175,40.480586796576425
Male,Substance use disorders,68,44.25470966878609,53.38288100170075,37.021321837058274
Male,Substance use disorders,69,39.56055166319616,47.35544032547455,33.347205445692275
Male,Substance use disorders,70,34.96773319822783,41.466937351626314,29.737900678878766
Male,Substance use disorders,71,30.869363597971237,36.254794896339234,26.473070593018075
Male,Substance use disorders,72,27.65855218651651,32.25643577579649,23.83237824451053
Male,Substance use disorders,73,25.1422648641602,29.181209812643857,21.691186504642953
Male,Substance use disorders,74,22.888724082895376,26.42654307873422,19.754790066909788
Male,Substance use disorders,75,20.932923994356955,24.0619727640614,18.04774972102282
Male,Substance use disorders,76,19.309858750179835,22.157036058619262,16.594626256693818
Male,Substance use disorders,77,18.054522501998942,20.781270152401632,15.419980463634552
Male,Substance use disorders,78,17.005430896779526,19.714185198071807,14.416988304988397
Male,Substance use disorders,79,16.032659083814554,18.74301547109707,13.495809202154279
Male,Substance use disorders,80,15.218540468230483,17.948884345677246,12.706479132227308
Male,Substance use disorders,81,14.64540845515378,17.412915196012147,12.099034072302603
Male,Substance use disorders,82,14.395596449710904,17.2162313963016,11.723509999475269
Male,Substance use disorders,83,14.340276634256707,17.216846625398382,11.492501042780418
Male,Substance use disorders,84,14.296152583951221,17.21868932807504,11.292882492249815
Male,Substance use disorders,85,14.263854793128706,17.221755027410993,11.13611206647355
Male,Substance use disorders,86,14.244013756123413,17.22603924648569,11.033647484041719
Male,Substance use disorders,87,14.237259967269592,17.231537508378562,10.996946463544424
Male,Substance use disorders,88,14.525012805361133,17.564387396589623,11.177633651093238
Male,Substance use disorders,89,15.267766201670474,18.423097419658834,11.637858215398982
Male,Substance use disorders,90,16.284762479249707,19.61621948822554,12.254864658950597
Male,Substance use disorders,91,17.395243961150918,20.95230551292909,12.905897484237032
Male,Substance use disorders,92,18.41845297042619,22.239907404408832,13.468201193747229
Male,Substance use disorders,93,19.359521810927372,23.506302179703816,13.942100832618188
Male,Substance use disorders,94,20.342621531942488,24.89860548198714,14.409665574288471
Male,Substance use disorders,95,21.36555257467788,26.405127161099205,14.870756113699361
Male,Substance use disorders,96,22.426115380339915,28.014177066880418,15.325233145792145
Male,Substance use disorders,97,23.52211039013493,29.714065049171182,15.772957365508113
Male,Substance use disorders,98,23.52211039013493,29.714065049171182,15.772957365508113
Male,Substance use disorders,99,23.52211039013493,29.714065049171182,15.772957365508113
Male,Substance use disorders,100,23.52211039013493,29.714065049171182,15.772957365508113
