population_group_id,population_group_name,measure_id,measure_name,location_id,location_name,sex_id,sex_name,age_id,age_name,cause_id,cause_name,metric_id,metric_name,year,val,upper,lower
1,All Population,1,Deaths,102,United States of America,1,Male,1,<5 years,508,Chronic respiratory diseases,3,Rate,2023,0.5840463590697778,0.7653908813552041,0.45369817149568825
1,All Population,1,Deaths,102,United States of America,2,Female,1,<5 years,508,Chronic respiratory diseases,3,Rate,2023,0.5431798880948605,0.6911613834843569,0.3975797377798016
1,All Population,1,Deaths,102,United States of America,3,Both,1,<5 years,508,Chronic respiratory diseases,3,Rate,2023,0.5640640220230403,0.6805664589261656,0.46678972541057656
1,All Population,1,Deaths,102,United States of America,1,Male,6,5-9 years,508,Chronic respiratory diseases,3,Rate,2023,0.36730402222197345,0.4635182256285451,0.29268074387325665
1,All Population,1,Deaths,102,United States of America,2,Female,6,5-9 years,508,Chronic respiratory diseases,3,Rate,2023,0.3376702848854203,0.4014917142533403,0.26754981853598425
1,All Population,1,Deaths,102,United States of America,3,Both,6,5-9 years,508,Chronic respiratory diseases,3,Rate,2023,0.35282739884740977,0.4188053089580198,0.2975511745712946
1,All Population,1,Deaths,102,United States of America,1,Male,7,10-14 years,508,Chronic respiratory diseases,3,Rate,2023,0.5119102467687445,0.6341406644174833,0.41683560111723733
1,All Population,1,Deaths,102,United States of America,2,Female,7,10-14 years,508,Chronic respiratory diseases,3,Rate,2023,0.4022184659055252,0.4942684625417876,0.31337795032121024
1,All Population,1,Deaths,102,United States of America,3,Both,7,10-14 years,508,Chronic respiratory diseases,3,Rate,2023,0.45841914399531863,0.5373865006248244,0.3871610327772838
1,All Population,1,Deaths,102,United States of America,1,Male,8,15-19 years,508,Chronic respiratory diseases,3,Rate,2023,0.5589562725929417,0.6932610936758145,0.4571161142189694
1,All Population,1,Deaths,102,United States of America,2,Female,8,15-19 years,508,Chronic respiratory diseases,3,Rate,2023,0.500369827067163,0.6083718293279562,0.4017599572116388
1,All Population,1,Deaths,102,United States of America,3,Both,8,15-19 years,508,Chronic respiratory diseases,3,Rate,2023,0.5303709068166974,0.6112496626329209,0.4540033868560061
1,All Population,1,Deaths,102,United States of America,1,Male,9,20-24 years,508,Chronic respiratory diseases,3,Rate,2023,0.7718665753140254,0.9516382270002204,0.6264201143674601
1,All Population,1,Deaths,102,United States of America,2,Female,9,20-24 years,508,Chronic respiratory diseases,3,Rate,2023,0.6538998883735182,0.7946816259549438,0.5205345086608694
1,All Population,1,Deaths,102,United States of America,3,Both,9,20-24 years,508,Chronic respiratory diseases,3,Rate,2023,0.7140019378746169,0.8136148445731647,0.6150663399000668
1,All Population,1,Deaths,102,United States of America,1,Male,10,25-29 years,508,Chronic respiratory diseases,3,Rate,2023,1.0572370101310675,1.3065406799531196,0.8481512132011252
1,All Population,1,Deaths,102,United States of America,2,Female,10,25-29 years,508,Chronic respiratory diseases,3,Rate,2023,0.9128690613585034,1.095168681585084,0.7278329812385064
1,All Population,1,Deaths,102,United States of America,3,Both,10,25-29 years,508,Chronic respiratory diseases,3,Rate,2023,0.9862578447492505,1.143119730279636,0.8443108526199048
1,All Population,1,Deaths,102,United States of America,1,Male,11,30-34 years,508,Chronic respiratory diseases,3,Rate,2023,1.531882911185223,1.8940256970967346,1.2424025761464763
1,All Population,1,Deaths,102,United States of America,2,Female,11,30-34 years,508,Chronic respiratory diseases,3,Rate,2023,1.3108165458104495,1.5826136916610083,1.0711066327648073
1,All Population,1,Deaths,102,United States of America,3,Both,11,30-34 years,508,Chronic respiratory diseases,3,Rate,2023,1.4227356788235246,1.6164044079468634,1.2192462464078504
1,All Population,1,Deaths,102,United States of America,1,Male,12,35-39 years,508,Chronic respiratory diseases,3,Rate,2023,2.1483223636360576,2.6474052156013745,1.771216125788411
1,All Population,1,Deaths,102,United States of America,2,Female,12,35-39 years,508,Chronic respiratory diseases,3,Rate,2023,2.0040141389105157,2.3610497150972556,1.6823336876007426
1,All Population,1,Deaths,102,United States of America,3,Both,12,35-39 years,508,Chronic respiratory diseases,3,Rate,2023,2.077106310746207,2.3430236943166167,1.8073324060176552
1,All Population,1,Deaths,102,United States of America,1,Male,13,40-44 years,508,Chronic respiratory diseases,3,Rate,2023,3.532178183979903,4.225778697212868,3.0303590027305902
1,All Population,1,Deaths,102,United States of America,2,Female,13,40-44 years,508,Chronic respiratory diseases,3,Rate,2023,3.7370007168569357,4.298980429294779,3.20871219847723
1,All Population,1,Deaths,102,United States of America,3,Both,13,40-44 years,508,Chronic respiratory diseases,3,Rate,2023,3.63386128428716,4.0375592438721615,3.2269775546971187
1,All Population,1,Deaths,102,United States of America,1,Male,14,45-49 years,508,Chronic respiratory diseases,3,Rate,2023,6.32903162552825,7.319271123881326,5.488072811219323
1,All Population,1,Deaths,102,United States of America,2,Female,14,45-49 years,508,Chronic respiratory diseases,3,Rate,2023,7.10511224768921,8.028166824420257,6.102368902142658
1,All Population,1,Deaths,102,United States of America,3,Both,14,45-49 years,508,Chronic respiratory diseases,3,Rate,2023,6.716691633943971,7.413525549710618,6.096520910380951
1,All Population,1,Deaths,102,United States of America,1,Male,15,50-54 years,508,Chronic respiratory diseases,3,Rate,2023,14.266463371261608,16.08798569340045,12.514804703570999
1,All Population,1,Deaths,102,United States of America,2,Female,15,50-54 years,508,Chronic respiratory diseases,3,Rate,2023,16.04184872636398,17.82932003900064,13.99523228856767
1,All Population,1,Deaths,102,United States of America,3,Both,15,50-54 years,508,Chronic respiratory diseases,3,Rate,2023,15.155140572282894,16.568176997914097,13.96225388503065
1,All Population,1,Deaths,102,United States of America,1,Male,16,55-59 years,508,Chronic respiratory diseases,3,Rate,2023,32.048280314099195,35.13502160329345,28.790325718269784
1,All Population,1,Deaths,102,United States of America,2,Female,16,55-59 years,508,Chronic respiratory diseases,3,Rate,2023,33.156895539722626,36.6225694868287,29.692606267517547
1,All Population,1,Deaths,102,United States of America,3,Both,16,55-59 years,508,Chronic respiratory diseases,3,Rate,2023,32.608342834205104,34.917062397977226,30.20448785659337
1,All Population,1,Deaths,102,United States of America,1,Male,17,60-64 years,508,Chronic respiratory diseases,3,Rate,2023,71.51773866458264,79.10181057537262,64.93499652190187
1,All Population,1,Deaths,102,United States of America,2,Female,17,60-64 years,508,Chronic respiratory diseases,3,Rate,2023,66.95612726483468,74.03119569459653,60.261434762428465
1,All Population,1,Deaths,102,United States of America,3,Both,17,60-64 years,508,Chronic respiratory diseases,3,Rate,2023,69.18169168817684,74.2648095209685,63.867712144903024
1,All Population,1,Deaths,102,United States of America,1,Male,18,65-69 years,508,Chronic respiratory diseases,3,Rate,2023,128.53249553912812,141.1124368278902,116.34325164392365
1,All Population,1,Deaths,102,United States of America,2,Female,18,65-69 years,508,Chronic respiratory diseases,3,Rate,2023,108.42482726303791,120.70691810895315,97.10146428236177
1,All Population,1,Deaths,102,United States of America,3,Both,18,65-69 years,508,Chronic respiratory diseases,3,Rate,2023,118.02019910130669,127.06722964705749,109.09532871935755
1,All Population,1,Deaths,102,United States of America,1,Male,19,70-74 years,508,Chronic respiratory diseases,3,Rate,2023,219.459668547265,242.2478778004124,198.4171407785332
1,All Population,1,Deaths,102,United States of America,2,Female,19,70-74 years,508,Chronic respiratory diseases,3,Rate,2023,180.60390097355986,203.6715026458304,159.3281872237375
1,All Population,1,Deaths,102,United States of America,3,Both,19,70-74 years,508,Chronic respiratory diseases,3,Rate,2023,198.67092171940848,213.1056227689528,181.8211221098261
1,All Population,1,Deaths,102,United States of America,1,Male,20,75-79 years,508,Chronic respiratory diseases,3,Rate,2023,376.8650323561167,415.52408612536703,341.5214392383333
1,All Population,1,Deaths,102,United States of America,2,Female,20,75-79 years,508,Chronic respiratory diseases,3,Rate,2023,321.59303006105296,364.4114868233065,276.0693070853149
1,All Population,1,Deaths,102,United States of America,3,Both,20,75-79 years,508,Chronic respiratory diseases,3,Rate,2023,346.6717736552342,376.82249053153686,314.5531516028506
1,All Population,1,Deaths,102,United States of America,1,Male,30,80-84 years,508,Chronic respiratory diseases,3,Rate,2023,605.8002679741014,679.7941634835081,524.2146776410937
1,All Population,1,Deaths,102,United States of America,2,Female,30,80-84 years,508,Chronic respiratory diseases,3,Rate,2023,500.471408219147,579.576294633343,388.47499079597156
1,All Population,1,Deaths,102,United States of America,3,Both,30,80-84 years,508,Chronic respiratory diseases,3,Rate,2023,545.711285840207,607.8428982558047,467.04320247809795
1,All Population,1,Deaths,102,United States of America,1,Male,31,85-89 years,508,Chronic respiratory diseases,3,Rate,2023,932.7860200123982,1072.0882907219843,781.0173302160863
1,All Population,1,Deaths,102,United States of America,2,Female,31,85-89 years,508,Chronic respiratory diseases,3,Rate,2023,744.865194120906,889.7395596991455,551.7538662475386
1,All Population,1,Deaths,102,United States of America,3,Both,31,85-89 years,508,Chronic respiratory diseases,3,Rate,2023,819.2166182037801,941.6065500296116,645.61457710764
1,All Population,1,Deaths,102,United States of America,1,Male,32,90-94 years,508,Chronic respiratory diseases,3,Rate,2023,1379.9398875478205,1617.2282353911935,1089.5088387979451
1,All Population,1,Deaths,102,United States of America,2,Female,32,90-94 years,508,Chronic respiratory diseases,3,Rate,2023,1105.0824479841124,1346.4039512350766,770.945237787471
1,All Population,1,Deaths,102,United States of America,3,Both,32,90-94 years,508,Chronic respiratory diseases,3,Rate,2023,1198.6452559408383,1410.371322733914,893.1862247347171
1,All Population,1,Deaths,102,United States of America,1,Male,235,95+ years,508,Chronic respiratory diseases,3,Rate,2023,1698.504263304448,2049.509807618753,1236.0541334291238
1,All Population,1,Deaths,102,United States of America,2,Female,235,95+ years,508,Chronic respiratory diseases,3,Rate,2023,1552.5411578145474,1945.1582040477026,1083.9925051626983
1,All Population,1,Deaths,102,United States of America,3,Both,235,95+ years,508,Chronic respiratory diseases,3,Rate,2023,1592.288182370383,1939.8970648548127,1150.0516304918322
1,All Population,1,Deaths,102,United States of America,1,Male,1,<5 years,526,Digestive diseases,3,Rate,2023,1.204724498201996,1.4596868634737723,1.0030433785816437
1,All Population,1,Deaths,102,United States of America,2,Female,1,<5 years,526,Digestive diseases,3,Rate,2023,0.9199922612608158,1.1541742565654298,0.6978725695872324
1,All Population,1,Deaths,102,United States of America,3,Both,1,<5 years,526,Digestive diseases,3,Rate,2023,1.065499960557861,1.2399829774238427,0.9145746068260965
1,All Population,1,Deaths,102,United States of America,1,Male,6,5-9 years,526,Digestive diseases,3,Rate,2023,0.313352092794931,0.3933969926233008,0.25453951544443776
1,All Population,1,Deaths,102,United States of America,2,Female,6,5-9 years,526,Digestive diseases,3,Rate,2023,0.23960601464209172,0.29868293070359064,0.1838915810715516
1,All Population,1,Deaths,102,United States of America,3,Both,6,5-9 years,526,Digestive diseases,3,Rate,2023,0.2773257830978095,0.3292962167916664,0.23786133456663452
1,All Population,1,Deaths,102,United States of America,1,Male,7,10-14 years,526,Digestive diseases,3,Rate,2023,0.376614880052266,0.47766636156720216,0.30438371240927076
1,All Population,1,Deaths,102,United States of America,2,Female,7,10-14 years,526,Digestive diseases,3,Rate,2023,0.27822276139440666,0.35350867976840483,0.21517000264852135
1,All Population,1,Deaths,102,United States of America,3,Both,7,10-14 years,526,Digestive diseases,3,Rate,2023,0.3286340478531283,0.3900244189549519,0.2838169192416441
1,All Population,1,Deaths,102,United States of America,1,Male,8,15-19 years,526,Digestive diseases,3,Rate,2023,0.5957328991970783,0.7414132944670176,0.47953302369366163
1,All Population,1,Deaths,102,United States of America,2,Female,8,15-19 years,526,Digestive diseases,3,Rate,2023,0.40256844728306235,0.48967272705832415,0.32983164417589556
1,All Population,1,Deaths,102,United States of America,3,Both,8,15-19 years,526,Digestive diseases,3,Rate,2023,0.5014845374237018,0.5851554273745466,0.43086743714050835
1,All Population,1,Deaths,102,United States of America,1,Male,9,20-24 years,526,Digestive diseases,3,Rate,2023,1.2106388106217054,1.4677342056170346,0.9825358681374045
1,All Population,1,Deaths,102,United States of America,2,Female,9,20-24 years,526,Digestive diseases,3,Rate,2023,0.7272110538976311,0.8940893276188083,0.6004211217420591
1,All Population,1,Deaths,102,United States of America,3,Both,9,20-24 years,526,Digestive diseases,3,Rate,2023,0.973509392169082,1.1243540151460722,0.8425222954666555
1,All Population,1,Deaths,102,United States of America,1,Male,10,25-29 years,526,Digestive diseases,3,Rate,2023,3.4453551589710543,4.025655142096922,2.8452587563597223
1,All Population,1,Deaths,102,United States of America,2,Female,10,25-29 years,526,Digestive diseases,3,Rate,2023,1.8933857747528717,2.2618499000166556,1.616453682082888
1,All Population,1,Deaths,102,United States of America,3,Both,10,25-29 years,526,Digestive diseases,3,Rate,2023,2.682322279952457,3.0269599136864347,2.368145886419052
1,All Population,1,Deaths,102,United States of America,1,Male,11,30-34 years,526,Digestive diseases,3,Rate,2023,8.336555467603162,9.615534851717056,7.119342406106858
1,All Population,1,Deaths,102,United States of America,2,Female,11,30-34 years,526,Digestive diseases,3,Rate,2023,5.146536124917928,5.927542463041711,4.483993272046327
1,All Population,1,Deaths,102,United States of America,3,Both,11,30-34 years,526,Digestive diseases,3,Rate,2023,6.76154525813911,7.507920736011758,6.068962867477046
1,All Population,1,Deaths,102,United States of America,1,Male,12,35-39 years,526,Digestive diseases,3,Rate,2023,15.06104249883369,17.038594886313646,13.131987929509977
1,All Population,1,Deaths,102,United States of America,2,Female,12,35-39 years,526,Digestive diseases,3,Rate,2023,8.89794980828389,10.175014777272258,7.880776317445029
1,All Population,1,Deaths,102,United States of America,3,Both,12,35-39 years,526,Digestive diseases,3,Rate,2023,12.019558648207648,13.197348939391203,10.866239420049482
1,All Population,1,Deaths,102,United States of America,1,Male,13,40-44 years,526,Digestive diseases,3,Rate,2023,21.405605097342765,23.692367024784378,18.884774396922758
1,All Population,1,Deaths,102,United States of America,2,Female,13,40-44 years,526,Digestive diseases,3,Rate,2023,12.797475463108574,14.335627574772506,11.443494784629864
1,All Population,1,Deaths,102,United States of America,3,Both,13,40-44 years,526,Digestive diseases,3,Rate,2023,17.132143106804822,18.488764716194474,15.650186494161833
1,All Population,1,Deaths,102,United States of America,1,Male,14,45-49 years,526,Digestive diseases,3,Rate,2023,32.10276249280339,35.025706695166996,28.758148405071744
1,All Population,1,Deaths,102,United States of America,2,Female,14,45-49 years,526,Digestive diseases,3,Rate,2023,18.324503496695325,20.37288130890392,16.7708635729197
1,All Population,1,Deaths,102,United States of America,3,Both,14,45-49 years,526,Digestive diseases,3,Rate,2023,25.220384752830057,26.99584422900023,23.401452767542303
1,All Population,1,Deaths,102,United States of America,1,Male,15,50-54 years,526,Digestive diseases,3,Rate,2023,45.03198789646417,48.551971861854696,41.395532796247345
1,All Population,1,Deaths,102,United States of America,2,Female,15,50-54 years,526,Digestive diseases,3,Rate,2023,27.760572131332715,30.250460593371823,25.531307654128433
1,All Population,1,Deaths,102,United States of America,3,Both,15,50-54 years,526,Digestive diseases,3,Rate,2023,36.386702310593584,38.50918125672777,34.216657986400556
1,All Population,1,Deaths,102,United States of America,1,Male,16,55-59 years,526,Digestive diseases,3,Rate,2023,74.94927691513273,81.45270696997785,68.37246210252277
1,All Population,1,Deaths,102,United States of America,2,Female,16,55-59 years,526,Digestive diseases,3,Rate,2023,44.29597138910799,49.04239718881275,40.358503492045216
1,All Population,1,Deaths,102,United States of America,3,Both,16,55-59 years,526,Digestive diseases,3,Rate,2023,59.46350047468477,63.19320595194796,55.66005309940192
1,All Population,1,Deaths,102,United States of America,1,Male,17,60-64 years,526,Digestive diseases,3,Rate,2023,94.26329760366663,102.18383334070172,86.10872258246962
1,All Population,1,Deaths,102,United States of America,2,Female,17,60-64 years,526,Digestive diseases,3,Rate,2023,57.97411469672193,63.98827940434673,52.68916572515128
1,All Population,1,Deaths,102,United States of America,3,Both,17,60-64 years,526,Digestive diseases,3,Rate,2023,75.67924285260081,80.37349137301395,70.7766885830137
1,All Population,1,Deaths,102,United States of America,1,Male,18,65-69 years,526,Digestive diseases,3,Rate,2023,108.92649590225449,118.06779892493833,99.03809437473103
1,All Population,1,Deaths,102,United States of America,2,Female,18,65-69 years,526,Digestive diseases,3,Rate,2023,70.33450361940369,78.85711336448479,62.29908952170988
1,All Population,1,Deaths,102,United States of America,3,Both,18,65-69 years,526,Digestive diseases,3,Rate,2023,88.75058801313112,95.20556497022969,82.4717374187737
1,All Population,1,Deaths,102,United States of America,1,Male,19,70-74 years,526,Digestive diseases,3,Rate,2023,120.9264783606701,131.16123020378552,109.83964442567232
1,All Population,1,Deaths,102,United States of America,2,Female,19,70-74 years,526,Digestive diseases,3,Rate,2023,92.38065376039316,103.47265558223557,81.26063661004612
1,All Population,1,Deaths,102,United States of America,3,Both,19,70-74 years,526,Digestive diseases,3,Rate,2023,105.65379279392948,113.23867453283506,96.1883877890436
1,All Population,1,Deaths,102,United States of America,1,Male,20,75-79 years,526,Digestive diseases,3,Rate,2023,147.48937527659547,160.88424501438246,132.13270607247094
1,All Population,1,Deaths,102,United States of America,2,Female,20,75-79 years,526,Digestive diseases,3,Rate,2023,127.72839077182499,145.38695841181985,109.85492169674342
1,All Population,1,Deaths,102,United States of America,3,Both,20,75-79 years,526,Digestive diseases,3,Rate,2023,136.69460590762054,148.74927353864473,122.30078217506761
1,All Population,1,Deaths,102,United States of America,1,Male,30,80-84 years,526,Digestive diseases,3,Rate,2023,206.16185815040166,228.9696778226634,178.68054926235104
1,All Population,1,Deaths,102,United States of America,2,Female,30,80-84 years,526,Digestive diseases,3,Rate,2023,189.51609103676304,222.9353857217256,150.8203615593619
1,All Population,1,Deaths,102,United States of America,3,Both,30,80-84 years,526,Digestive diseases,3,Rate,2023,196.66562696529797,221.70662540921407,161.76914617746135
1,All Population,1,Deaths,102,United States of America,1,Male,31,85-89 years,526,Digestive diseases,3,Rate,2023,318.7600422206443,362.8680130965921,265.4367577795885
1,All Population,1,Deaths,102,United States of America,2,Female,31,85-89 years,526,Digestive diseases,3,Rate,2023,305.3452373765227,368.5606068184247,223.02756992624356
1,All Population,1,Deaths,102,United States of America,3,Both,31,85-89 years,526,Digestive diseases,3,Rate,2023,310.65284412645354,362.2083737378402,238.97886275457716
1,All Population,1,Deaths,102,United States of America,1,Male,32,90-94 years,526,Digestive diseases,3,Rate,2023,516.3258827791784,596.2605131579604,409.2481419414291
1,All Population,1,Deaths,102,United States of America,2,Female,32,90-94 years,526,Digestive diseases,3,Rate,2023,505.6172007987535,622.2115388693186,362.07442909348975
1,All Population,1,Deaths,102,United States of America,3,Both,32,90-94 years,526,Digestive diseases,3,Rate,2023,509.26248817825604,606.5292531013623,380.6804446403519
1,All Population,1,Deaths,102,United States of America,1,Male,235,95+ years,526,Digestive diseases,3,Rate,2023,673.9470545507606,802.136177366374,492.3141422815118
1,All Population,1,Deaths,102,United States of America,2,Female,235,95+ years,526,Digestive diseases,3,Rate,2023,746.7945251653422,926.4733244479671,530.4945570246349
1,All Population,1,Deaths,102,United States of America,3,Both,235,95+ years,526,Digestive diseases,3,Rate,2023,726.9575246190053,877.4743165681357,525.9594361973056
1,All Population,1,Deaths,102,United States of America,1,Male,1,<5 years,542,Neurological disorders,3,Rate,2023,2.214595094056929,2.542361863616298,1.8758393629924914
1,All Population,1,Deaths,102,United States of America,2,Female,1,<5 years,542,Neurological disorders,3,Rate,2023,2.2101599830622862,2.6388343860339196,1.8108530356979382
1,All Population,1,Deaths,102,United States of America,3,Both,1,<5 years,542,Neurological disorders,3,Rate,2023,2.2124264731650247,2.5290702036942423,1.9513668046680506
1,All Population,1,Deaths,102,United States of America,1,Male,6,5-9 years,542,Neurological disorders,3,Rate,2023,0.6728253398783117,0.780171623576969,0.5684081866428065
1,All Population,1,Deaths,102,United States of America,2,Female,6,5-9 years,542,Neurological disorders,3,Rate,2023,0.7349707905121923,0.8861114021705584,0.6114044170598429
1,All Population,1,Deaths,102,United States of America,3,Both,6,5-9 years,542,Neurological disorders,3,Rate,2023,0.7031845305889448,0.7984283087674858,0.6279942037528701
1,All Population,1,Deaths,102,United States of America,1,Male,7,10-14 years,542,Neurological disorders,3,Rate,2023,0.9448978669641512,1.0980617726797606,0.7942810011024573
1,All Population,1,Deaths,102,United States of America,2,Female,7,10-14 years,542,Neurological disorders,3,Rate,2023,0.8255829571199395,0.9969657247998229,0.6777471024065556
1,All Population,1,Deaths,102,United States of America,3,Both,7,10-14 years,542,Neurological disorders,3,Rate,2023,0.8867140536040846,1.012945759470239,0.7879021437338882
1,All Population,1,Deaths,102,United States of America,1,Male,8,15-19 years,542,Neurological disorders,3,Rate,2023,1.7845937593392651,2.0693042364392915,1.531694281834402
1,All Population,1,Deaths,102,United States of America,2,Female,8,15-19 years,542,Neurological disorders,3,Rate,2023,0.9556980107746205,1.1373012822963884,0.8036837878828414
1,All Population,1,Deaths,102,United States of America,3,Both,8,15-19 years,542,Neurological disorders,3,Rate,2023,1.380160823521918,1.5452239085123505,1.228589768193563
1,All Population,1,Deaths,102,United States of America,1,Male,9,20-24 years,542,Neurological disorders,3,Rate,2023,2.260432266166863,2.606348037041992,1.936765805549575
1,All Population,1,Deaths,102,United States of America,2,Female,9,20-24 years,542,Neurological disorders,3,Rate,2023,1.2026969992620093,1.4490266891894226,0.9998890122314439
1,All Population,1,Deaths,102,United States of America,3,Both,9,20-24 years,542,Neurological disorders,3,Rate,2023,1.7415953867587597,1.937158654632141,1.5414340089727836
1,All Population,1,Deaths,102,United States of America,1,Male,10,25-29 years,542,Neurological disorders,3,Rate,2023,2.4543458035508494,2.8701791596934076,2.0959308682127555
1,All Population,1,Deaths,102,United States of America,2,Female,10,25-29 years,542,Neurological disorders,3,Rate,2023,1.351744479207773,1.6161160650846589,1.1096964211524292
1,All Population,1,Deaths,102,United States of America,3,Both,10,25-29 years,542,Neurological disorders,3,Rate,2023,1.9122467960069336,2.1682272953873043,1.690748816525259
1,All Population,1,Deaths,102,United States of America,1,Male,11,30-34 years,542,Neurological disorders,3,Rate,2023,2.6800112383640697,3.1185923303238017,2.2789440633672213
1,All Population,1,Deaths,102,United States of America,2,Female,11,30-34 years,542,Neurological disorders,3,Rate,2023,1.8924062470602172,2.2203496679441592,1.5587328416650035
1,All Population,1,Deaths,102,United States of America,3,Both,11,30-34 years,542,Neurological disorders,3,Rate,2023,2.2911465422383643,2.5840323458956163,2.026479977815256
1,All Population,1,Deaths,102,United States of America,1,Male,12,35-39 years,542,Neurological disorders,3,Rate,2023,3.1552999019926515,3.6678298491487196,2.7256626582230226
1,All Population,1,Deaths,102,United States of America,2,Female,12,35-39 years,542,Neurological disorders,3,Rate,2023,2.5340768924038244,2.926319721692256,2.162036790084873
1,All Population,1,Deaths,102,United States of America,3,Both,12,35-39 years,542,Neurological disorders,3,Rate,2023,2.8487265878838266,3.1891658380466663,2.5531824568298984
1,All Population,1,Deaths,102,United States of America,1,Male,13,40-44 years,542,Neurological disorders,3,Rate,2023,4.282192309394143,4.855125269529523,3.7346893928045
1,All Population,1,Deaths,102,United States of America,2,Female,13,40-44 years,542,Neurological disorders,3,Rate,2023,3.7910004373487296,4.306729624367962,3.3408310365118115
1,All Population,1,Deaths,102,United States of America,3,Both,13,40-44 years,542,Neurological disorders,3,Rate,2023,4.0383426132999665,4.4826347987290225,3.68416478037428
1,All Population,1,Deaths,102,United States of America,1,Male,14,45-49 years,542,Neurological disorders,3,Rate,2023,6.2178015226722225,7.214683540036575,5.496288646835123
1,All Population,1,Deaths,102,United States of America,2,Female,14,45-49 years,542,Neurological disorders,3,Rate,2023,5.672824302365011,6.451332488117528,4.99983422741109
1,All Population,1,Deaths,102,United States of America,3,Both,14,45-49 years,542,Neurological disorders,3,Rate,2023,5.945579967619847,6.841958692206256,5.400431712781673
1,All Population,1,Deaths,102,United States of America,1,Male,15,50-54 years,542,Neurological disorders,3,Rate,2023,10.512600191841734,13.916718677177249,8.896125629435806
1,All Population,1,Deaths,102,United States of America,2,Female,15,50-54 years,542,Neurological disorders,3,Rate,2023,9.291906057911534,12.932303950265233,7.664972766060975
1,All Population,1,Deaths,102,United States of America,3,Both,15,50-54 years,542,Neurological disorders,3,Rate,2023,9.901576200274755,13.39367398700623,8.399807017813812
1,All Population,1,Deaths,102,United States of America,1,Male,16,55-59 years,542,Neurological disorders,3,Rate,2023,18.888741313259192,27.938867184383984,14.818839311236392
1,All Population,1,Deaths,102,United States of America,2,Female,16,55-59 years,542,Neurological disorders,3,Rate,2023,17.204263204774325,27.97183943404406,12.504512929164227
1,All Population,1,Deaths,102,United States of America,3,Both,16,55-59 years,542,Neurological disorders,3,Rate,2023,18.037758003003177,27.815769437481286,13.95080205149016
1,All Population,1,Deaths,102,United States of America,1,Male,17,60-64 years,542,Neurological disorders,3,Rate,2023,37.03570893346914,60.66275906477228,26.612686997490115
1,All Population,1,Deaths,102,United States of America,2,Female,17,60-64 years,542,Neurological disorders,3,Rate,2023,35.74635310990832,64.85883682327804,23.18944226801325
1,All Population,1,Deaths,102,United States of America,3,Both,17,60-64 years,542,Neurological disorders,3,Rate,2023,36.375416876739656,62.423874278211755,25.027733726261445
1,All Population,1,Deaths,102,United States of America,1,Male,18,65-69 years,542,Neurological disorders,3,Rate,2023,71.31676192452396,129.35238119387103,47.69506584917521
1,All Population,1,Deaths,102,United States of America,2,Female,18,65-69 years,542,Neurological disorders,3,Rate,2023,70.38274669364498,144.21116345489966,39.939964103803
1,All Population,1,Deaths,102,United States of America,3,Both,18,65-69 years,542,Neurological disorders,3,Rate,2023,70.8284584151551,137.1205580748628,43.62025377779677
1,All Population,1,Deaths,102,United States of America,1,Male,19,70-74 years,542,Neurological disorders,3,Rate,2023,138.90768914972938,243.09962426631742,92.03436458677481
1,All Population,1,Deaths,102,United States of America,2,Female,19,70-74 years,542,Neurological disorders,3,Rate,2023,135.41848753263054,275.26317843094546,70.22399149921688
1,All Population,1,Deaths,102,United States of America,3,Both,19,70-74 years,542,Neurological disorders,3,Rate,2023,137.04088446206944,262.00997542318424,80.36459479213492
1,All Population,1,Deaths,102,United States of America,1,Male,20,75-79 years,542,Neurological disorders,3,Rate,2023,292.95466240746407,511.48958630544615,188.55555742637492
1,All Population,1,Deaths,102,United States of America,2,Female,20,75-79 years,542,Neurological disorders,3,Rate,2023,287.0467504904675,579.4664915527087,139.8547680383305
1,All Population,1,Deaths,102,United States of America,3,Both,20,75-79 years,542,Neurological disorders,3,Rate,2023,289.7273663898591,546.3087728948315,162.35906147427548
1,All Population,1,Deaths,102,United States of America,1,Male,30,80-84 years,542,Neurological disorders,3,Rate,2023,728.8458093655908,1375.227599960596,407.6403819853421
1,All Population,1,Deaths,102,United States of America,2,Female,30,80-84 years,542,Neurological disorders,3,Rate,2023,767.060742033086,1582.2871582328771,325.5985786868001
1,All Population,1,Deaths,102,United States of America,3,Both,30,80-84 years,542,Neurological disorders,3,Rate,2023,750.6470176160873,1489.962100919181,361.2854578174787
1,All Population,1,Deaths,102,United States of America,1,Male,31,85-89 years,542,Neurological disorders,3,Rate,2023,1498.817331083601,3134.1207779629026,732.0613423497455
1,All Population,1,Deaths,102,United States of America,2,Female,31,85-89 years,542,Neurological disorders,3,Rate,2023,1571.1217408825344,3434.7160408855048,604.1001583175351
1,All Population,1,Deaths,102,United States of America,3,Both,31,85-89 years,542,Neurological disorders,3,Rate,2023,1542.5142897896653,3310.5917973767405,654.5465711688246
1,All Population,1,Deaths,102,United States of America,1,Male,32,90-94 years,542,Neurological disorders,3,Rate,2023,2898.433926916353,6424.484674176997,1177.0318309422084
1,All Population,1,Deaths,102,United States of America,2,Female,32,90-94 years,542,Neurological disorders,3,Rate,2023,3012.342485312848,6695.119223997662,1050.6439113077527
1,All Population,1,Deaths,102,United States of America,3,Both,32,90-94 years,542,Neurological disorders,3,Rate,2023,2973.5674585542633,6589.783982671497,1110.4186165628457
1,All Population,1,Deaths,102,United States of America,1,Male,235,95+ years,542,Neurological disorders,3,Rate,2023,5226.710282059776,11609.459126748243,1790.744164878506
1,All Population,1,Deaths,102,United States of America,2,Female,235,95+ years,542,Neurological disorders,3,Rate,2023,5428.829882800205,12155.751776833826,1656.8583218337856
1,All Population,1,Deaths,102,United States of America,3,Both,235,95+ years,542,Neurological disorders,3,Rate,2023,5373.790955621441,12027.273150197147,1668.2230790906979
1,All Population,1,Deaths,102,United States of America,1,Male,6,5-9 years,558,Mental disorders,3,Rate,2023,2.381256844020205e-06,3.171075455934684e-05,8.294982096298932e-08
1,All Population,1,Deaths,102,United States of America,2,Female,6,5-9 years,558,Mental disorders,3,Rate,2023,2.574521368598237e-06,2.4719906900452977e-05,8.276032648365466e-08
1,All Population,1,Deaths,102,United States of America,3,Both,6,5-9 years,558,Mental disorders,3,Rate,2023,2.4756701035495464e-06,3.0444216136734133e-05,1.0039514113366544e-07
1,All Population,1,Deaths,102,United States of America,1,Male,7,10-14 years,558,Mental disorders,3,Rate,2023,0.00011411890506082062,0.0002908881373065088,1.9165098088223992e-05
1,All Population,1,Deaths,102,United States of America,2,Female,7,10-14 years,558,Mental disorders,3,Rate,2023,0.0006775224579710411,0.002408052847168643,0.0001872777233832363
1,All Population,1,Deaths,102,United States of America,3,Both,7,10-14 years,558,Mental disorders,3,Rate,2023,0.00038886216398569527,0.0012643816025937964,0.00013285684077291973
1,All Population,1,Deaths,102,United States of America,1,Male,8,15-19 years,558,Mental disorders,3,Rate,2023,0.0009435451939693925,0.0016307837158782603,0.0001339765665655834
1,All Population,1,Deaths,102,United States of America,2,Female,8,15-19 years,558,Mental disorders,3,Rate,2023,0.013932569747270081,0.036150173947591416,0.005927757550175458
1,All Population,1,Deaths,102,United States of America,3,Both,8,15-19 years,558,Mental disorders,3,Rate,2023,0.007281120628023283,0.01816747348231756,0.0033912088769809654
1,All Population,1,Deaths,102,United States of America,1,Male,9,20-24 years,558,Mental disorders,3,Rate,2023,0.0027001052301255223,0.004942457367429339,0.0002552625109947086
1,All Population,1,Deaths,102,United States of America,2,Female,9,20-24 years,558,Mental disorders,3,Rate,2023,0.033467771981385244,0.06790659510884718,0.015518848108522875
1,All Population,1,Deaths,102,United States of America,3,Both,9,20-24 years,558,Mental disorders,3,Rate,2023,0.01779216153510637,0.03366803078039953,0.008819524961686013
1,All Population,1,Deaths,102,United States of America,1,Male,10,25-29 years,558,Mental disorders,3,Rate,2023,0.003162955649860983,0.0054871835314721906,0.00023160701174384032
1,All Population,1,Deaths,102,United States of America,2,Female,10,25-29 years,558,Mental disorders,3,Rate,2023,0.05137006866666536,0.0953661925520537,0.021576906332889525
1,All Population,1,Deaths,102,United States of America,3,Both,10,25-29 years,558,Mental disorders,3,Rate,2023,0.02686420427527587,0.04822614018011999,0.011462834452332885
1,All Population,1,Deaths,102,United States of America,1,Male,11,30-34 years,558,Mental disorders,3,Rate,2023,0.0039532570162904585,0.007306498565553331,0.00025061669247534844
1,All Population,1,Deaths,102,United States of America,2,Female,11,30-34 years,558,Mental disorders,3,Rate,2023,0.06393156624974468,0.12326122989724152,0.025186544531461803
1,All Population,1,Deaths,102,United States of America,3,Both,11,30-34 years,558,Mental disorders,3,Rate,2023,0.033566384474496974,0.06140274433420218,0.013413514562412254
1,All Population,1,Deaths,102,United States of America,1,Male,12,35-39 years,558,Mental disorders,3,Rate,2023,0.002945568865784629,0.005095453407886818,0.00021209684486303082
1,All Population,1,Deaths,102,United States of America,2,Female,12,35-39 years,558,Mental disorders,3,Rate,2023,0.06579138348730186,0.12014096415263383,0.027823695379193134
1,All Population,1,Deaths,102,United States of America,3,Both,12,35-39 years,558,Mental disorders,3,Rate,2023,0.03395995398835057,0.06046195648060521,0.016001690793626653
1,All Population,1,Deaths,102,United States of America,1,Male,13,40-44 years,558,Mental disorders,3,Rate,2023,0.002324326339093432,0.003984377144026244,0.00020663181816839464
1,All Population,1,Deaths,102,United States of America,2,Female,13,40-44 years,558,Mental disorders,3,Rate,2023,0.07446074290258048,0.14878114526533223,0.03432854135323493
1,All Population,1,Deaths,102,United States of America,3,Both,13,40-44 years,558,Mental disorders,3,Rate,2023,0.03813608190230986,0.07391502685200646,0.017592642864711995
1,All Population,1,Deaths,102,United States of America,1,Male,14,45-49 years,558,Mental disorders,3,Rate,2023,0.003290461370095279,0.00587364708506929,0.0002458995101980979
1,All Population,1,Deaths,102,United States of America,2,Female,14,45-49 years,558,Mental disorders,3,Rate,2023,0.05897066844356481,0.12006955520841517,0.02720405499074376
1,All Population,1,Deaths,102,United States of America,3,Both,14,45-49 years,558,Mental disorders,3,Rate,2023,0.03110327994374803,0.06016319535886648,0.015365749005911524
1,All Population,1,Deaths,102,United States of America,1,Male,1,<5 years,410,Neoplasms,3,Rate,2023,2.6708859969393686,2.9205149199172036,2.4027747006509257
1,All Population,1,Deaths,102,United States of America,2,Female,1,<5 years,410,Neoplasms,3,Rate,2023,2.4884340139788983,2.788953297382637,2.150240381471205
1,All Population,1,Deaths,102,United States of America,3,Both,1,<5 years,410,Neoplasms,3,Rate,2023,2.5816730815251767,2.776048461876542,2.360368023817675
1,All Population,1,Deaths,102,United States of America,1,Male,6,5-9 years,410,Neoplasms,3,Rate,2023,2.4444117935288805,2.6664415616009878,2.211956263404129
1,All Population,1,Deaths,102,United States of America,2,Female,6,5-9 years,410,Neoplasms,3,Rate,2023,2.2208104835374645,2.457725686209285,1.989389503321307
1,All Population,1,Deaths,102,United States of America,3,Both,6,5-9 years,410,Neoplasms,3,Rate,2023,2.3351784587644535,2.509738058668866,2.172628995374371
1,All Population,1,Deaths,102,United States of America,1,Male,7,10-14 years,410,Neoplasms,3,Rate,2023,2.643393429146419,2.868779821563253,2.4120685904548402
1,All Population,1,Deaths,102,United States of America,2,Female,7,10-14 years,410,Neoplasms,3,Rate,2023,2.2946094183271235,2.5024474622537896,2.0802541458605504
1,All Population,1,Deaths,102,United States of America,3,Both,7,10-14 years,410,Neoplasms,3,Rate,2023,2.473309205682793,2.6362460497881166,2.328691465420791
1,All Population,1,Deaths,102,United States of America,1,Male,8,15-19 years,410,Neoplasms,3,Rate,2023,3.797173034350119,4.156695215372789,3.4912211493629575
1,All Population,1,Deaths,102,United States of America,2,Female,8,15-19 years,410,Neoplasms,3,Rate,2023,2.8329426308264813,3.1091160680994405,2.5726241093717963
1,All Population,1,Deaths,102,United States of America,3,Both,8,15-19 years,410,Neoplasms,3,Rate,2023,3.326707920279146,3.5464541787613304,3.1087745144697467
1,All Population,1,Deaths,102,United States of America,1,Male,9,20-24 years,410,Neoplasms,3,Rate,2023,4.783783511294315,5.3102503124164855,4.2929096766635455
1,All Population,1,Deaths,102,United States of America,2,Female,9,20-24 years,410,Neoplasms,3,Rate,2023,3.4443038102555996,3.804583050971827,3.098311373890955
1,All Population,1,Deaths,102,United States of America,3,Both,9,20-24 years,410,Neoplasms,3,Rate,2023,4.126746264014994,4.412594281449342,3.8234699112438797
1,All Population,1,Deaths,102,United States of America,1,Male,10,25-29 years,410,Neoplasms,3,Rate,2023,6.93723044820533,7.775270716509173,6.151445545445791
1,All Population,1,Deaths,102,United States of America,2,Female,10,25-29 years,410,Neoplasms,3,Rate,2023,5.9676402437051435,6.64959102798371,5.303708295575845
1,All Population,1,Deaths,102,United States of America,3,Both,10,25-29 years,410,Neoplasms,3,Rate,2023,6.460526968915564,6.976787064549004,5.922133778055771
1,All Population,1,Deaths,102,United States of America,1,Male,11,30-34 years,410,Neoplasms,3,Rate,2023,11.445761565432493,12.807525524629142,10.06417675851733
1,All Population,1,Deaths,102,United States of America,2,Female,11,30-34 years,410,Neoplasms,3,Rate,2023,12.725847611736471,13.962897311971771,11.284288838606903
1,All Population,1,Deaths,102,United States of America,3,Both,11,30-34 years,410,Neoplasms,3,Rate,2023,12.077779235339195,13.147034588405914,11.109210560812299
1,All Population,1,Deaths,102,United States of America,1,Male,12,35-39 years,410,Neoplasms,3,Rate,2023,18.944356015948216,20.994311253170636,16.77654411154849
1,All Population,1,Deaths,102,United States of America,2,Female,12,35-39 years,410,Neoplasms,3,Rate,2023,24.00722886053756,25.894229332231298,21.7705077476729
1,All Population,1,Deaths,102,United States of America,3,Both,12,35-39 years,410,Neoplasms,3,Rate,2023,21.442881799635213,22.88711872768936,20.05143499901785
1,All Population,1,Deaths,102,United States of America,1,Male,13,40-44 years,410,Neoplasms,3,Rate,2023,34.1154552891442,37.08638758576696,30.83487199968176
1,All Population,1,Deaths,102,United States of America,2,Female,13,40-44 years,410,Neoplasms,3,Rate,2023,43.31591285563496,46.31410614804425,40.010094092228755
1,All Population,1,Deaths,102,United States of America,3,Both,13,40-44 years,410,Neoplasms,3,Rate,2023,38.682975456311546,40.99896114327887,36.59490573920753
1,All Population,1,Deaths,102,United States of America,1,Male,14,45-49 years,410,Neoplasms,3,Rate,2023,60.618364267801965,64.96305399485256,55.969842748066
1,All Population,1,Deaths,102,United States of America,2,Female,14,45-49 years,410,Neoplasms,3,Rate,2023,69.7779824663592,73.4257723965597,65.85515314688057
1,All Population,1,Deaths,102,United States of America,3,Both,14,45-49 years,410,Neoplasms,3,Rate,2023,65.19368488082081,68.01256482305733,62.2481219019991
1,All Population,1,Deaths,102,United States of America,1,Male,15,50-54 years,410,Neoplasms,3,Rate,2023,115.5932145812045,121.70666368906507,108.40607331753301
1,All Population,1,Deaths,102,United States of America,2,Female,15,50-54 years,410,Neoplasms,3,Rate,2023,118.41603051083469,123.56889929129447,113.1912122101897
1,All Population,1,Deaths,102,United States of America,3,Both,15,50-54 years,410,Neoplasms,3,Rate,2023,117.00618791239289,120.44031298620857,112.7485366324136
1,All Population,1,Deaths,102,United States of America,1,Male,16,55-59 years,410,Neoplasms,3,Rate,2023,213.40786661517703,222.50609767423398,205.21010588188813
1,All Population,1,Deaths,102,United States of America,2,Female,16,55-59 years,410,Neoplasms,3,Rate,2023,191.19154908568885,198.5622414397558,184.0357318765497
1,All Population,1,Deaths,102,United States of America,3,Both,16,55-59 years,410,Neoplasms,3,Rate,2023,202.1843812295774,207.40342558271973,196.51747974448628
1,All Population,1,Deaths,102,United States of America,1,Male,17,60-64 years,410,Neoplasms,3,Rate,2023,375.9068063836893,389.47463665583024,363.61529172220105
1,All Population,1,Deaths,102,United States of America,2,Female,17,60-64 years,410,Neoplasms,3,Rate,2023,302.62343734399144,314.1638374271033,288.7273275945743
1,All Population,1,Deaths,102,United States of America,3,Both,17,60-64 years,410,Neoplasms,3,Rate,2023,338.3776576544772,346.7436290649034,327.93409451537724
1,All Population,1,Deaths,102,United States of America,1,Male,18,65-69 years,410,Neoplasms,3,Rate,2023,575.0507328678892,593.914520701757,554.3123162448759
1,All Population,1,Deaths,102,United States of America,2,Female,18,65-69 years,410,Neoplasms,3,Rate,2023,425.1232998311417,443.23614547328975,398.0367645521024
1,All Population,1,Deaths,102,United States of America,3,Both,18,65-69 years,410,Neoplasms,3,Rate,2023,496.66861522981384,511.6633888508054,473.3187358388752
1,All Population,1,Deaths,102,United States of America,1,Male,19,70-74 years,410,Neoplasms,3,Rate,2023,812.9100943029009,846.2079014439694,775.1612526356347
1,All Population,1,Deaths,102,United States of America,2,Female,19,70-74 years,410,Neoplasms,3,Rate,2023,581.7739727184864,612.4321940497869,534.1843971246307
1,All Population,1,Deaths,102,United States of America,3,Both,19,70-74 years,410,Neoplasms,3,Rate,2023,689.2468490645603,715.0964378567568,649.1876061544573
1,All Population,1,Deaths,102,United States of America,1,Male,20,75-79 years,410,Neoplasms,3,Rate,2023,1153.7150074343874,1212.684029810872,1078.9871303176742
1,All Population,1,Deaths,102,United States of America,2,Female,20,75-79 years,410,Neoplasms,3,Rate,2023,828.8482008011317,887.9927401670227,743.531203605888
1,All Population,1,Deaths,102,United States of America,3,Both,20,75-79 years,410,Neoplasms,3,Rate,2023,976.2510631458441,1026.1342653537,900.1817069641746
1,All Population,1,Deaths,102,United States of America,1,Male,30,80-84 years,410,Neoplasms,3,Rate,2023,1684.8242591829696,1808.463677710209,1493.0392999076282
1,All Population,1,Deaths,102,United States of America,2,Female,30,80-84 years,410,Neoplasms,3,Rate,2023,1138.5342874054916,1270.476427490838,928.4816553775266
1,All Population,1,Deaths,102,United States of America,3,Both,30,80-84 years,410,Neoplasms,3,Rate,2023,1373.1717032696927,1491.0225861651386,1172.073472603173
1,All Population,1,Deaths,102,United States of America,1,Male,31,85-89 years,410,Neoplasms,3,Rate,2023,2352.629203156293,2576.168650338363,1934.7802074200479
1,All Population,1,Deaths,102,United States of America,2,Female,31,85-89 years,410,Neoplasms,3,Rate,2023,1507.0381819692286,1717.9793848500044,1148.1564063867197
1,All Population,1,Deaths,102,United States of America,3,Both,31,85-89 years,410,Neoplasms,3,Rate,2023,1841.5987412829272,2044.0671554175594,1460.5159306634541
1,All Population,1,Deaths,102,United States of America,1,Male,32,90-94 years,410,Neoplasms,3,Rate,2023,3241.026477890446,3595.948131961129,2537.4077976092312
1,All Population,1,Deaths,102,United States of America,2,Female,32,90-94 years,410,Neoplasms,3,Rate,2023,1926.4555000019477,2231.370438389424,1423.8842399001398
1,All Population,1,Deaths,102,United States of America,3,Both,32,90-94 years,410,Neoplasms,3,Rate,2023,2373.941848360942,2683.0922654364645,1822.2533852884712
1,All Population,1,Deaths,102,United States of America,1,Male,235,95+ years,410,Neoplasms,3,Rate,2023,3512.1579701444134,4052.7104705404013,2580.453134583377
1,All Population,1,Deaths,102,United States of America,2,Female,235,95+ years,410,Neoplasms,3,Rate,2023,2159.77809264178,2537.5598252585132,1548.6200793142254
1,All Population,1,Deaths,102,United States of America,3,Both,235,95+ years,410,Neoplasms,3,Rate,2023,2528.0429087369066,2933.880962585573,1829.5972046477302
1,All Population,1,Deaths,102,United States of America,1,Male,1,<5 years,295,"Communicable, maternal, neonatal, and nutritional diseases",3,Rate,2023,68.46746853726938,72.10685694129714,63.95172097500519
1,All Population,1,Deaths,102,United States of America,2,Female,1,<5 years,295,"Communicable, maternal, neonatal, and nutritional diseases",3,Rate,2023,54.46893737011985,58.77435111847901,48.563690847392444
1,All Population,1,Deaths,102,United States of America,3,Both,1,<5 years,295,"Communicable, maternal, neonatal, and nutritional diseases",3,Rate,2023,61.62265514212852,64.70486294384261,57.61326417355673
1,All Population,1,Deaths,102,United States of America,1,Male,6,5-9 years,295,"Communicable, maternal, neonatal, and nutritional diseases",3,Rate,2023,0.9561883910280611,1.045218676913756,0.8693173106315072
1,All Population,1,Deaths,102,United States of America,2,Female,6,5-9 years,295,"Communicable, maternal, neonatal, and nutritional diseases",3,Rate,2023,0.8344214480051299,0.9264429801501154,0.7454949458381399
1,All Population,1,Deaths,102,United States of America,3,Both,6,5-9 years,295,"Communicable, maternal, neonatal, and nutritional diseases",3,Rate,2023,0.8967030094308985,0.9661325377734475,0.8379312926566899
1,All Population,1,Deaths,102,United States of America,1,Male,7,10-14 years,295,"Communicable, maternal, neonatal, and nutritional diseases",3,Rate,2023,0.892124181640663,0.9722921801629153,0.8138475134689598
1,All Population,1,Deaths,102,United States of America,2,Female,7,10-14 years,295,"Communicable, maternal, neonatal, and nutritional diseases",3,Rate,2023,0.7632484764285868,0.8578992688045736,0.6818715762305957
1,All Population,1,Deaths,102,United States of America,3,Both,7,10-14 years,295,"Communicable, maternal, neonatal, and nutritional diseases",3,Rate,2023,0.8292780546268896,0.8918523966580617,0.7688414929332766
1,All Population,1,Deaths,102,United States of America,1,Male,8,15-19 years,295,"Communicable, maternal, neonatal, and nutritional diseases",3,Rate,2023,1.297095031191911,1.4401087349272643,1.167876476551182
1,All Population,1,Deaths,102,United States of America,2,Female,8,15-19 years,295,"Communicable, maternal, neonatal, and nutritional diseases",3,Rate,2023,1.3993565527949194,1.5411721529110975,1.2636960721589996
1,All Population,1,Deaths,102,United States of America,3,Both,8,15-19 years,295,"Communicable, maternal, neonatal, and nutritional diseases",3,Rate,2023,1.3469902411440329,1.4449574748477678,1.2408904050575542
1,All Population,1,Deaths,102,United States of America,1,Male,9,20-24 years,295,"Communicable, maternal, neonatal, and nutritional diseases",3,Rate,2023,2.178843864223469,2.423560099264083,1.9327688968563583
1,All Population,1,Deaths,102,United States of America,2,Female,9,20-24 years,295,"Communicable, maternal, neonatal, and nutritional diseases",3,Rate,2023,2.824045170822465,3.1497406409665722,2.492979800605824
1,All Population,1,Deaths,102,United States of America,3,Both,9,20-24 years,295,"Communicable, maternal, neonatal, and nutritional diseases",3,Rate,2023,2.495325920726521,2.6911550693161654,2.2820202414924795
1,All Population,1,Deaths,102,United States of America,1,Male,10,25-29 years,295,"Communicable, maternal, neonatal, and nutritional diseases",3,Rate,2023,3.9749089055175415,4.447525361174704,3.455383784536286
1,All Population,1,Deaths,102,United States of America,2,Female,10,25-29 years,295,"Communicable, maternal, neonatal, and nutritional diseases",3,Rate,2023,4.591856573294584,5.131617903444322,3.935851638794142
1,All Population,1,Deaths,102,United States of America,3,Both,10,25-29 years,295,"Communicable, maternal, neonatal, and nutritional diseases",3,Rate,2023,4.278234061242098,4.673452000626107,3.8624558468647052
1,All Population,1,Deaths,102,United States of America,1,Male,11,30-34 years,295,"Communicable, maternal, neonatal, and nutritional diseases",3,Rate,2023,6.855168048833088,7.699371849896826,5.9095810691614155
1,All Population,1,Deaths,102,United States of America,2,Female,11,30-34 years,295,"Communicable, maternal, neonatal, and nutritional diseases",3,Rate,2023,6.560040517666171,7.307753648258615,5.69665320299453
1,All Population,1,Deaths,102,United States of America,3,Both,11,30-34 years,295,"Communicable, maternal, neonatal, and nutritional diseases",3,Rate,2023,6.70945455159437,7.309236912706062,6.103956894817996
1,All Population,1,Deaths,102,United States of America,1,Male,12,35-39 years,295,"Communicable, maternal, neonatal, and nutritional diseases",3,Rate,2023,9.02184846542053,9.997166418023212,7.90084371479208
1,All Population,1,Deaths,102,United States of America,2,Female,12,35-39 years,295,"Communicable, maternal, neonatal, and nutritional diseases",3,Rate,2023,8.200694752460771,8.954488092407269,7.287686651743241
1,All Population,1,Deaths,102,United States of America,3,Both,12,35-39 years,295,"Communicable, maternal, neonatal, and nutritional diseases",3,Rate,2023,8.61660942679983,9.294939687991352,7.85326913356668
1,All Population,1,Deaths,102,United States of America,1,Male,13,40-44 years,295,"Communicable, maternal, neonatal, and nutritional diseases",3,Rate,2023,12.520429926299615,13.864367679702308,11.199451532964703
1,All Population,1,Deaths,102,United States of America,2,Female,13,40-44 years,295,"Communicable, maternal, neonatal, and nutritional diseases",3,Rate,2023,9.350648667797614,10.190572015758272,8.538001119489673
1,All Population,1,Deaths,102,United States of America,3,Both,13,40-44 years,295,"Communicable, maternal, neonatal, and nutritional diseases",3,Rate,2023,10.946808210304978,11.729145216595018,10.113756171177018
1,All Population,1,Deaths,102,United States of America,1,Male,14,45-49 years,295,"Communicable, maternal, neonatal, and nutritional diseases",3,Rate,2023,16.21160755138308,17.723289849643034,14.863229486016897
1,All Population,1,Deaths,102,United States of America,2,Female,14,45-49 years,295,"Communicable, maternal, neonatal, and nutritional diseases",3,Rate,2023,10.450596630688317,11.301182425572614,9.526807528476118
1,All Population,1,Deaths,102,United States of America,3,Both,14,45-49 years,295,"Communicable, maternal, neonatal, and nutritional diseases",3,Rate,2023,13.333925158307682,14.166867532074493,12.500429389369799
1,All Population,1,Deaths,102,United States of America,1,Male,15,50-54 years,295,"Communicable, maternal, neonatal, and nutritional diseases",3,Rate,2023,22.53086636186985,24.218556693120807,20.636622223970356
1,All Population,1,Deaths,102,United States of America,2,Female,15,50-54 years,295,"Communicable, maternal, neonatal, and nutritional diseases",3,Rate,2023,14.173978672082587,15.516925941361874,12.980236684144762
1,All Population,1,Deaths,102,United States of America,3,Both,15,50-54 years,295,"Communicable, maternal, neonatal, and nutritional diseases",3,Rate,2023,18.347788282473775,19.52038687286524,17.235485199294153
1,All Population,1,Deaths,102,United States of America,1,Male,16,55-59 years,295,"Communicable, maternal, neonatal, and nutritional diseases",3,Rate,2023,32.826817943312584,35.43026515552849,30.60488061127539
1,All Population,1,Deaths,102,United States of America,2,Female,16,55-59 years,295,"Communicable, maternal, neonatal, and nutritional diseases",3,Rate,2023,20.09249681954912,21.893174278547075,18.57787075543084
1,All Population,1,Deaths,102,United States of America,3,Both,16,55-59 years,295,"Communicable, maternal, neonatal, and nutritional diseases",3,Rate,2023,26.393552536550807,28.05746970783705,24.94141911925659
1,All Population,1,Deaths,102,United States of America,1,Male,17,60-64 years,295,"Communicable, maternal, neonatal, and nutritional diseases",3,Rate,2023,49.13519464450387,53.44760584122877,45.2700831913602
1,All Population,1,Deaths,102,United States of America,2,Female,17,60-64 years,295,"Communicable, maternal, neonatal, and nutritional diseases",3,Rate,2023,31.550263937647102,34.40703105381819,28.97806090290569
1,All Population,1,Deaths,102,United States of America,3,Both,17,60-64 years,295,"Communicable, maternal, neonatal, and nutritional diseases",3,Rate,2023,40.1297751538549,42.970920329553,37.61578912776099
1,All Population,1,Deaths,102,United States of America,1,Male,18,65-69 years,295,"Communicable, maternal, neonatal, and nutritional diseases",3,Rate,2023,76.16197317574083,82.86916511724456,70.35984652777768
1,All Population,1,Deaths,102,United States of America,2,Female,18,65-69 years,295,"Communicable, maternal, neonatal, and nutritional diseases",3,Rate,2023,50.37433062634856,55.333841479105004,46.02134366884887
1,All Population,1,Deaths,102,United States of America,3,Both,18,65-69 years,295,"Communicable, maternal, neonatal, and nutritional diseases",3,Rate,2023,62.68018407968065,67.1568075208318,58.33778118302698
1,All Population,1,Deaths,102,United States of America,1,Male,19,70-74 years,295,"Communicable, maternal, neonatal, and nutritional diseases",3,Rate,2023,113.96009906770914,123.28852031544498,104.90048521876204
1,All Population,1,Deaths,102,United States of America,2,Female,19,70-74 years,295,"Communicable, maternal, neonatal, and nutritional diseases",3,Rate,2023,79.93853478058683,88.53723915877859,72.1377558845184
1,All Population,1,Deaths,102,United States of America,3,Both,19,70-74 years,295,"Communicable, maternal, neonatal, and nutritional diseases",3,Rate,2023,95.75776436125858,103.5623704925978,87.99216193199544
1,All Population,1,Deaths,102,United States of America,1,Male,20,75-79 years,295,"Communicable, maternal, neonatal, and nutritional diseases",3,Rate,2023,201.89231346400598,217.70860517655788,187.01455050239252
1,All Population,1,Deaths,102,United States of America,2,Female,20,75-79 years,295,"Communicable, maternal, neonatal, and nutritional diseases",3,Rate,2023,151.91379221457748,168.48633260873484,132.572948252693
1,All Population,1,Deaths,102,United States of America,3,Both,20,75-79 years,295,"Communicable, maternal, neonatal, and nutritional diseases",3,Rate,2023,174.5907076072861,188.78305973189887,159.0972429345645
1,All Population,1,Deaths,102,United States of America,1,Male,30,80-84 years,295,"Communicable, maternal, neonatal, and nutritional diseases",3,Rate,2023,393.4792281947343,431.3156799045719,346.89894190495653
1,All Population,1,Deaths,102,United States of America,2,Female,30,80-84 years,295,"Communicable, maternal, neonatal, and nutritional diseases",3,Rate,2023,301.61276517547606,347.4731471730434,245.9813467743167
1,All Population,1,Deaths,102,United States of America,3,Both,30,80-84 years,295,"Communicable, maternal, neonatal, and nutritional diseases",3,Rate,2023,341.07039866870616,375.9584551148892,292.9273311463353
1,All Population,1,Deaths,102,United States of America,1,Male,31,85-89 years,295,"Communicable, maternal, neonatal, and nutritional diseases",3,Rate,2023,734.5705549860604,817.6722323745362,618.3972110890938
1,All Population,1,Deaths,102,United States of America,2,Female,31,85-89 years,295,"Communicable, maternal, neonatal, and nutritional diseases",3,Rate,2023,610.6770396685813,715.0861389899254,472.33385138333523
1,All Population,1,Deaths,102,United States of America,3,Both,31,85-89 years,295,"Communicable, maternal, neonatal, and nutritional diseases",3,Rate,2023,659.6958711620464,743.9404797412725,531.3945823605508
1,All Population,1,Deaths,102,United States of America,1,Male,32,90-94 years,295,"Communicable, maternal, neonatal, and nutritional diseases",3,Rate,2023,1490.698558694025,1683.8740525881894,1205.3060953441725
1,All Population,1,Deaths,102,United States of America,2,Female,32,90-94 years,295,"Communicable, maternal, neonatal, and nutritional diseases",3,Rate,2023,1177.3097931875384,1393.2540015104062,858.379975303952
1,All Population,1,Deaths,102,United States of America,3,Both,32,90-94 years,295,"Communicable, maternal, neonatal, and nutritional diseases",3,Rate,2023,1283.9888517184702,1473.602822486693,970.515348492775
1,All Population,1,Deaths,102,United States of America,1,Male,235,95+ years,295,"Communicable, maternal, neonatal, and nutritional diseases",3,Rate,2023,2376.865933084684,2773.324249055808,1768.4768663094767
1,All Population,1,Deaths,102,United States of America,1,Male,1,<5 years,626,Musculoskeletal disorders,3,Rate,2023,0.037925100977872904,0.045822214765678784,0.0315464972892348
1,All Population,1,Deaths,102,United States of America,2,Female,1,<5 years,626,Musculoskeletal disorders,3,Rate,2023,0.02122557512958765,0.026163593262037245,0.016688720249581512
1,All Population,1,Deaths,102,United States of America,3,Both,1,<5 years,626,Musculoskeletal disorders,3,Rate,2023,0.02975959155020636,0.03441490201878017,0.02592942886075474
1,All Population,1,Deaths,102,United States of America,1,Male,6,5-9 years,626,Musculoskeletal disorders,3,Rate,2023,0.025289107507106424,0.030473407361074942,0.020765729785921686
1,All Population,1,Deaths,102,United States of America,2,Female,6,5-9 years,626,Musculoskeletal disorders,3,Rate,2023,0.03505085954942339,0.04344622676971142,0.028595580408178382
1,All Population,1,Deaths,102,United States of America,3,Both,6,5-9 years,626,Musculoskeletal disorders,3,Rate,2023,0.030057902147740147,0.03473746759292832,0.025945287301237744
1,All Population,1,Deaths,102,United States of America,1,Male,7,10-14 years,626,Musculoskeletal disorders,3,Rate,2023,0.04509660341155138,0.05593291385777192,0.036134590183703984
1,All Population,1,Deaths,102,United States of America,2,Female,7,10-14 years,626,Musculoskeletal disorders,3,Rate,2023,0.08592350588320927,0.10835503784358966,0.06760936023462549
1,All Population,1,Deaths,102,United States of America,3,Both,7,10-14 years,626,Musculoskeletal disorders,3,Rate,2023,0.06500580735414482,0.0778564901024148,0.05483284000109529
1,All Population,1,Deaths,102,United States of America,1,Male,8,15-19 years,626,Musculoskeletal disorders,3,Rate,2023,0.07807523538505451,0.09701176694098719,0.06172997102475475
1,All Population,1,Deaths,102,United States of America,2,Female,8,15-19 years,626,Musculoskeletal disorders,3,Rate,2023,0.19273333421160013,0.24185235284342946,0.15720969138928856
1,All Population,1,Deaths,102,United States of America,3,Both,8,15-19 years,626,Musculoskeletal disorders,3,Rate,2023,0.13401895521225177,0.16121399261973027,0.11266471615906715
1,All Population,1,Deaths,102,United States of America,1,Male,9,20-24 years,626,Musculoskeletal disorders,3,Rate,2023,0.1416821801583287,0.17911903273992671,0.1115687250602736
1,All Population,1,Deaths,102,United States of America,2,Female,9,20-24 years,626,Musculoskeletal disorders,3,Rate,2023,0.434417508699704,0.5293505830262233,0.35676448776584924
1,All Population,1,Deaths,102,United States of America,3,Both,9,20-24 years,626,Musculoskeletal disorders,3,Rate,2023,0.28527376597861587,0.34406873496725654,0.24267390400424602
1,All Population,1,Deaths,102,United States of America,1,Male,10,25-29 years,626,Musculoskeletal disorders,3,Rate,2023,0.18346822545567212,0.22980727083738547,0.14716498610218878
1,All Population,1,Deaths,102,United States of America,2,Female,10,25-29 years,626,Musculoskeletal disorders,3,Rate,2023,0.5452256645484708,0.6818895189717257,0.45243438028358324
1,All Population,1,Deaths,102,United States of America,3,Both,10,25-29 years,626,Musculoskeletal disorders,3,Rate,2023,0.3613279326537154,0.4308196130561403,0.3083405168217105
1,All Population,1,Deaths,102,United States of America,1,Male,11,30-34 years,626,Musculoskeletal disorders,3,Rate,2023,0.27560028570237727,0.34509403161437435,0.21765549942704454
1,All Population,1,Deaths,102,United States of America,2,Female,11,30-34 years,626,Musculoskeletal disorders,3,Rate,2023,0.8061627827623361,1.011800500027331,0.6693756820764984
1,All Population,1,Deaths,102,United States of America,3,Both,11,30-34 years,626,Musculoskeletal disorders,3,Rate,2023,0.5375552332622756,0.6370294127438315,0.4608862183992104
1,All Population,1,Deaths,102,United States of America,1,Male,12,35-39 years,626,Musculoskeletal disorders,3,Rate,2023,0.3750184945760041,0.47519981906050024,0.2934885619496327
1,All Population,1,Deaths,102,United States of America,2,Female,12,35-39 years,626,Musculoskeletal disorders,3,Rate,2023,1.0535770269515115,1.2680780978108634,0.9005488015468478
1,All Population,1,Deaths,102,United States of America,3,Both,12,35-39 years,626,Musculoskeletal disorders,3,Rate,2023,0.7098868669256835,0.8211359304364737,0.617123091596698
1,All Population,1,Deaths,102,United States of America,1,Male,13,40-44 years,626,Musculoskeletal disorders,3,Rate,2023,0.4895282763073885,0.6070215512201179,0.3961145038480672
1,All Population,1,Deaths,102,United States of America,2,Female,13,40-44 years,626,Musculoskeletal disorders,3,Rate,2023,1.4398348104373104,1.705974853963929,1.2508029650467456
1,All Population,1,Deaths,102,United States of America,3,Both,13,40-44 years,626,Musculoskeletal disorders,3,Rate,2023,0.9613031014463187,1.0983859940587666,0.8416140794537862
1,All Population,1,Deaths,102,United States of America,1,Male,14,45-49 years,626,Musculoskeletal disorders,3,Rate,2023,0.6066655046527288,0.7456535705188259,0.49056981619541257
1,All Population,1,Deaths,102,United States of America,2,Female,14,45-49 years,626,Musculoskeletal disorders,3,Rate,2023,1.8354010443178457,2.150748462271425,1.6224897841115369
1,All Population,1,Deaths,102,United States of America,3,Both,14,45-49 years,626,Musculoskeletal disorders,3,Rate,2023,1.2204311574027649,1.388387928134933,1.0823586596988295
1,All Population,1,Deaths,102,United States of America,1,Male,15,50-54 years,626,Musculoskeletal disorders,3,Rate,2023,0.8581189452884941,1.0236372959636446,0.7092513752275829
1,All Population,1,Deaths,102,United States of America,2,Female,15,50-54 years,626,Musculoskeletal disorders,3,Rate,2023,2.220194277727947,2.597159880638168,1.9672650998222638
1,All Population,1,Deaths,102,United States of America,3,Both,15,50-54 years,626,Musculoskeletal disorders,3,Rate,2023,1.5399119377414816,1.7353769345640913,1.383081531021158
1,All Population,1,Deaths,102,United States of America,1,Male,16,55-59 years,626,Musculoskeletal disorders,3,Rate,2023,1.292903195585715,1.5317012149421765,1.1018381335923817
1,All Population,1,Deaths,102,United States of America,2,Female,16,55-59 years,626,Musculoskeletal disorders,3,Rate,2023,2.98180276422481,3.4489241721113726,2.682522985338379
1,All Population,1,Deaths,102,United States of America,3,Both,16,55-59 years,626,Musculoskeletal disorders,3,Rate,2023,2.1461201880601255,2.39257803421683,1.9496609677383108
1,All Population,1,Deaths,102,United States of America,1,Male,17,60-64 years,626,Musculoskeletal disorders,3,Rate,2023,1.9773919586799742,2.3306799943168817,1.6601794257859601
1,All Population,1,Deaths,102,United States of America,2,Female,17,60-64 years,626,Musculoskeletal disorders,3,Rate,2023,4.1621651616105035,4.775207109278634,3.710936052432054
1,All Population,1,Deaths,102,United States of America,3,Both,17,60-64 years,626,Musculoskeletal disorders,3,Rate,2023,3.0962362414525235,3.429733945153341,2.8034748320451626
1,All Population,1,Deaths,102,United States of America,1,Male,18,65-69 years,626,Musculoskeletal disorders,3,Rate,2023,2.8459889355092454,3.2580126599273926,2.424100604569934
1,All Population,1,Deaths,102,United States of America,2,Female,18,65-69 years,626,Musculoskeletal disorders,3,Rate,2023,6.040235784506784,6.900431738149362,5.404769631321254
1,All Population,1,Deaths,102,United States of America,3,Both,18,65-69 years,626,Musculoskeletal disorders,3,Rate,2023,4.515942373729003,5.002192550799111,4.10400749539437
1,All Population,1,Deaths,102,United States of America,1,Male,19,70-74 years,626,Musculoskeletal disorders,3,Rate,2023,4.263738876233367,4.8624249049896555,3.6851116052578203
1,All Population,1,Deaths,102,United States of America,2,Female,19,70-74 years,626,Musculoskeletal disorders,3,Rate,2023,9.050997399508532,10.158572234872016,8.070326733530438
1,All Population,1,Deaths,102,United States of America,3,Both,19,70-74 years,626,Musculoskeletal disorders,3,Rate,2023,6.825034448405117,7.469043863479082,6.170838722479538
1,All Population,1,Deaths,102,United States of America,1,Male,20,75-79 years,626,Musculoskeletal disorders,3,Rate,2023,6.25281893651143,7.257717044026202,5.416662091723709
1,All Population,1,Deaths,102,United States of America,2,Female,20,75-79 years,626,Musculoskeletal disorders,3,Rate,2023,13.560958311673,14.989027494216538,11.980163825613905
1,All Population,1,Deaths,102,United States of America,3,Both,20,75-79 years,626,Musculoskeletal disorders,3,Rate,2023,10.245012698525091,11.198805859259956,9.240594564326614
1,All Population,1,Deaths,102,United States of America,1,Male,30,80-84 years,626,Musculoskeletal disorders,3,Rate,2023,9.381063343821737,10.782665374063777,8.001706877098691
1,All Population,1,Deaths,102,United States of America,2,Female,30,80-84 years,626,Musculoskeletal disorders,3,Rate,2023,20.414286305542703,23.987780697444165,15.652479562051441
1,All Population,1,Deaths,102,United States of America,3,Both,30,80-84 years,626,Musculoskeletal disorders,3,Rate,2023,15.675398428892679,17.97496347734346,12.519650013305016
1,All Population,1,Deaths,102,United States of America,1,Male,31,85-89 years,626,Musculoskeletal disorders,3,Rate,2023,14.282655195587388,16.878722684347117,11.584542374265087
1,All Population,1,Deaths,102,United States of America,2,Female,31,85-89 years,626,Musculoskeletal disorders,3,Rate,2023,29.1930009378563,35.356408681267276,21.182293169393272
1,All Population,1,Deaths,102,United States of America,3,Both,31,85-89 years,626,Musculoskeletal disorders,3,Rate,2023,23.29367905989781,27.385498016215468,17.389857685851158
1,All Population,1,Deaths,102,United States of America,1,Male,32,90-94 years,626,Musculoskeletal disorders,3,Rate,2023,21.802321422972575,26.75804627020824,17.13277345571956
1,All Population,1,Deaths,102,United States of America,2,Female,32,90-94 years,626,Musculoskeletal disorders,3,Rate,2023,43.80181056590869,52.56268712278403,30.48337663752691
1,All Population,1,Deaths,102,United States of America,3,Both,32,90-94 years,626,Musculoskeletal disorders,3,Rate,2023,36.313077566380336,42.7328611768748,26.1967222441715
1,All Population,1,Deaths,102,United States of America,1,Male,235,95+ years,626,Musculoskeletal disorders,3,Rate,2023,30.102130057861306,37.396524638917256,22.45390351508421
1,All Population,1,Deaths,102,United States of America,2,Female,235,95+ years,626,Musculoskeletal disorders,3,Rate,2023,66.09394810995052,82.07653086218204,45.93886944829229
1,All Population,1,Deaths,102,United States of America,3,Both,235,95+ years,626,Musculoskeletal disorders,3,Rate,2023,56.29306266616655,69.09925289592043,40.04223722641917
1,All Population,1,Deaths,102,United States of America,1,Male,1,<5 years,640,Other non-communicable diseases,3,Rate,2023,39.992050853968514,46.810863191014334,35.35643458578503
1,All Population,1,Deaths,102,United States of America,2,Female,1,<5 years,640,Other non-communicable diseases,3,Rate,2023,39.21966832479862,48.596473866060094,33.01739650108911
1,All Population,1,Deaths,102,United States of America,3,Both,1,<5 years,640,Other non-communicable diseases,3,Rate,2023,39.61438163862675,45.17570412705857,35.695262445265534
1,All Population,1,Deaths,102,United States of America,1,Male,6,5-9 years,640,Other non-communicable diseases,3,Rate,2023,1.924173592534867,2.2981663290122274,1.6140709486072256
1,All Population,1,Deaths,102,United States of America,2,Female,6,5-9 years,640,Other non-communicable diseases,3,Rate,2023,1.923058212524307,2.4442957149977524,1.574062292399802
1,All Population,1,Deaths,102,United States of America,3,Both,6,5-9 years,640,Other non-communicable diseases,3,Rate,2023,1.9236287089736408,2.2337708255280804,1.6838422117877005
1,All Population,1,Deaths,102,United States of America,1,Male,7,10-14 years,640,Other non-communicable diseases,3,Rate,2023,2.0226373661151973,2.3590460175075547,1.741757912044232
1,All Population,1,Deaths,102,United States of America,2,Female,7,10-14 years,640,Other non-communicable diseases,3,Rate,2023,1.8077863256640925,2.148425074533787,1.51953573290212
1,All Population,1,Deaths,102,United States of America,3,Both,7,10-14 years,640,Other non-communicable diseases,3,Rate,2023,1.9178654406773354,2.154432242585006,1.70347814682137
1,All Population,1,Deaths,102,United States of America,1,Male,8,15-19 years,640,Other non-communicable diseases,3,Rate,2023,2.086079068764515,2.50193174909874,1.7291351067790863
1,All Population,1,Deaths,102,United States of America,2,Female,8,15-19 years,640,Other non-communicable diseases,3,Rate,2023,1.7597767365052965,2.0496400106545183,1.510907824390669
1,All Population,1,Deaths,102,United States of America,3,Both,8,15-19 years,640,Other non-communicable diseases,3,Rate,2023,1.9268703740303907,2.145989875758444,1.7081345440029134
1,All Population,1,Deaths,102,United States of America,1,Male,9,20-24 years,640,Other non-communicable diseases,3,Rate,2023,2.4897970219080303,2.9477303944077544,2.1219679057171246
1,All Population,1,Deaths,102,United States of America,2,Female,9,20-24 years,640,Other non-communicable diseases,3,Rate,2023,2.138190693984339,2.457251958294361,1.8381756162376968
1,All Population,1,Deaths,102,United States of America,3,Both,9,20-24 years,640,Other non-communicable diseases,3,Rate,2023,2.317328224026414,2.576239381323506,2.056590083170073
1,All Population,1,Deaths,102,United States of America,1,Male,10,25-29 years,640,Other non-communicable diseases,3,Rate,2023,3.346745109419102,3.8950893684342613,2.8476493131810714
1,All Population,1,Deaths,102,United States of America,2,Female,10,25-29 years,640,Other non-communicable diseases,3,Rate,2023,2.5739568913329824,2.9789799384829307,2.2162233835816036
1,All Population,1,Deaths,102,United States of America,3,Both,10,25-29 years,640,Other non-communicable diseases,3,Rate,2023,2.9668002310509305,3.3050470931815643,2.6423397972696647
1,All Population,1,Deaths,102,United States of America,1,Male,11,30-34 years,640,Other non-communicable diseases,3,Rate,2023,4.449758739548815,5.148679562256332,3.7946461763476713
1,All Population,1,Deaths,102,United States of America,2,Female,11,30-34 years,640,Other non-communicable diseases,3,Rate,2023,3.4733777541477826,3.9988471711462084,3.0012730334504827
1,All Population,1,Deaths,102,United States of America,3,Both,11,30-34 years,640,Other non-communicable diseases,3,Rate,2023,3.9676895559059595,4.40367927759106,3.558519108105646
1,All Population,1,Deaths,102,United States of America,1,Male,12,35-39 years,640,Other non-communicable diseases,3,Rate,2023,6.019156692389481,6.844065588005362,5.26489986305701
1,All Population,1,Deaths,102,United States of America,2,Female,12,35-39 years,640,Other non-communicable diseases,3,Rate,2023,4.734832688146348,5.3510431050600795,4.246896989723985
1,All Population,1,Deaths,102,United States of America,3,Both,12,35-39 years,640,Other non-communicable diseases,3,Rate,2023,5.385343294796661,5.87120429497833,4.87892342329559
1,All Population,1,Deaths,102,United States of America,1,Male,13,40-44 years,640,Other non-communicable diseases,3,Rate,2023,8.062159960832885,8.986031851028942,7.203925098520864
1,All Population,1,Deaths,102,United States of America,2,Female,13,40-44 years,640,Other non-communicable diseases,3,Rate,2023,6.899965757280445,7.608147527311648,6.224489484506775
1,All Population,1,Deaths,102,United States of America,3,Both,13,40-44 years,640,Other non-communicable diseases,3,Rate,2023,7.485194584434172,8.03015443389064,6.924702467223437
1,All Population,1,Deaths,102,United States of America,1,Male,14,45-49 years,640,Other non-communicable diseases,3,Rate,2023,10.592145632148918,11.46115027714605,9.645227334901872
1,All Population,1,Deaths,102,United States of America,2,Female,14,45-49 years,640,Other non-communicable diseases,3,Rate,2023,8.946000411884501,9.759957329703639,8.23168490141394
1,All Population,1,Deaths,102,United States of America,3,Both,14,45-49 years,640,Other non-communicable diseases,3,Rate,2023,9.76987968229912,10.350782483649313,9.109371982998635
1,All Population,1,Deaths,102,United States of America,1,Male,15,50-54 years,640,Other non-communicable diseases,3,Rate,2023,15.109330325146026,16.106564163325608,14.086934747672652
1,All Population,1,Deaths,102,United States of America,2,Female,15,50-54 years,640,Other non-communicable diseases,3,Rate,2023,11.717795561922015,12.590700522382278,10.867696722836657
1,All Population,1,Deaths,102,United States of America,3,Both,15,50-54 years,640,Other non-communicable diseases,3,Rate,2023,13.411682199410201,14.028240636369233,12.735108019422455
1,All Population,1,Deaths,102,United States of America,1,Male,16,55-59 years,640,Other non-communicable diseases,3,Rate,2023,23.350720877812055,24.56928456272219,22.14526450809426
1,All Population,1,Deaths,102,United States of America,2,Female,16,55-59 years,640,Other non-communicable diseases,3,Rate,2023,17.610266292620928,18.600747755634565,16.492138761481833
1,All Population,1,Deaths,102,United States of America,3,Both,16,55-59 years,640,Other non-communicable diseases,3,Rate,2023,20.450694441924337,21.18354871438385,19.52562086577951
1,All Population,1,Deaths,102,United States of America,1,Male,17,60-64 years,640,Other non-communicable diseases,3,Rate,2023,33.447440149136824,34.98538749665162,32.0538237751164
1,All Population,1,Deaths,102,United States of America,2,Female,17,60-64 years,640,Other non-communicable diseases,3,Rate,2023,25.537124637811463,27.055234590003334,23.805155475001463
1,All Population,1,Deaths,102,United States of America,3,Both,17,60-64 years,640,Other non-communicable diseases,3,Rate,2023,29.396488190873182,30.504809989874623,28.2146717037742
1,All Population,1,Deaths,102,United States of America,1,Male,18,65-69 years,640,Other non-communicable diseases,3,Rate,2023,45.058689584331766,47.301883671764195,42.79450691125426
1,All Population,1,Deaths,102,United States of America,2,Female,18,65-69 years,640,Other non-communicable diseases,3,Rate,2023,35.61366749810805,37.75329829768209,32.83034960920873
1,All Population,1,Deaths,102,United States of America,3,Both,18,65-69 years,640,Other non-communicable diseases,3,Rate,2023,40.12082853207754,41.782017644240355,37.964742244429715
1,All Population,1,Deaths,102,United States of America,1,Male,19,70-74 years,640,Other non-communicable diseases,3,Rate,2023,61.46363978873913,64.61167170113902,58.21028347595203
1,All Population,1,Deaths,102,United States of America,2,Female,19,70-74 years,640,Other non-communicable diseases,3,Rate,2023,52.11347939732929,55.77017870467976,47.26870541007056
1,All Population,1,Deaths,102,United States of America,3,Both,19,70-74 years,640,Other non-communicable diseases,3,Rate,2023,56.46108471610658,59.08258963420198,52.98031643960857
1,All Population,1,Deaths,102,United States of America,1,Male,20,75-79 years,640,Other non-communicable diseases,3,Rate,2023,96.65581549464557,103.08409487701395,89.5029750880824
1,All Population,1,Deaths,102,United States of America,2,Female,20,75-79 years,640,Other non-communicable diseases,3,Rate,2023,88.31843814494161,97.45655070896278,77.75430304205483
1,All Population,1,Deaths,102,United States of America,3,Both,20,75-79 years,640,Other non-communicable diseases,3,Rate,2023,92.10138321874136,98.26815480965102,84.55111636530546
1,All Population,1,Deaths,102,United States of America,1,Male,30,80-84 years,640,Other non-communicable diseases,3,Rate,2023,164.08098573282274,179.60163816898242,144.5600425903503
1,All Population,1,Deaths,102,United States of America,2,Female,30,80-84 years,640,Other non-communicable diseases,3,Rate,2023,147.69944704420558,167.5775591752143,120.88487515720405
1,All Population,1,Deaths,102,United States of America,3,Both,30,80-84 years,640,Other non-communicable diseases,3,Rate,2023,154.73549402356002,169.67706911675566,133.3028432063299
1,All Population,1,Deaths,102,United States of America,1,Male,31,85-89 years,640,Other non-communicable diseases,3,Rate,2023,290.5030559158394,321.5029303761427,239.08098207030804
1,All Population,1,Deaths,102,United States of America,2,Female,31,85-89 years,640,Other non-communicable diseases,3,Rate,2023,258.81092209140934,298.01048066347465,194.0309034252328
1,All Population,1,Deaths,102,United States of America,3,Both,31,85-89 years,640,Other non-communicable diseases,3,Rate,2023,271.35000747959316,301.97308111172697,212.7933150361084
1,All Population,1,Deaths,102,United States of America,1,Male,32,90-94 years,640,Other non-communicable diseases,3,Rate,2023,508.29448443865607,570.482826628774,409.1552616766141
1,All Population,1,Deaths,102,United States of America,2,Female,32,90-94 years,640,Other non-communicable diseases,3,Rate,2023,467.3123815016354,552.6005127665869,349.22749385492926
1,All Population,1,Deaths,102,United States of America,3,Both,32,90-94 years,640,Other non-communicable diseases,3,Rate,2023,481.2628884729794,547.8061641192397,368.0011106168151
1,All Population,1,Deaths,102,United States of America,1,Male,235,95+ years,640,Other non-communicable diseases,3,Rate,2023,730.9807586404776,867.070906939707,542.0027852208364
1,All Population,1,Deaths,102,United States of America,2,Female,235,95+ years,640,Other non-communicable diseases,3,Rate,2023,784.7300136156513,942.3908564954751,540.4172272366302
1,All Population,1,Deaths,102,United States of America,3,Both,235,95+ years,640,Other non-communicable diseases,3,Rate,2023,770.0936234800371,898.1807949202754,546.8795822616399
1,All Population,1,Deaths,102,United States of America,1,Male,1,<5 years,973,Substance use disorders,3,Rate,2023,0.0,0.0,0.0
1,All Population,1,Deaths,102,United States of America,2,Female,1,<5 years,973,Substance use disorders,3,Rate,2023,0.0,0.0,0.0
1,All Population,1,Deaths,102,United States of America,3,Both,1,<5 years,973,Substance use disorders,3,Rate,2023,0.0,0.0,0.0
1,All Population,1,Deaths,102,United States of America,1,Male,6,5-9 years,973,Substance use disorders,3,Rate,2023,0.0,0.0,0.0
1,All Population,1,Deaths,102,United States of America,2,Female,6,5-9 years,973,Substance use disorders,3,Rate,2023,0.0,0.0,0.0
1,All Population,1,Deaths,102,United States of America,3,Both,6,5-9 years,973,Substance use disorders,3,Rate,2023,0.0,0.0,0.0
1,All Population,1,Deaths,102,United States of America,1,Male,7,10-14 years,973,Substance use disorders,3,Rate,2023,0.0,0.0,0.0
1,All Population,1,Deaths,102,United States of America,2,Female,7,10-14 years,973,Substance use disorders,3,Rate,2023,0.0,0.0,0.0
1,All Population,1,Deaths,102,United States of America,3,Both,7,10-14 years,973,Substance use disorders,3,Rate,2023,0.0,0.0,0.0
1,All Population,1,Deaths,102,United States of America,1,Male,8,15-19 years,973,Substance use disorders,3,Rate,2023,9.381362374491168,12.839213344763111,6.581649687649513
1,All Population,1,Deaths,102,United States of America,2,Female,8,15-19 years,973,Substance use disorders,3,Rate,2023,4.325246816580893,5.757795182476961,3.209290180282002
1,All Population,1,Deaths,102,United States of America,3,Both,8,15-19 years,973,Substance use disorders,3,Rate,2023,6.914393925855268,8.666380762252762,5.228644675690583
1,All Population,1,Deaths,102,United States of America,1,Male,9,20-24 years,973,Substance use disorders,3,Rate,2023,33.04953225513579,42.29450169973634,24.898911256005434
1,All Population,1,Deaths,102,United States of America,2,Female,9,20-24 years,973,Substance use disorders,3,Rate,2023,13.721366108246592,17.27098815563014,10.820942756044545
1,All Population,1,Deaths,102,United States of America,3,Both,9,20-24 years,973,Substance use disorders,3,Rate,2023,23.568742758839875,28.414743369782265,18.825102634285717
1,All Population,1,Deaths,102,United States of America,1,Male,10,25-29 years,973,Substance use disorders,3,Rate,2023,60.17616348701444,73.5454250698583,48.20426096788435
1,All Population,1,Deaths,102,United States of America,2,Female,10,25-29 years,973,Substance use disorders,3,Rate,2023,23.373681419456958,28.267586689033223,19.02946465028515
1,All Population,1,Deaths,102,United States of America,3,Both,10,25-29 years,973,Substance use disorders,3,Rate,2023,42.08205407184386,49.02394737465606,35.94450520487322
1,All Population,1,Deaths,102,United States of America,1,Male,11,30-34 years,973,Substance use disorders,3,Rate,2023,83.0537279398509,99.72080909653965,67.71358765438575
1,All Population,1,Deaths,102,United States of America,2,Female,11,30-34 years,973,Substance use disorders,3,Rate,2023,33.725018024479645,40.89393473041661,27.64098486885014
1,All Population,1,Deaths,102,United States of America,3,Both,11,30-34 years,973,Substance use disorders,3,Rate,2023,58.69863369424637,67.35676454855958,50.33569154654132
1,All Population,1,Deaths,102,United States of America,1,Male,12,35-39 years,973,Substance use disorders,3,Rate,2023,94.75508002407386,113.57263828511844,77.97871580992361
1,All Population,1,Deaths,102,United States of America,2,Female,12,35-39 years,973,Substance use disorders,3,Rate,2023,38.45753693028199,46.864370910784835,31.695832276323827
1,All Population,1,Deaths,102,United States of America,3,Both,12,35-39 years,973,Substance use disorders,3,Rate,2023,66.97226435877575,76.33625256761965,57.786286226366904
1,All Population,1,Deaths,102,United States of America,1,Male,13,40-44 years,973,Substance use disorders,3,Rate,2023,98.45575201741167,119.94449181662965,80.4666089474049
1,All Population,1,Deaths,102,United States of America,2,Female,13,40-44 years,973,Substance use disorders,3,Rate,2023,41.32260326830608,50.71529735695408,33.72341167947185
1,All Population,1,Deaths,102,United States of America,3,Both,13,40-44 years,973,Substance use disorders,3,Rate,2023,70.092292130835,80.72312865774678,60.197230513792725
1,All Population,1,Deaths,102,United States of America,1,Male,14,45-49 years,973,Substance use disorders,3,Rate,2023,92.13407780420754,113.43482775459637,75.11578503492629
1,All Population,1,Deaths,102,United States of America,2,Female,14,45-49 years,973,Substance use disorders,3,Rate,2023,39.20889432150987,48.727235855846025,31.910196429533702
1,All Population,1,Deaths,102,United States of America,3,Both,14,45-49 years,973,Substance use disorders,3,Rate,2023,65.69742098216545,76.47658017700209,55.045847740467
1,All Population,1,Deaths,102,United States of America,1,Male,15,50-54 years,973,Substance use disorders,3,Rate,2023,87.76719010064348,109.42931786810094,69.73644202127525
1,All Population,1,Deaths,102,United States of America,2,Female,15,50-54 years,973,Substance use disorders,3,Rate,2023,37.52919453902808,47.37877798207622,30.1012195604588
1,All Population,1,Deaths,102,United States of America,3,Both,15,50-54 years,973,Substance use disorders,3,Rate,2023,62.62033330568994,74.7641367602429,51.71560797125382
1,All Population,1,Deaths,102,United States of America,1,Male,16,55-59 years,973,Substance use disorders,3,Rate,2023,85.61876333720421,105.81365008031852,69.02625768557783
1,All Population,1,Deaths,102,United States of America,2,Female,16,55-59 years,973,Substance use disorders,3,Rate,2023,34.84340885996136,43.38773944140789,28.33776667957679
1,All Population,1,Deaths,102,United States of America,3,Both,16,55-59 years,973,Substance use disorders,3,Rate,2023,59.9675073102966,71.3235273321079,50.48839387280038
1,All Population,1,Deaths,102,United States of America,1,Male,17,60-64 years,973,Substance use disorders,3,Rate,2023,68.926117601431,84.78068659651491,56.4333938712723
1,All Population,1,Deaths,102,United States of America,2,Female,17,60-64 years,973,Substance use disorders,3,Rate,2023,25.060158185450153,30.449798210632643,20.846404464530465
1,All Population,1,Deaths,102,United States of America,3,Both,17,60-64 years,973,Substance use disorders,3,Rate,2023,46.46191956244418,54.69765388014188,39.47107415707798
1,All Population,1,Deaths,102,United States of America,1,Male,18,65-69 years,973,Substance use disorders,3,Rate,2023,48.657097890907494,59.01183656412175,40.480586796576425
1,All Population,1,Deaths,102,United States of America,2,Female,18,65-69 years,973,Substance use disorders,3,Rate,2023,15.86652799791733,19.052720141953962,13.265391588943238
1,All Population,1,Deaths,102,United States of America,3,Both,18,65-69 years,973,Substance use disorders,3,Rate,2023,31.514175780435927,36.583731105844834,27.069197414126027
1,All Population,1,Deaths,102,United States of America,1,Male,19,70-74 years,973,Substance use disorders,3,Rate,2023,27.65855218651651,32.25643577579649,23.83237824451053
1,All Population,1,Deaths,102,United States of America,2,Female,19,70-74 years,973,Substance use disorders,3,Rate,2023,9.136823323798504,10.365989261133072,7.820447488603997
1,All Population,1,Deaths,102,United States of America,3,Both,19,70-74 years,973,Substance use disorders,3,Rate,2023,17.748992906523867,20.08552011321817,15.648789555895947
1,All Population,1,Deaths,102,United States of America,1,Male,20,75-79 years,973,Substance use disorders,3,Rate,2023,18.054522501998946,20.781270152401632,15.419980463634552
1,All Population,1,Deaths,102,United States of America,2,Female,20,75-79 years,973,Substance use disorders,3,Rate,2023,6.470871360039195,7.589053839609239,5.334561488057008
1,All Population,1,Deaths,102,United States of America,3,Both,20,75-79 years,973,Substance use disorders,3,Rate,2023,11.72675869559893,13.261122979388697,10.324970173682239
1,All Population,1,Deaths,102,United States of America,1,Male,30,80-84 years,973,Substance use disorders,3,Rate,2023,14.395596449710903,17.2162313963016,11.723509999475269
1,All Population,1,Deaths,102,United States of America,2,Female,30,80-84 years,973,Substance use disorders,3,Rate,2023,5.851613231987659,7.101395349073228,4.457028186105632
1,All Population,1,Deaths,102,United States of America,3,Both,30,80-84 years,973,Substance use disorders,3,Rate,2023,9.521345877583938,11.04796453275224,7.8308572568148405
1,All Population,1,Deaths,102,United States of America,1,Male,31,85-89 years,973,Substance use disorders,3,Rate,2023,14.237259967269592,17.231537508378562,10.996946463544424
1,All Population,1,Deaths,102,United States of America,2,Female,31,85-89 years,973,Substance use disorders,3,Rate,2023,6.711466125350396,8.386130812599074,4.729514640790113
1,All Population,1,Deaths,102,United States of America,3,Both,31,85-89 years,973,Substance use disorders,3,Rate,2023,9.689068457855628,11.543314142850837,7.356402157977414
1,All Population,1,Deaths,102,United States of America,1,Male,32,90-94 years,973,Substance use disorders,3,Rate,2023,18.41845297042619,22.239907404408832,13.468201193747229
1,All Population,1,Deaths,102,United States of America,2,Female,32,90-94 years,973,Substance use disorders,3,Rate,2023,8.287286587263418,10.442882163117197,5.660302627877113
1,All Population,1,Deaths,102,United States of America,3,Both,32,90-94 years,973,Substance use disorders,3,Rate,2023,11.73598485131671,14.082292869874657,8.546078659772897
1,All Population,1,Deaths,102,United States of America,1,Male,235,95+ years,973,Substance use disorders,3,Rate,2023,23.52211039013493,29.714065049171182,15.772957365508113
1,All Population,1,Deaths,102,United States of America,2,Female,235,95+ years,973,Substance use disorders,3,Rate,2023,9.829143392228797,12.554993452029313,6.272397464689469
1,All Population,1,Deaths,102,United States of America,3,Both,235,95+ years,973,Substance use disorders,3,Rate,2023,13.557857533252934,16.69779113333133,9.0754632447669
1,All Population,1,Deaths,102,United States of America,1,Male,1,<5 years,974,Diabetes and kidney diseases,3,Rate,2023,0.32241615747554486,0.37900619049087436,0.2696021959455191
1,All Population,1,Deaths,102,United States of America,2,Female,1,<5 years,974,Diabetes and kidney diseases,3,Rate,2023,0.25741847930805234,0.3035673118533926,0.20871262423984396
1,All Population,1,Deaths,102,United States of America,3,Both,1,<5 years,974,Diabetes and kidney diseases,3,Rate,2023,0.2906344674638135,0.32703735900527003,0.2565841634583408
1,All Population,1,Deaths,102,United States of America,1,Male,6,5-9 years,974,Diabetes and kidney diseases,3,Rate,2023,0.11832693341242362,0.1397249158440128,0.10183148104866133
1,All Population,1,Deaths,102,United States of America,2,Female,6,5-9 years,974,Diabetes and kidney diseases,3,Rate,2023,0.10531327936077614,0.12194959039567232,0.0919674212514563
1,All Population,1,Deaths,102,United States of America,3,Both,6,5-9 years,974,Diabetes and kidney diseases,3,Rate,2023,0.1119695250878184,0.12472224553220675,0.10075870698377214
1,All Population,1,Deaths,102,United States of America,1,Male,7,10-14 years,974,Diabetes and kidney diseases,3,Rate,2023,0.20022585507317608,0.2325238664297949,0.17158096256816605
1,All Population,1,Deaths,102,United States of America,2,Female,7,10-14 years,974,Diabetes and kidney diseases,3,Rate,2023,0.1913055404963262,0.22279345687376995,0.1636294593410331
1,All Population,1,Deaths,102,United States of America,3,Both,7,10-14 years,974,Diabetes and kidney diseases,3,Rate,2023,0.1958758713273878,0.22033824459451715,0.17537243190605925
1,All Population,1,Deaths,102,United States of America,1,Male,8,15-19 years,974,Diabetes and kidney diseases,3,Rate,2023,0.5700041596954698,0.6463835886507218,0.5006393727344328
1,All Population,1,Deaths,102,United States of America,2,Female,8,15-19 years,974,Diabetes and kidney diseases,3,Rate,2023,0.5051148287687043,0.580109711506954,0.4297883891367327
1,All Population,1,Deaths,102,United States of America,3,Both,8,15-19 years,974,Diabetes and kidney diseases,3,Rate,2023,0.5383435043532518,0.5897244738502083,0.4865270885625172
1,All Population,1,Deaths,102,United States of America,1,Male,9,20-24 years,974,Diabetes and kidney diseases,3,Rate,2023,1.4955921146241635,1.72952904975124,1.2692126637037466
1,All Population,1,Deaths,102,United States of America,2,Female,9,20-24 years,974,Diabetes and kidney diseases,3,Rate,2023,1.0814499078919728,1.2552206372758545,0.9174504395442308
1,All Population,1,Deaths,102,United States of America,3,Both,9,20-24 years,974,Diabetes and kidney diseases,3,Rate,2023,1.2924484198876962,1.4205210033411013,1.1619927510279973
1,All Population,1,Deaths,102,United States of America,1,Male,10,25-29 years,974,Diabetes and kidney diseases,3,Rate,2023,3.000426170212351,3.5024593911026662,2.5479031823023006
1,All Population,1,Deaths,102,United States of America,2,Female,10,25-29 years,974,Diabetes and kidney diseases,3,Rate,2023,1.8781929495664942,2.1686943903583393,1.5809706116570825
1,All Population,1,Deaths,102,United States of America,3,Both,10,25-29 years,974,Diabetes and kidney diseases,3,Rate,2023,2.448675050643011,2.7451548508232304,2.179749893908209
1,All Population,1,Deaths,102,United States of America,1,Male,11,30-34 years,974,Diabetes and kidney diseases,3,Rate,2023,5.267243403854308,6.137756149012607,4.423212526484954
1,All Population,1,Deaths,102,United States of America,2,Female,11,30-34 years,974,Diabetes and kidney diseases,3,Rate,2023,3.414092811881397,3.931920142677616,2.9066515111195095
1,All Population,1,Deaths,102,United States of America,3,Both,11,30-34 years,974,Diabetes and kidney diseases,3,Rate,2023,4.3522862238220315,4.86057210419012,3.8723421684254364
1,All Population,1,Deaths,102,United States of America,1,Male,12,35-39 years,974,Diabetes and kidney diseases,3,Rate,2023,9.186173853082227,10.591121378200965,7.832135021869001
1,All Population,1,Deaths,102,United States of America,2,Female,12,35-39 years,974,Diabetes and kidney diseases,3,Rate,2023,5.866354104061381,6.643834314863691,5.107525012990861
1,All Population,1,Deaths,102,United States of America,3,Both,12,35-39 years,974,Diabetes and kidney diseases,3,Rate,2023,7.547844095504695,8.353047939798149,6.724068080263138
1,All Population,1,Deaths,102,United States of America,1,Male,13,40-44 years,974,Diabetes and kidney diseases,3,Rate,2023,15.673658840928157,18.071170800306813,13.495271744154996
1,All Population,1,Deaths,102,United States of America,2,Female,13,40-44 years,974,Diabetes and kidney diseases,3,Rate,2023,9.339397561051793,10.467290507407624,8.135027407937537
1,All Population,1,Deaths,102,United States of America,3,Both,13,40-44 years,974,Diabetes and kidney diseases,3,Rate,2023,12.52904718103462,13.821405400705721,11.260651100115217
1,All Population,1,Deaths,102,United States of America,1,Male,14,45-49 years,974,Diabetes and kidney diseases,3,Rate,2023,26.880162766775815,30.43335015395268,23.63458457973814
1,All Population,1,Deaths,102,United States of America,2,Female,14,45-49 years,974,Diabetes and kidney diseases,3,Rate,2023,15.195553604869518,16.79784038806924,13.507831571194773
1,All Population,1,Deaths,102,United States of America,3,Both,14,45-49 years,974,Diabetes and kidney diseases,3,Rate,2023,21.043583993005633,22.95406249416894,19.146310366078172
1,All Population,1,Deaths,102,United States of America,1,Male,15,50-54 years,974,Diabetes and kidney diseases,3,Rate,2023,43.97103720375035,48.96452673708992,39.252782702150235
1,All Population,1,Deaths,102,United States of America,2,Female,15,50-54 years,974,Diabetes and kidney diseases,3,Rate,2023,24.883192588106844,27.38756009568304,22.36387371203723
1,All Population,1,Deaths,102,United States of America,3,Both,15,50-54 years,974,Diabetes and kidney diseases,3,Rate,2023,34.41652990886417,37.26027740637269,31.726380911067046
1,All Population,1,Deaths,102,United States of America,1,Male,16,55-59 years,974,Diabetes and kidney diseases,3,Rate,2023,68.48328924295406,75.57896710187511,61.50183333453045
1,All Population,1,Deaths,102,United States of America,2,Female,16,55-59 years,974,Diabetes and kidney diseases,3,Rate,2023,38.165268834476436,41.87659517094932,34.65587255296006
1,All Population,1,Deaths,102,United States of America,3,Both,16,55-59 years,974,Diabetes and kidney diseases,3,Rate,2023,53.16689585223084,57.047993659234265,49.05361144324562
1,All Population,1,Deaths,102,United States of America,1,Male,17,60-64 years,974,Diabetes and kidney diseases,3,Rate,2023,103.89957132436192,114.21893485921775,94.0943029966283
1,All Population,1,Deaths,102,United States of America,2,Female,17,60-64 years,974,Diabetes and kidney diseases,3,Rate,2023,61.64166671476352,67.43699234074927,55.8776656955912
1,All Population,1,Deaths,102,United States of America,3,Both,17,60-64 years,974,Diabetes and kidney diseases,3,Rate,2023,82.25887428954911,88.06870951515161,76.53411385536572
1,All Population,1,Deaths,102,United States of America,1,Male,18,65-69 years,974,Diabetes and kidney diseases,3,Rate,2023,149.2414513321215,163.99526143716403,135.41510200691943
1,All Population,1,Deaths,102,United States of America,2,Female,18,65-69 years,974,Diabetes and kidney diseases,3,Rate,2023,91.39726218053136,99.90203795198721,82.88926217545465
1,All Population,1,Deaths,102,United States of America,3,Both,18,65-69 years,974,Diabetes and kidney diseases,3,Rate,2023,119.00048777445306,127.1305590155779,110.09328460335713
1,All Population,1,Deaths,102,United States of America,1,Male,19,70-74 years,974,Diabetes and kidney diseases,3,Rate,2023,221.84698060220745,243.540415714695,200.31874129479246
1,All Population,1,Deaths,102,United States of America,2,Female,19,70-74 years,974,Diabetes and kidney diseases,3,Rate,2023,143.06884430661134,156.87763091246308,126.48082021921954
1,All Population,1,Deaths,102,United States of America,3,Both,19,70-74 years,974,Diabetes and kidney diseases,3,Rate,2023,179.69883032019376,193.07554374939926,164.69410061035776
1,All Population,1,Deaths,102,United States of America,1,Male,20,75-79 years,974,Diabetes and kidney diseases,3,Rate,2023,331.6011072972321,367.507719772089,296.6785496321131
1,All Population,1,Deaths,102,United States of America,2,Female,20,75-79 years,974,Diabetes and kidney diseases,3,Rate,2023,227.0512300688742,252.94181077128104,195.70628783842628
1,All Population,1,Deaths,102,United States of America,3,Both,20,75-79 years,974,Diabetes and kidney diseases,3,Rate,2023,274.48898254644774,296.20216385659273,246.06330538664974
1,All Population,1,Deaths,102,United States of America,1,Male,30,80-84 years,974,Diabetes and kidney diseases,3,Rate,2023,547.5546664929489,616.4717362366387,473.9842486451225
1,All Population,1,Deaths,102,United States of America,2,Female,30,80-84 years,974,Diabetes and kidney diseases,3,Rate,2023,369.5101242744174,421.43269480760733,297.28690238396234
1,All Population,1,Deaths,102,United States of America,3,Both,30,80-84 years,974,Diabetes and kidney diseases,3,Rate,2023,445.98216925623086,495.4835495707138,369.98544209525784
1,All Population,1,Deaths,102,United States of America,1,Male,31,85-89 years,974,Diabetes and kidney diseases,3,Rate,2023,941.2375600707538,1085.6801750249945,763.769477419805
1,All Population,1,Deaths,102,United States of America,2,Female,31,85-89 years,974,Diabetes and kidney diseases,3,Rate,2023,661.9253957067846,772.1361402028338,489.126741733493
1,All Population,1,Deaths,102,United States of America,3,Both,31,85-89 years,974,Diabetes and kidney diseases,3,Rate,2023,772.4360700059814,875.8503335924431,601.5708518700792
1,All Population,1,Deaths,102,United States of America,1,Male,32,90-94 years,974,Diabetes and kidney diseases,3,Rate,2023,1671.905950533613,1964.3943345006392,1297.000804668419
1,All Population,1,Deaths,102,United States of America,2,Female,32,90-94 years,974,Diabetes and kidney diseases,3,Rate,2023,1218.403132119429,1447.5438732266157,870.2280931957905
1,All Population,1,Deaths,102,United States of America,3,Both,32,90-94 years,974,Diabetes and kidney diseases,3,Rate,2023,1372.777695072764,1581.4304406424565,1009.0634169175476
1,All Population,1,Deaths,102,United States of America,1,Male,235,95+ years,974,Diabetes and kidney diseases,3,Rate,2023,2383.6148594476813,2856.241385369988,1741.4958793505377
1,All Population,1,Deaths,102,United States of America,2,Female,235,95+ years,974,Diabetes and kidney diseases,3,Rate,2023,2008.811364008652,2412.6835089523497,1425.095594567077
1,All Population,1,Deaths,102,United States of America,3,Both,235,95+ years,974,Diabetes and kidney diseases,3,Rate,2023,2110.8736193082136,2506.554098694574,1531.7600532573422
1,All Population,1,Deaths,102,United States of America,2,Female,235,95+ years,295,"Communicable, maternal, neonatal, and nutritional diseases",3,Rate,2023,2308.3525235859934,2778.0624704796364,1674.5990451929906
1,All Population,1,Deaths,102,United States of America,3,Both,235,95+ years,295,"Communicable, maternal, neonatal, and nutritional diseases",3,Rate,2023,2327.009321552906,2751.7304740004965,1702.5362558925838
1,All Population,1,Deaths,102,United States of America,1,Male,1,<5 years,491,Cardiovascular diseases,3,Rate,2023,2.4653219545045286,3.010938359482462,1.9998511105883376
1,All Population,1,Deaths,102,United States of America,2,Female,1,<5 years,491,Cardiovascular diseases,3,Rate,2023,1.9771862469829513,2.4671913393007885,1.5657321171584817
1,All Population,1,Deaths,102,United States of America,3,Both,1,<5 years,491,Cardiovascular diseases,3,Rate,2023,2.2266399249690965,2.6269355198730566,1.9019950604274423
1,All Population,1,Deaths,102,United States of America,1,Male,6,5-9 years,491,Cardiovascular diseases,3,Rate,2023,0.46980103482733593,0.5963992426020688,0.37382554225148346
1,All Population,1,Deaths,102,United States of America,2,Female,6,5-9 years,491,Cardiovascular diseases,3,Rate,2023,0.4202387742112508,0.5325169679318674,0.3354747323932836
1,All Population,1,Deaths,102,United States of America,3,Both,6,5-9 years,491,Cardiovascular diseases,3,Rate,2023,0.44558896287763894,0.5394452953347878,0.3833610375409416
1,All Population,1,Deaths,102,United States of America,1,Male,7,10-14 years,491,Cardiovascular diseases,3,Rate,2023,0.8191425425461032,1.0215795465657778,0.6724756686699083
1,All Population,1,Deaths,102,United States of America,2,Female,7,10-14 years,491,Cardiovascular diseases,3,Rate,2023,0.6210691768660238,0.7546108059137147,0.5100397423553232
1,All Population,1,Deaths,102,United States of America,3,Both,7,10-14 years,491,Cardiovascular diseases,3,Rate,2023,0.7225522358075945,0.8356753149814061,0.6324638018334382
1,All Population,1,Deaths,102,United States of America,1,Male,8,15-19 years,491,Cardiovascular diseases,3,Rate,2023,2.1076044360465667,2.481211079154118,1.7926711632627108
1,All Population,1,Deaths,102,United States of America,2,Female,8,15-19 years,491,Cardiovascular diseases,3,Rate,2023,1.1600627272749815,1.400815164099936,0.9522646986236017
1,All Population,1,Deaths,102,United States of America,3,Both,8,15-19 years,491,Cardiovascular diseases,3,Rate,2023,1.6452820321116015,1.8586987846021727,1.4352088464952555
1,All Population,1,Deaths,102,United States of America,1,Male,9,20-24 years,491,Cardiovascular diseases,3,Rate,2023,3.668760246700934,4.329852710941758,3.030080221073363
1,All Population,1,Deaths,102,United States of America,2,Female,9,20-24 years,491,Cardiovascular diseases,3,Rate,2023,2.1338839076198273,2.6075374676509977,1.744326269658349
1,All Population,1,Deaths,102,United States of America,3,Both,9,20-24 years,491,Cardiovascular diseases,3,Rate,2023,2.915877672995647,3.3114540608246634,2.5119253457452078
1,All Population,1,Deaths,102,United States of America,1,Male,10,25-29 years,491,Cardiovascular diseases,3,Rate,2023,7.813683741313056,9.051675188950806,6.685603096079924
1,All Population,1,Deaths,102,United States of America,2,Female,10,25-29 years,491,Cardiovascular diseases,3,Rate,2023,4.090644923651787,4.87004124019567,3.4088223320747977
1,All Population,1,Deaths,102,United States of America,3,Both,10,25-29 years,491,Cardiovascular diseases,3,Rate,2023,5.983234599322312,6.701044502189764,5.232174314126792
1,All Population,1,Deaths,102,United States of America,1,Male,11,30-34 years,491,Cardiovascular diseases,3,Rate,2023,16.32757708919009,18.84364300385483,13.956075681471566
1,All Population,1,Deaths,102,United States of America,2,Female,11,30-34 years,491,Cardiovascular diseases,3,Rate,2023,8.197688922121548,9.676256652402754,6.86830383342676
1,All Population,1,Deaths,102,United States of America,3,Both,11,30-34 years,491,Cardiovascular diseases,3,Rate,2023,12.313602410856184,13.812254092823617,10.911111036103815
1,All Population,1,Deaths,102,United States of America,1,Male,12,35-39 years,491,Cardiovascular diseases,3,Rate,2023,31.200904224926294,35.60623307846378,27.13341765537888
1,All Population,1,Deaths,102,United States of America,2,Female,12,35-39 years,491,Cardiovascular diseases,3,Rate,2023,14.675377655421928,16.80565085084584,12.677042114104545
1,All Population,1,Deaths,102,United States of America,3,Both,12,35-39 years,491,Cardiovascular diseases,3,Rate,2023,23.04556327714068,25.56875297190493,20.61998067645929
1,All Population,1,Deaths,102,United States of America,1,Male,13,40-44 years,491,Cardiovascular diseases,3,Rate,2023,57.59863119859702,63.874108625584626,51.88372509901141
1,All Population,1,Deaths,102,United States of America,2,Female,13,40-44 years,491,Cardiovascular diseases,3,Rate,2023,27.332866738173223,30.541362608404164,24.082153820773687
1,All Population,1,Deaths,102,United States of America,3,Both,13,40-44 years,491,Cardiovascular diseases,3,Rate,2023,42.57334701586159,46.36053018309124,39.267092339953116
1,All Population,1,Deaths,102,United States of America,1,Male,14,45-49 years,491,Cardiovascular diseases,3,Rate,2023,96.99472690829063,105.27007622294164,88.65282840509704
1,All Population,1,Deaths,102,United States of America,2,Female,14,45-49 years,491,Cardiovascular diseases,3,Rate,2023,42.81112867798685,47.159983237768664,38.68444409731029
1,All Population,1,Deaths,102,United States of America,3,Both,14,45-49 years,491,Cardiovascular diseases,3,Rate,2023,69.92947937322555,74.71287438712031,65.19118805441425
1,All Population,1,Deaths,102,United States of America,1,Male,15,50-54 years,491,Cardiovascular diseases,3,Rate,2023,159.6511542135473,169.5303083924204,149.8873869893614
1,All Population,1,Deaths,102,United States of America,2,Female,15,50-54 years,491,Cardiovascular diseases,3,Rate,2023,68.33864026734857,73.7005728872374,62.43358837130948
1,All Population,1,Deaths,102,United States of America,3,Both,15,50-54 years,491,Cardiovascular diseases,3,Rate,2023,113.94426073337225,119.54725213505617,107.85647655061653
1,All Population,1,Deaths,102,United States of America,1,Male,16,55-59 years,491,Cardiovascular diseases,3,Rate,2023,256.3156033849224,269.6290597009938,243.06631739669723
1,All Population,1,Deaths,102,United States of America,2,Female,16,55-59 years,491,Cardiovascular diseases,3,Rate,2023,111.47252148459629,118.6472816262697,103.66425757881629
1,All Population,1,Deaths,102,United States of America,3,Both,16,55-59 years,491,Cardiovascular diseases,3,Rate,2023,183.14217080520825,190.84379118453316,175.2430651686201
1,All Population,1,Deaths,102,United States of America,1,Male,17,60-64 years,491,Cardiovascular diseases,3,Rate,2023,391.1800317920028,407.89583682020293,374.25650883380337
1,All Population,1,Deaths,102,United States of America,2,Female,17,60-64 years,491,Cardiovascular diseases,3,Rate,2023,177.67400492173206,189.41853229334507,165.13026297812317
1,All Population,1,Deaths,102,United States of America,3,Both,17,60-64 years,491,Cardiovascular diseases,3,Rate,2023,281.84145276656227,291.3911107634114,269.7284275549624
1,All Population,1,Deaths,102,United States of America,1,Male,18,65-69 years,491,Cardiovascular diseases,3,Rate,2023,546.1996034890909,567.6409042694293,520.6923861210228
1,All Population,1,Deaths,102,United States of America,2,Female,18,65-69 years,491,Cardiovascular diseases,3,Rate,2023,262.5559923726537,279.7622615609776,241.6403084595998
1,All Population,1,Deaths,102,United States of America,3,Both,18,65-69 years,491,Cardiovascular diseases,3,Rate,2023,397.9106183213931,413.4495822743529,377.4990394145978
1,All Population,1,Deaths,102,United States of America,1,Male,19,70-74 years,491,Cardiovascular diseases,3,Rate,2023,793.8664698919521,832.4152024463722,749.1274210240725
1,All Population,1,Deaths,102,United States of America,2,Female,19,70-74 years,491,Cardiovascular diseases,3,Rate,2023,435.5991217368382,466.08121470388164,388.22925658009916
1,All Population,1,Deaths,102,United States of America,3,Both,19,70-74 years,491,Cardiovascular diseases,3,Rate,2023,602.1850371842788,628.4034727674647,562.3617149446098
1,All Population,1,Deaths,102,United States of America,1,Male,20,75-79 years,491,Cardiovascular diseases,3,Rate,2023,1222.574879433266,1287.9067569380554,1144.2935699600278
1,All Population,1,Deaths,102,United States of America,2,Female,20,75-79 years,491,Cardiovascular diseases,3,Rate,2023,781.138972960868,844.438419244901,676.3435474188894
1,All Population,1,Deaths,102,United States of America,3,Both,20,75-79 years,491,Cardiovascular diseases,3,Rate,2023,981.4331083639374,1038.3071469204028,895.9183973289614
1,All Population,1,Deaths,102,United States of America,1,Male,30,80-84 years,491,Cardiovascular diseases,3,Rate,2023,2170.119796358222,2317.953459500079,1906.5043827977513
1,All Population,1,Deaths,102,United States of America,2,Female,30,80-84 years,491,Cardiovascular diseases,3,Rate,2023,1543.3193617284644,1724.2193467987593,1236.629531334981
1,All Population,1,Deaths,102,United States of America,3,Both,30,80-84 years,491,Cardiovascular diseases,3,Rate,2023,1812.5368869295153,1968.2264217817783,1547.365648148262
1,All Population,1,Deaths,102,United States of America,1,Male,31,85-89 years,491,Cardiovascular diseases,3,Rate,2023,4092.8970119478504,4468.575555616334,3402.3151645930798
1,All Population,1,Deaths,102,United States of America,2,Female,31,85-89 years,491,Cardiovascular diseases,3,Rate,2023,3208.831130606506,3645.915053211091,2394.0003856613034
1,All Population,1,Deaths,102,United States of America,3,Both,31,85-89 years,491,Cardiovascular diseases,3,Rate,2023,3558.6143808076563,3940.319760609679,2785.2005242712357
1,All Population,1,Deaths,102,United States of America,1,Male,32,90-94 years,491,Cardiovascular diseases,3,Rate,2023,8036.466307007312,8932.048207140428,6409.262482279547
1,All Population,1,Deaths,102,United States of America,2,Female,32,90-94 years,491,Cardiovascular diseases,3,Rate,2023,6707.336624804625,7727.411408367374,4900.174548560681
1,All Population,1,Deaths,102,United States of America,3,Both,32,90-94 years,491,Cardiovascular diseases,3,Rate,2023,7159.778826852748,8096.87336590799,5485.9942467689325
1,All Population,1,Deaths,102,United States of America,1,Male,235,95+ years,491,Cardiovascular diseases,3,Rate,2023,12559.722018545586,14432.377539108615,9269.377267630629
1,All Population,1,Deaths,102,United States of America,2,Female,235,95+ years,491,Cardiovascular diseases,3,Rate,2023,12547.231779802016,14714.037677466402,8894.864212674545
1,All Population,1,Deaths,102,United States of America,3,Both,235,95+ years,491,Cardiovascular diseases,3,Rate,2023,12550.632980566983,14532.071233455405,9009.370336012606
1,All Population,1,Deaths,102,United States of America,1,Male,1,<5 years,653,Skin and subcutaneous diseases,3,Rate,2023,0.09834743871980303,0.12274484270409114,0.07636080909204036
1,All Population,1,Deaths,102,United States of America,2,Female,1,<5 years,653,Skin and subcutaneous diseases,3,Rate,2023,0.07191157162672726,0.08910752388900767,0.056895902184509545
1,All Population,1,Deaths,102,United States of America,3,Both,1,<5 years,653,Skin and subcutaneous diseases,3,Rate,2023,0.0854211841699342,0.10212352004249658,0.07326956389622118
1,All Population,1,Deaths,102,United States of America,1,Male,6,5-9 years,653,Skin and subcutaneous diseases,3,Rate,2023,0.014455118372173503,0.018350615802698558,0.011304701769982333
1,All Population,1,Deaths,102,United States of America,2,Female,6,5-9 years,653,Skin and subcutaneous diseases,3,Rate,2023,0.012611370264244269,0.015540226452683157,0.009952428173340756
1,All Population,1,Deaths,102,United States of America,3,Both,6,5-9 years,653,Skin and subcutaneous diseases,3,Rate,2023,0.013554413656702707,0.016104407368915115,0.011543282637841538
1,All Population,1,Deaths,102,United States of America,1,Male,7,10-14 years,653,Skin and subcutaneous diseases,3,Rate,2023,0.01610245123279692,0.020621830645331893,0.012495921318736551
1,All Population,1,Deaths,102,United States of America,2,Female,7,10-14 years,653,Skin and subcutaneous diseases,3,Rate,2023,0.018077899373351674,0.02262537223788593,0.01387125218881264
1,All Population,1,Deaths,102,United States of America,3,Both,7,10-14 years,653,Skin and subcutaneous diseases,3,Rate,2023,0.01706577682272195,0.020291618799397688,0.01453519910382713
1,All Population,1,Deaths,102,United States of America,1,Male,8,15-19 years,653,Skin and subcutaneous diseases,3,Rate,2023,0.027898407350227597,0.036578773692637845,0.0209622258253526
1,All Population,1,Deaths,102,United States of America,2,Female,8,15-19 years,653,Skin and subcutaneous diseases,3,Rate,2023,0.022733136556047376,0.028128541162703056,0.018086105496983175
1,All Population,1,Deaths,102,United States of America,3,Both,8,15-19 years,653,Skin and subcutaneous diseases,3,Rate,2023,0.025378180125996647,0.030535215765127036,0.020928698162394756
1,All Population,1,Deaths,102,United States of America,1,Male,9,20-24 years,653,Skin and subcutaneous diseases,3,Rate,2023,0.05047326071453169,0.06341690968897422,0.03846627848658069
1,All Population,1,Deaths,102,United States of America,2,Female,9,20-24 years,653,Skin and subcutaneous diseases,3,Rate,2023,0.04097863024252136,0.05126526518611916,0.03151198994141094
1,All Population,1,Deaths,102,United States of America,3,Both,9,20-24 years,653,Skin and subcutaneous diseases,3,Rate,2023,0.045815985307949246,0.053590508141088726,0.038491287477966714
1,All Population,1,Deaths,102,United States of America,1,Male,10,25-29 years,653,Skin and subcutaneous diseases,3,Rate,2023,0.12783857193257814,0.158913096864326,0.09725363678140374
1,All Population,1,Deaths,102,United States of America,2,Female,10,25-29 years,653,Skin and subcutaneous diseases,3,Rate,2023,0.10166233651726271,0.12532292467889644,0.07851719628700796
1,All Population,1,Deaths,102,United States of America,3,Both,10,25-29 years,653,Skin and subcutaneous diseases,3,Rate,2023,0.11496890551136951,0.13434551099823921,0.09552079505302699
1,All Population,1,Deaths,102,United States of America,1,Male,11,30-34 years,653,Skin and subcutaneous diseases,3,Rate,2023,0.2484905466604825,0.30875905394244857,0.18911734225158952
1,All Population,1,Deaths,102,United States of America,2,Female,11,30-34 years,653,Skin and subcutaneous diseases,3,Rate,2023,0.2337115154679982,0.28916556125236154,0.1799832691447607
1,All Population,1,Deaths,102,United States of America,3,Both,11,30-34 years,653,Skin and subcutaneous diseases,3,Rate,2023,0.24119368651211828,0.2809021788436379,0.20195795782334028
1,All Population,1,Deaths,102,United States of America,1,Male,12,35-39 years,653,Skin and subcutaneous diseases,3,Rate,2023,0.45641488137711683,0.5556895936695083,0.3545340898634084
1,All Population,1,Deaths,102,United States of America,2,Female,12,35-39 years,653,Skin and subcutaneous diseases,3,Rate,2023,0.3656983257386076,0.44632672081878316,0.28778212308012785
1,All Population,1,Deaths,102,United States of America,3,Both,12,35-39 years,653,Skin and subcutaneous diseases,3,Rate,2023,0.4116462963804939,0.4765503536944118,0.34730823890845924
1,All Population,1,Deaths,102,United States of America,1,Male,13,40-44 years,653,Skin and subcutaneous diseases,3,Rate,2023,0.8107380114446749,0.9990653673620087,0.6330874373979091
1,All Population,1,Deaths,102,United States of America,2,Female,13,40-44 years,653,Skin and subcutaneous diseases,3,Rate,2023,0.5375971534999302,0.6473513138427026,0.4283714950825197
1,All Population,1,Deaths,102,United States of America,3,Both,13,40-44 years,653,Skin and subcutaneous diseases,3,Rate,2023,0.6751386275962192,0.7868200071882172,0.5659698450590234
1,All Population,1,Deaths,102,United States of America,1,Male,14,45-49 years,653,Skin and subcutaneous diseases,3,Rate,2023,1.1911931830440978,1.4529107837761288,0.9452386680174595
1,All Population,1,Deaths,102,United States of America,2,Female,14,45-49 years,653,Skin and subcutaneous diseases,3,Rate,2023,0.8356825777609568,0.9931045739525772,0.6819556814418986
1,All Population,1,Deaths,102,United States of America,3,Both,14,45-49 years,653,Skin and subcutaneous diseases,3,Rate,2023,1.013612091208311,1.1841349123369265,0.8594068672233074
1,All Population,1,Deaths,102,United States of America,1,Male,15,50-54 years,653,Skin and subcutaneous diseases,3,Rate,2023,1.7574048613968938,2.0746256637572285,1.4498610587102378
1,All Population,1,Deaths,102,United States of America,2,Female,15,50-54 years,653,Skin and subcutaneous diseases,3,Rate,2023,1.3116215693092144,1.5326648452814142,1.1033379561073144
1,All Population,1,Deaths,102,United States of America,3,Both,15,50-54 years,653,Skin and subcutaneous diseases,3,Rate,2023,1.534266010366042,1.7460794894556524,1.3348507298718866
1,All Population,1,Deaths,102,United States of America,1,Male,16,55-59 years,653,Skin and subcutaneous diseases,3,Rate,2023,2.595679057381627,2.96836573791739,2.2203184307693298
1,All Population,1,Deaths,102,United States of America,2,Female,16,55-59 years,653,Skin and subcutaneous diseases,3,Rate,2023,2.184550767658581,2.5479818090099013,1.818439140248999
1,All Population,1,Deaths,102,United States of America,3,Both,16,55-59 years,653,Skin and subcutaneous diseases,3,Rate,2023,2.3879807138020244,2.6848091513315273,2.1162925161931057
1,All Population,1,Deaths,102,United States of America,1,Male,17,60-64 years,653,Skin and subcutaneous diseases,3,Rate,2023,3.8643285462267425,4.357261888285774,3.4206308391764937
1,All Population,1,Deaths,102,United States of America,2,Female,17,60-64 years,653,Skin and subcutaneous diseases,3,Rate,2023,3.25612412348617,3.763342853475196,2.728368762842802
1,All Population,1,Deaths,102,United States of America,3,Both,17,60-64 years,653,Skin and subcutaneous diseases,3,Rate,2023,3.552860957633333,3.939804156138381,3.1792589172132737
1,All Population,1,Deaths,102,United States of America,1,Male,18,65-69 years,653,Skin and subcutaneous diseases,3,Rate,2023,5.2921494213625735,6.036397016721017,4.649383094184916
1,All Population,1,Deaths,102,United States of America,2,Female,18,65-69 years,653,Skin and subcutaneous diseases,3,Rate,2023,4.428579099705855,5.093112788386317,3.764202496552187
1,All Population,1,Deaths,102,United States of America,3,Both,18,65-69 years,653,Skin and subcutaneous diseases,3,Rate,2023,4.840674536681149,5.3628700624254915,4.3818537554136014
1,All Population,1,Deaths,102,United States of America,1,Male,19,70-74 years,653,Skin and subcutaneous diseases,3,Rate,2023,7.731809632547831,8.955400271093218,6.712725268232722
1,All Population,1,Deaths,102,United States of America,2,Female,19,70-74 years,653,Skin and subcutaneous diseases,3,Rate,2023,6.756601962961643,7.909680191641443,5.709276049096642
1,All Population,1,Deaths,102,United States of America,3,Both,19,70-74 years,653,Skin and subcutaneous diseases,3,Rate,2023,7.2100506604942005,8.101406129779033,6.444306058527709
1,All Population,1,Deaths,102,United States of America,1,Male,20,75-79 years,653,Skin and subcutaneous diseases,3,Rate,2023,11.888205925279726,13.785909340213024,10.385073343929779
1,All Population,1,Deaths,102,United States of America,2,Female,20,75-79 years,653,Skin and subcutaneous diseases,3,Rate,2023,10.528790631616165,12.331771862539124,8.63611652923556
1,All Population,1,Deaths,102,United States of America,3,Both,20,75-79 years,653,Skin and subcutaneous diseases,3,Rate,2023,11.145602510545364,12.616729956632344,9.794457694964663
1,All Population,1,Deaths,102,United States of America,1,Male,30,80-84 years,653,Skin and subcutaneous diseases,3,Rate,2023,19.534391999086033,22.92766799792229,16.11993553643437
1,All Population,1,Deaths,102,United States of America,2,Female,30,80-84 years,653,Skin and subcutaneous diseases,3,Rate,2023,16.830230048710927,20.16805045591949,13.121446934420154
1,All Population,1,Deaths,102,United States of America,3,Both,30,80-84 years,653,Skin and subcutaneous diseases,3,Rate,2023,17.991696677962484,20.565680947235684,14.838999798443776
1,All Population,1,Deaths,102,United States of America,1,Male,31,85-89 years,653,Skin and subcutaneous diseases,3,Rate,2023,30.498887601570758,36.1140068445964,23.89905099697532
1,All Population,1,Deaths,102,United States of America,2,Female,31,85-89 years,653,Skin and subcutaneous diseases,3,Rate,2023,26.619324016891877,32.346462459272026,19.75354782274689
1,All Population,1,Deaths,102,United States of America,3,Both,31,85-89 years,653,Skin and subcutaneous diseases,3,Rate,2023,28.154284689678025,32.753818868460925,22.02558434193672
1,All Population,1,Deaths,102,United States of America,1,Male,32,90-94 years,653,Skin and subcutaneous diseases,3,Rate,2023,49.71596162654865,59.60303653189636,38.015488429662646
1,All Population,1,Deaths,102,United States of America,2,Female,32,90-94 years,653,Skin and subcutaneous diseases,3,Rate,2023,45.154249600576506,55.136567300293166,32.393369281217375
1,All Population,1,Deaths,102,United States of America,3,Both,32,90-94 years,653,Skin and subcutaneous diseases,3,Rate,2023,46.70707853952534,55.395296866354165,34.86229321164095
1,All Population,1,Deaths,102,United States of America,1,Male,235,95+ years,653,Skin and subcutaneous diseases,3,Rate,2023,65.59864171782733,81.55035289704239,46.18414829289751
1,All Population,1,Deaths,102,United States of America,2,Female,235,95+ years,653,Skin and subcutaneous diseases,3,Rate,2023,71.61634227698305,89.08241254850263,48.836356924331874
1,All Population,1,Deaths,102,United States of America,3,Both,235,95+ years,653,Skin and subcutaneous diseases,3,Rate,2023,69.97767001736217,84.9160116543826,49.257827477056864
1,All Population,1,Deaths,102,United States of America,1,Male,1,<5 years,687,Injuries,3,Rate,2023,23.974914585610158,25.587336096134283,22.249406431290264
1,All Population,1,Deaths,102,United States of America,2,Female,1,<5 years,687,Injuries,3,Rate,2023,16.690671092962866,18.244741633355908,14.086695837446474
1,All Population,1,Deaths,102,United States of America,3,Both,1,<5 years,687,Injuries,3,Rate,2023,20.413163224942753,21.713214679908994,18.958479797759836
1,All Population,1,Deaths,102,United States of America,1,Male,6,5-9 years,687,Injuries,3,Rate,2023,6.21683647742164,6.635908632280021,5.793936075731814
1,All Population,1,Deaths,102,United States of America,2,Female,6,5-9 years,687,Injuries,3,Rate,2023,4.371913604616176,4.719770248267666,4.008152967146118
1,All Population,1,Deaths,102,United States of America,3,Both,6,5-9 years,687,Injuries,3,Rate,2023,5.315557867795219,5.597392303372818,5.022683472624222
1,All Population,1,Deaths,102,United States of America,1,Male,7,10-14 years,687,Injuries,3,Rate,2023,11.290500806072343,11.747247234227927,10.882818859787095
1,All Population,1,Deaths,102,United States of America,2,Female,7,10-14 years,687,Injuries,3,Rate,2023,6.277259792823971,6.658726165382373,5.885723465825492
1,All Population,1,Deaths,102,United States of America,3,Both,7,10-14 years,687,Injuries,3,Rate,2023,8.845798129560855,9.183198681293934,8.565907052955001
1,All Population,1,Deaths,102,United States of America,1,Male,8,15-19 years,687,Injuries,3,Rate,2023,59.85299698658608,62.27249374080507,56.40985805594594
1,All Population,1,Deaths,102,United States of America,2,Female,8,15-19 years,687,Injuries,3,Rate,2023,18.464121356281648,19.447046709567736,17.283569947347637
1,All Population,1,Deaths,102,United States of America,3,Both,8,15-19 years,687,Injuries,3,Rate,2023,39.658630553498256,40.96666770570934,37.785868947344376
1,All Population,1,Deaths,102,United States of America,1,Male,9,20-24 years,687,Injuries,3,Rate,2023,87.22926299370631,94.43705645637375,78.8889052214252
1,All Population,1,Deaths,102,United States of America,2,Female,9,20-24 years,687,Injuries,3,Rate,2023,23.57044992871253,25.615615929265832,21.201128052273983
1,All Population,1,Deaths,102,United States of America,3,Both,9,20-24 years,687,Injuries,3,Rate,2023,56.0035480621117,59.92354580842584,51.9745898167388
1,All Population,1,Deaths,102,United States of America,1,Male,10,25-29 years,687,Injuries,3,Rate,2023,88.12751300862271,97.01160527531357,78.19720719883809
1,All Population,1,Deaths,102,United States of America,2,Female,10,25-29 years,687,Injuries,3,Rate,2023,23.32262338349708,25.525333040360795,20.81496239054945
1,All Population,1,Deaths,102,United States of America,3,Both,10,25-29 years,687,Injuries,3,Rate,2023,56.26589124728098,61.191096682886894,51.45464985795716
1,All Population,1,Deaths,102,United States of America,1,Male,11,30-34 years,687,Injuries,3,Rate,2023,91.26983328807155,100.87901682922217,79.84650531119863
1,All Population,1,Deaths,102,United States of America,2,Female,11,30-34 years,687,Injuries,3,Rate,2023,25.45437851022056,28.202063318391883,22.884056105869618
1,All Population,1,Deaths,102,United States of America,3,Both,11,30-34 years,687,Injuries,3,Rate,2023,58.77472837489017,63.860685500209634,53.57992119904945
1,All Population,1,Deaths,102,United States of America,1,Male,12,35-39 years,687,Injuries,3,Rate,2023,88.10397338375563,96.65360736543502,78.21070301792632
1,All Population,1,Deaths,102,United States of America,2,Female,12,35-39 years,687,Injuries,3,Rate,2023,25.554526803976874,27.810610774388604,23.25865815851444
1,All Population,1,Deaths,102,United States of America,3,Both,12,35-39 years,687,Injuries,3,Rate,2023,57.235845774754516,62.106872613908756,52.247472845001994
1,All Population,1,Deaths,102,United States of America,1,Male,13,40-44 years,687,Injuries,3,Rate,2023,87.63107766185041,95.50355261546532,78.56410380480555
1,All Population,1,Deaths,102,United States of America,2,Female,13,40-44 years,687,Injuries,3,Rate,2023,27.13680900392988,29.427893444720702,24.871280552139122
1,All Population,1,Deaths,102,United States of America,3,Both,13,40-44 years,687,Injuries,3,Rate,2023,57.5990069636013,62.100822805607805,52.99023701148764
1,All Population,1,Deaths,102,United States of America,1,Male,14,45-49 years,687,Injuries,3,Rate,2023,81.24918237473169,87.2101995659679,73.84181257058545
1,All Population,1,Deaths,102,United States of America,2,Female,14,45-49 years,687,Injuries,3,Rate,2023,26.83131020274556,28.95872828448931,24.755085084642893
1,All Population,1,Deaths,102,United States of America,3,Both,14,45-49 years,687,Injuries,3,Rate,2023,54.06691267004808,57.41405147346462,50.14977810883554
1,All Population,1,Deaths,102,United States of America,1,Male,15,50-54 years,687,Injuries,3,Rate,2023,81.897619452812,86.99720064215929,76.43162909632761
1,All Population,1,Deaths,102,United States of America,2,Female,15,50-54 years,687,Injuries,3,Rate,2023,28.425636759205535,30.27609842475061,26.56601948248906
1,All Population,1,Deaths,102,United States of America,3,Both,15,50-54 years,687,Injuries,3,Rate,2023,55.13197571431565,57.91024670880789,52.14542954525549
1,All Population,1,Deaths,102,United States of America,1,Male,16,55-59 years,687,Injuries,3,Rate,2023,87.83054239812358,92.5272308410276,82.56961540163118
1,All Population,1,Deaths,102,United States of America,2,Female,16,55-59 years,687,Injuries,3,Rate,2023,30.161769098962996,31.88514615671519,28.298523916150664
1,All Population,1,Deaths,102,United States of America,3,Both,16,55-59 years,687,Injuries,3,Rate,2023,58.69679269052743,61.23788250235281,55.9888250908298
1,All Population,1,Deaths,102,United States of America,1,Male,17,60-64 years,687,Injuries,3,Rate,2023,94.70664098228323,98.98563996698269,89.56230388862537
1,All Population,1,Deaths,102,United States of America,2,Female,17,60-64 years,687,Injuries,3,Rate,2023,33.652940440113234,35.35961625321655,31.39050288566228
1,All Population,1,Deaths,102,United States of America,3,Both,17,60-64 years,687,Injuries,3,Rate,2023,63.44042822295074,65.94101936852448,60.27107525153551
1,All Population,1,Deaths,102,United States of America,1,Male,18,65-69 years,687,Injuries,3,Rate,2023,102.09765799839819,107.52912030151597,96.15081561577108
1,All Population,1,Deaths,102,United States of America,2,Female,18,65-69 years,687,Injuries,3,Rate,2023,39.97919140831795,42.70429885074961,36.992459469432696
1,All Population,1,Deaths,102,United States of America,3,Both,18,65-69 years,687,Injuries,3,Rate,2023,69.62210060946343,72.87425075401727,65.90919753856126
1,All Population,1,Deaths,102,United States of America,1,Male,19,70-74 years,687,Injuries,3,Rate,2023,123.3103166118582,131.5407857072529,113.97080998973463
1,All Population,1,Deaths,102,United States of America,2,Female,19,70-74 years,687,Injuries,3,Rate,2023,55.22265826534485,60.007973577792384,49.98640302672453
1,All Population,1,Deaths,102,United States of America,3,Both,19,70-74 years,687,Injuries,3,Rate,2023,86.88182272656081,92.29209354302301,80.4197205902983
1,All Population,1,Deaths,102,United States of America,1,Male,20,75-79 years,687,Injuries,3,Rate,2023,178.77863713454417,193.96683662131372,160.36328503019448
1,All Population,1,Deaths,102,United States of America,2,Female,20,75-79 years,687,Injuries,3,Rate,2023,91.65643467987421,102.25933733739126,79.50307287889738
1,All Population,1,Deaths,102,United States of America,3,Both,20,75-79 years,687,Injuries,3,Rate,2023,131.18667215991127,141.24650649661234,119.0576066572581
1,All Population,1,Deaths,102,United States of America,1,Male,30,80-84 years,687,Injuries,3,Rate,2023,293.1832077131989,323.285353134402,253.65625231358078
1,All Population,1,Deaths,102,United States of America,2,Female,30,80-84 years,687,Injuries,3,Rate,2023,165.6769388697947,191.18650766214625,130.62155975979186
1,All Population,1,Deaths,102,United States of America,3,Both,30,80-84 years,687,Injuries,3,Rate,2023,220.44225211645423,245.01337244562865,186.6514074627197
1,All Population,1,Deaths,102,United States of America,1,Male,31,85-89 years,687,Injuries,3,Rate,2023,501.34896718107166,575.5931989977454,406.50520059981505
1,All Population,1,Deaths,102,United States of America,2,Female,31,85-89 years,687,Injuries,3,Rate,2023,316.0631663958286,371.81577848174305,235.65343353679208
1,All Population,1,Deaths,102,United States of America,3,Both,31,85-89 years,687,Injuries,3,Rate,2023,389.3720350928676,447.28729125021323,314.15938209732803
1,All Population,1,Deaths,102,United States of America,1,Male,32,90-94 years,687,Injuries,3,Rate,2023,866.4035246820903,1010.1857459597131,689.6938545477793
1,All Population,1,Deaths,102,United States of America,2,Female,32,90-94 years,687,Injuries,3,Rate,2023,588.5633371066576,701.9774522907218,422.95861360744453
1,All Population,1,Deaths,102,United States of America,3,Both,32,90-94 years,687,Injuries,3,Rate,2023,683.1414869797146,796.6715936037681,517.5002022707482
1,All Population,1,Deaths,102,United States of America,1,Male,235,95+ years,687,Injuries,3,Rate,2023,1166.5189396941282,1404.757103831451,839.7133820337388
1,All Population,1,Deaths,102,United States of America,2,Female,235,95+ years,687,Injuries,3,Rate,2023,946.516886598311,1151.78466950087,671.6250907411719
1,All Population,1,Deaths,102,United States of America,3,Both,235,95+ years,687,Injuries,3,Rate,2023,1006.4253612596576,1201.6571748766396,727.0607210289096
1,All Population,5,Prevalence,102,United States of America,1,Male,1,<5 years,626,Musculoskeletal disorders,3,Rate,2023,0.0,0.0,0.0
1,All Population,5,Prevalence,102,United States of America,2,Female,1,<5 years,626,Musculoskeletal disorders,3,Rate,2023,0.0,0.0,0.0
1,All Population,5,Prevalence,102,United States of America,3,Both,1,<5 years,626,Musculoskeletal disorders,3,Rate,2023,0.0,0.0,0.0
1,All Population,5,Prevalence,102,United States of America,1,Male,6,5-9 years,626,Musculoskeletal disorders,3,Rate,2023,771.24961962404,949.3947527276199,597.30915573554
1,All Population,5,Prevalence,102,United States of America,2,Female,6,5-9 years,626,Musculoskeletal disorders,3,Rate,2023,942.4329971611601,1189.92738539075,723.13289155951
1,All Population,5,Prevalence,102,United States of America,3,Both,6,5-9 years,626,Musculoskeletal disorders,3,Rate,2023,854.8758344495901,1075.19966594221,658.64049844759
1,All Population,5,Prevalence,102,United States of America,1,Male,7,10-14 years,626,Musculoskeletal disorders,3,Rate,2023,6244.89836078183,6955.30366308478,5664.20295796541
1,All Population,5,Prevalence,102,United States of America,2,Female,7,10-14 years,626,Musculoskeletal disorders,3,Rate,2023,8120.200366194941,9040.71399646894,7308.8035856228
1,All Population,5,Prevalence,102,United States of America,3,Both,7,10-14 years,626,Musculoskeletal disorders,3,Rate,2023,7159.38777387513,7976.84789489897,6462.49499932155
1,All Population,5,Prevalence,102,United States of America,1,Male,8,15-19 years,626,Musculoskeletal disorders,3,Rate,2023,15200.50964614628,16718.106236879208,13722.54799746902
1,All Population,5,Prevalence,102,United States of America,2,Female,8,15-19 years,626,Musculoskeletal disorders,3,Rate,2023,19775.63689221555,21731.95569115842,17848.07973291814
1,All Population,5,Prevalence,102,United States of America,3,Both,8,15-19 years,626,Musculoskeletal disorders,3,Rate,2023,17432.79536732393,19162.68732837146,15742.967281411018
1,All Population,5,Prevalence,102,United States of America,1,Male,9,20-24 years,626,Musculoskeletal disorders,3,Rate,2023,19016.12705234921,20993.189133503638,17136.23026709829
1,All Population,5,Prevalence,102,United States of America,2,Female,9,20-24 years,626,Musculoskeletal disorders,3,Rate,2023,24310.71047462572,26773.83135844667,22166.24097548817
1,All Population,5,Prevalence,102,United States of America,3,Both,9,20-24 years,626,Musculoskeletal disorders,3,Rate,2023,21613.20897495368,23829.25036811169,19604.5860491591
1,All Population,5,Prevalence,102,United States of America,1,Male,10,25-29 years,626,Musculoskeletal disorders,3,Rate,2023,19654.82750025412,22106.840592374698,17455.1760938202
1,All Population,5,Prevalence,102,United States of America,2,Female,10,25-29 years,626,Musculoskeletal disorders,3,Rate,2023,24768.501230699792,27630.63318276359,22198.07537646915
1,All Population,5,Prevalence,102,United States of America,3,Both,10,25-29 years,626,Musculoskeletal disorders,3,Rate,2023,22168.98868705445,24806.87422871932,19790.87418441247
1,All Population,5,Prevalence,102,United States of America,1,Male,11,30-34 years,626,Musculoskeletal disorders,3,Rate,2023,22422.21590438337,25022.86242050587,19649.05677049123
1,All Population,5,Prevalence,102,United States of America,2,Female,11,30-34 years,626,Musculoskeletal disorders,3,Rate,2023,27248.73090662461,30192.340773665037,24151.86660522453
1,All Population,5,Prevalence,102,United States of America,3,Both,11,30-34 years,626,Musculoskeletal disorders,3,Rate,2023,24805.21412102189,27523.786083536826,21968.67187551053
1,All Population,5,Prevalence,102,United States of America,1,Male,12,35-39 years,626,Musculoskeletal disorders,3,Rate,2023,28745.26577464146,31485.63393715912,26080.517746120542
1,All Population,5,Prevalence,102,United States of America,2,Female,12,35-39 years,626,Musculoskeletal disorders,3,Rate,2023,33650.91208319556,36656.37178232805,30511.725121660238
1,All Population,5,Prevalence,102,United States of America,3,Both,12,35-39 years,626,Musculoskeletal disorders,3,Rate,2023,31166.20032382143,34004.53562515293,28300.17343509358
1,All Population,5,Prevalence,102,United States of America,1,Male,13,40-44 years,626,Musculoskeletal disorders,3,Rate,2023,34743.70895097252,37961.0644244078,31539.06906192497
1,All Population,5,Prevalence,102,United States of America,2,Female,13,40-44 years,626,Musculoskeletal disorders,3,Rate,2023,40454.80154388933,43844.81148526755,36928.65198089956
1,All Population,5,Prevalence,102,United States of America,3,Both,13,40-44 years,626,Musculoskeletal disorders,3,Rate,2023,37578.9516990848,40762.43537198803,34221.04708159963
1,All Population,5,Prevalence,102,United States of America,1,Male,14,45-49 years,626,Musculoskeletal disorders,3,Rate,2023,39715.31057271582,43757.97407497517,36677.46705747177
1,All Population,5,Prevalence,102,United States of America,2,Female,14,45-49 years,626,Musculoskeletal disorders,3,Rate,2023,47230.9122086704,51323.81066491307,43822.27439721884
1,All Population,5,Prevalence,102,United States of America,3,Both,14,45-49 years,626,Musculoskeletal disorders,3,Rate,2023,43469.4285216099,47729.81303409704,40235.94617293037
1,All Population,5,Prevalence,102,United States of America,1,Male,15,50-54 years,626,Musculoskeletal disorders,3,Rate,2023,45682.539261416874,49014.37635501228,42154.1948150689
1,All Population,5,Prevalence,102,United States of America,2,Female,15,50-54 years,626,Musculoskeletal disorders,3,Rate,2023,54634.22075670621,58197.73239610593,50758.30611851745
1,All Population,5,Prevalence,102,United States of America,3,Both,15,50-54 years,626,Musculoskeletal disorders,3,Rate,2023,50163.344080948154,53542.54462393453,46396.97305994505
1,All Population,5,Prevalence,102,United States of America,1,Male,16,55-59 years,626,Musculoskeletal disorders,3,Rate,2023,52015.53075908744,55555.3846995323,48182.63920376644
1,All Population,5,Prevalence,102,United States of America,2,Female,16,55-59 years,626,Musculoskeletal disorders,3,Rate,2023,61404.42791335261,64958.40168800582,57488.40788435774
1,All Population,5,Prevalence,102,United States of America,3,Both,16,55-59 years,626,Musculoskeletal disorders,3,Rate,2023,56758.71782678776,60226.8944237958,52919.73050633403
1,All Population,5,Prevalence,102,United States of America,1,Male,17,60-64 years,626,Musculoskeletal disorders,3,Rate,2023,57593.091180401265,61529.32547798316,54135.528164595926
1,All Population,5,Prevalence,102,United States of America,2,Female,17,60-64 years,626,Musculoskeletal disorders,3,Rate,2023,67121.96132757279,71219.90024922494,63279.03093463745
1,All Population,5,Prevalence,102,United States of America,3,Both,17,60-64 years,626,Musculoskeletal disorders,3,Rate,2023,62472.92121087967,66684.61541416934,58742.20732079688
1,All Population,5,Prevalence,102,United States of America,1,Male,18,65-69 years,626,Musculoskeletal disorders,3,Rate,2023,62049.81096393991,65708.58589580403,58536.07185418624
1,All Population,5,Prevalence,102,United States of America,2,Female,18,65-69 years,626,Musculoskeletal disorders,3,Rate,2023,71634.04740785349,75369.79336151913,67922.13948669781
1,All Population,5,Prevalence,102,United States of America,3,Both,18,65-69 years,626,Musculoskeletal disorders,3,Rate,2023,67060.45333406467,70550.4046851763,63441.81942399825
1,All Population,5,Prevalence,102,United States of America,1,Male,19,70-74 years,626,Musculoskeletal disorders,3,Rate,2023,65878.28485451435,69070.69617807004,62247.55939111339
1,All Population,5,Prevalence,102,United States of America,2,Female,19,70-74 years,626,Musculoskeletal disorders,3,Rate,2023,74971.16684502803,78583.45450653162,71041.22590980683
1,All Population,5,Prevalence,102,United States of America,3,Both,19,70-74 years,626,Musculoskeletal disorders,3,Rate,2023,70743.18994943482,74044.35502880737,66864.68966067788
1,All Population,5,Prevalence,102,United States of America,1,Male,20,75-79 years,626,Musculoskeletal disorders,3,Rate,2023,68038.5897839679,71718.81552309604,64702.048693516226
1,All Population,5,Prevalence,102,United States of America,2,Female,20,75-79 years,626,Musculoskeletal disorders,3,Rate,2023,75934.1308457802,79774.25910755336,72262.28053803976
1,All Population,5,Prevalence,102,United States of America,3,Both,20,75-79 years,626,Musculoskeletal disorders,3,Rate,2023,72351.66157373422,76111.0102448024,68711.51222356895
1,All Population,5,Prevalence,102,United States of America,1,Male,30,80-84 years,626,Musculoskeletal disorders,3,Rate,2023,67921.79203916434,72066.27538877055,63625.99589431938
1,All Population,5,Prevalence,102,United States of America,2,Female,30,80-84 years,626,Musculoskeletal disorders,3,Rate,2023,74196.82740014986,78396.8605124375,69998.64369303701
1,All Population,5,Prevalence,102,United States of America,3,Both,30,80-84 years,626,Musculoskeletal disorders,3,Rate,2023,71501.63225174275,75543.76373909769,67341.85356920131
1,All Population,5,Prevalence,102,United States of America,1,Male,31,85-89 years,626,Musculoskeletal disorders,3,Rate,2023,66410.97674901402,70669.42512494234,62257.04732887947
1,All Population,5,Prevalence,102,United States of America,2,Female,31,85-89 years,626,Musculoskeletal disorders,3,Rate,2023,70956.80252003172,75425.60697023314,66240.00817257666
1,All Population,5,Prevalence,102,United States of America,3,Both,31,85-89 years,626,Musculoskeletal disorders,3,Rate,2023,69158.23326564283,73505.44305261454,64631.87744424448
1,All Population,5,Prevalence,102,United States of America,1,Male,32,90-94 years,626,Musculoskeletal disorders,3,Rate,2023,63840.51416852468,67816.78701899851,60237.371931852904
1,All Population,5,Prevalence,102,United States of America,2,Female,32,90-94 years,626,Musculoskeletal disorders,3,Rate,2023,67287.47068338736,71199.53028927658,63411.309479946154
1,All Population,5,Prevalence,102,United States of America,3,Both,32,90-94 years,626,Musculoskeletal disorders,3,Rate,2023,66114.10993700479,69991.27531785933,62500.361830910435
1,All Population,5,Prevalence,102,United States of America,1,Male,235,95+ years,626,Musculoskeletal disorders,3,Rate,2023,62081.67887321341,66520.53989727463,57870.53227542561
1,All Population,5,Prevalence,102,United States of America,2,Female,235,95+ years,626,Musculoskeletal disorders,3,Rate,2023,64906.38178115723,69052.07702988331,60373.109731804805
1,All Population,5,Prevalence,102,United States of America,3,Both,235,95+ years,626,Musculoskeletal disorders,3,Rate,2023,64137.19058405196,68369.77913949112,59724.688763641854
1,All Population,5,Prevalence,102,United States of America,1,Male,1,<5 years,640,Other non-communicable diseases,3,Rate,2023,36786.4418609492,43609.21629667475,30156.634911287278
1,All Population,5,Prevalence,102,United States of America,2,Female,1,<5 years,640,Other non-communicable diseases,3,Rate,2023,46840.75698857367,52223.595731728936,41673.443109589156
1,All Population,5,Prevalence,102,United States of America,3,Both,1,<5 years,640,Other non-communicable diseases,3,Rate,2023,41702.665573479244,47810.04867673528,35819.520275231946
1,All Population,5,Prevalence,102,United States of America,1,Male,6,5-9 years,640,Other non-communicable diseases,3,Rate,2023,45413.3364557083,52761.820499577974,38362.661678062985
1,All Population,5,Prevalence,102,United States of America,2,Female,6,5-9 years,640,Other non-communicable diseases,3,Rate,2023,55384.03158680531,61308.958931943904,49499.3378551565
1,All Population,5,Prevalence,102,United States of America,3,Both,6,5-9 years,640,Other non-communicable diseases,3,Rate,2023,50284.203621607216,56730.89397352704,43883.10023433969
1,All Population,5,Prevalence,102,United States of America,1,Male,7,10-14 years,640,Other non-communicable diseases,3,Rate,2023,30446.89521819982,38918.973764079754,24781.90566759288
1,All Population,5,Prevalence,102,United States of America,2,Female,7,10-14 years,640,Other non-communicable diseases,3,Rate,2023,52382.19602831073,58854.59938795488,45991.00594652046
1,All Population,5,Prevalence,102,United States of America,3,Both,7,10-14 years,640,Other non-communicable diseases,3,Rate,2023,41143.625827968724,48837.49579209749,35667.22357650367
1,All Population,5,Prevalence,102,United States of America,1,Male,8,15-19 years,640,Other non-communicable diseases,3,Rate,2023,34277.89975133781,41666.33511709165,28192.8739749436
1,All Population,5,Prevalence,102,United States of America,2,Female,8,15-19 years,640,Other non-communicable diseases,3,Rate,2023,66832.86685559858,74146.31628922526,59507.746705125996
1,All Population,5,Prevalence,102,United States of America,3,Both,8,15-19 years,640,Other non-communicable diseases,3,Rate,2023,50162.04554918121,56980.322367055494,43989.040269639365
1,All Population,5,Prevalence,102,United States of America,1,Male,9,20-24 years,640,Other non-communicable diseases,3,Rate,2023,42810.623629122354,50037.337934923045,36479.03342713956
1,All Population,5,Prevalence,102,United States of America,2,Female,9,20-24 years,640,Other non-communicable diseases,3,Rate,2023,76398.28628337801,83171.22144303285,69614.30920708927
1,All Population,5,Prevalence,102,United States of America,3,Both,9,20-24 years,640,Other non-communicable diseases,3,Rate,2023,59285.93519658063,65092.15947977757,53759.98929304041
1,All Population,5,Prevalence,102,United States of America,1,Male,10,25-29 years,640,Other non-communicable diseases,3,Rate,2023,45256.154708535614,55313.38767395901,38703.25572501374
1,All Population,5,Prevalence,102,United States of America,2,Female,10,25-29 years,640,Other non-communicable diseases,3,Rate,2023,80232.65726842095,85576.37335599663,74844.15268811178
1,All Population,5,Prevalence,102,United States of America,3,Both,10,25-29 years,640,Other non-communicable diseases,3,Rate,2023,62452.51290842049,69859.33815572731,57435.58462712902
1,All Population,5,Prevalence,102,United States of America,1,Male,11,30-34 years,640,Other non-communicable diseases,3,Rate,2023,45658.9017799468,54593.73672176524,39037.37609478474
1,All Population,5,Prevalence,102,United States of America,2,Female,11,30-34 years,640,Other non-communicable diseases,3,Rate,2023,82982.99939790172,88265.20834604248,77946.59579402301
1,All Population,5,Prevalence,102,United States of America,3,Both,11,30-34 years,640,Other non-communicable diseases,3,Rate,2023,64086.95142237561,70133.64033123075,59308.255966873345
1,All Population,5,Prevalence,102,United States of America,1,Male,12,35-39 years,640,Other non-communicable diseases,3,Rate,2023,48680.67308142872,57097.440228894004,42189.02086739091
1,All Population,5,Prevalence,102,United States of America,2,Female,12,35-39 years,640,Other non-communicable diseases,3,Rate,2023,87230.14465694141,91705.03494436594,82582.05324337175
1,All Population,5,Prevalence,102,United States of America,3,Both,12,35-39 years,640,Other non-communicable diseases,3,Rate,2023,67704.82234124298,73407.51360148314,62721.43749453864
1,All Population,5,Prevalence,102,United States of America,1,Male,13,40-44 years,640,Other non-communicable diseases,3,Rate,2023,51971.475781488116,59410.86251855432,45654.020536254095
1,All Population,5,Prevalence,102,United States of America,2,Female,13,40-44 years,640,Other non-communicable diseases,3,Rate,2023,89343.47289295538,93632.1323307533,84203.16157985623
1,All Population,5,Prevalence,102,United States of America,3,Both,13,40-44 years,640,Other non-communicable diseases,3,Rate,2023,70524.61286845735,75835.77884512398,65858.4336021362
1,All Population,5,Prevalence,102,United States of America,1,Male,14,45-49 years,640,Other non-communicable diseases,3,Rate,2023,54786.222401997584,61721.58643489756,49279.67350781917
1,All Population,5,Prevalence,102,United States of America,2,Female,14,45-49 years,640,Other non-communicable diseases,3,Rate,2023,86902.89860299775,91410.15485197032,82744.18225831116
1,All Population,5,Prevalence,102,United States of America,3,Both,14,45-49 years,640,Other non-communicable diseases,3,Rate,2023,70828.82237272913,75552.11793544763,66783.12391436707
1,All Population,5,Prevalence,102,United States of America,1,Male,15,50-54 years,640,Other non-communicable diseases,3,Rate,2023,58266.961523381324,64267.980102280984,52326.33308640353
1,All Population,5,Prevalence,102,United States of America,2,Female,15,50-54 years,640,Other non-communicable diseases,3,Rate,2023,79837.3938144118,83544.75128321757,75656.07317376524
1,All Population,5,Prevalence,102,United States of America,3,Both,15,50-54 years,640,Other non-communicable diseases,3,Rate,2023,69064.13935191382,73919.79435554943,64493.2939378885
1,All Population,5,Prevalence,102,United States of America,1,Male,16,55-59 years,640,Other non-communicable diseases,3,Rate,2023,61360.645017977986,67694.7968045285,56161.964901962434
1,All Population,5,Prevalence,102,United States of America,2,Female,16,55-59 years,640,Other non-communicable diseases,3,Rate,2023,76086.08136858574,80236.2027887191,72356.11814170757
1,All Population,5,Prevalence,102,United States of America,3,Both,16,55-59 years,640,Other non-communicable diseases,3,Rate,2023,68799.80407114951,73885.96870198817,64348.7128751943
1,All Population,5,Prevalence,102,United States of America,1,Male,17,60-64 years,640,Other non-communicable diseases,3,Rate,2023,64302.92811360515,68946.89393162513,59765.72416099567
1,All Population,5,Prevalence,102,United States of America,2,Female,17,60-64 years,640,Other non-communicable diseases,3,Rate,2023,76889.95450036941,80486.53437812683,73715.01405458055
1,All Population,5,Prevalence,102,United States of America,3,Both,17,60-64 years,640,Other non-communicable diseases,3,Rate,2023,70748.87064487036,74878.29567380539,67056.6998649945
1,All Population,5,Prevalence,102,United States of America,1,Male,18,65-69 years,640,Other non-communicable diseases,3,Rate,2023,67838.62293536756,71949.03441927754,63769.33515748079
1,All Population,5,Prevalence,102,United States of America,2,Female,18,65-69 years,640,Other non-communicable diseases,3,Rate,2023,78542.37610981488,82249.88795186867,75907.39666445993
1,All Population,5,Prevalence,102,United States of America,3,Both,18,65-69 years,640,Other non-communicable diseases,3,Rate,2023,73434.54906773075,77454.57455153012,70135.6930272897
1,All Population,5,Prevalence,102,United States of America,1,Male,19,70-74 years,640,Other non-communicable diseases,3,Rate,2023,70905.23097728292,75903.29395466318,66440.64491941077
1,All Population,5,Prevalence,102,United States of America,2,Female,19,70-74 years,640,Other non-communicable diseases,3,Rate,2023,80413.64157332206,84305.08326977264,77441.64215132341
1,All Population,5,Prevalence,102,United States of America,3,Both,19,70-74 years,640,Other non-communicable diseases,3,Rate,2023,75992.45362039276,80283.65405966862,72360.89022541452
1,All Population,5,Prevalence,102,United States of America,1,Male,20,75-79 years,640,Other non-communicable diseases,3,Rate,2023,72237.8557944234,75521.10011535579,68567.87961460595
1,All Population,5,Prevalence,102,United States of America,2,Female,20,75-79 years,640,Other non-communicable diseases,3,Rate,2023,80656.64710762563,83321.5934233815,77619.59373198113
1,All Population,5,Prevalence,102,United States of America,3,Both,20,75-79 years,640,Other non-communicable diseases,3,Rate,2023,76836.76181398978,79811.37171730849,73392.8091030884
1,All Population,5,Prevalence,102,United States of America,1,Male,30,80-84 years,640,Other non-communicable diseases,3,Rate,2023,73107.58413664368,76487.55167699106,69451.37148085685
1,All Population,5,Prevalence,102,United States of America,2,Female,30,80-84 years,640,Other non-communicable diseases,3,Rate,2023,80279.89527365672,83157.4564744527,77042.73923475701
1,All Population,5,Prevalence,102,United States of America,3,Both,30,80-84 years,640,Other non-communicable diseases,3,Rate,2023,77199.31053312574,80177.66748532638,74071.038443832
1,All Population,5,Prevalence,102,United States of America,1,Male,31,85-89 years,640,Other non-communicable diseases,3,Rate,2023,72937.58535328566,76668.43284229978,68899.1706578942
1,All Population,5,Prevalence,102,United States of America,2,Female,31,85-89 years,640,Other non-communicable diseases,3,Rate,2023,79469.60993740034,82383.1778957549,75976.19341815823
1,All Population,5,Prevalence,102,United States of America,3,Both,31,85-89 years,640,Other non-communicable diseases,3,Rate,2023,76885.19531667228,80378.90787865763,73316.38698958783
1,All Population,5,Prevalence,102,United States of America,1,Male,32,90-94 years,640,Other non-communicable diseases,3,Rate,2023,72611.71019230434,76500.29735167725,68410.53911518371
1,All Population,5,Prevalence,102,United States of America,2,Female,32,90-94 years,640,Other non-communicable diseases,3,Rate,2023,78532.41992521315,81570.09382232862,74888.31630660928
1,All Population,5,Prevalence,102,United States of America,3,Both,32,90-94 years,640,Other non-communicable diseases,3,Rate,2023,76516.98156346829,79617.3603704826,72807.80612468236
1,All Population,5,Prevalence,102,United States of America,1,Male,235,95+ years,640,Other non-communicable diseases,3,Rate,2023,72252.55456230156,76513.08225349218,67072.31859155181
1,All Population,5,Prevalence,102,United States of America,2,Female,235,95+ years,640,Other non-communicable diseases,3,Rate,2023,77761.50608399665,81206.85637072269,73616.1224224889
1,All Population,5,Prevalence,102,United States of America,3,Both,235,95+ years,640,Other non-communicable diseases,3,Rate,2023,76261.3706170593,79873.72852800321,71909.61638816968
1,All Population,5,Prevalence,102,United States of America,1,Male,1,<5 years,526,Digestive diseases,3,Rate,2023,374.50407197662,426.12516924449,323.73088863795
1,All Population,5,Prevalence,102,United States of America,2,Female,1,<5 years,526,Digestive diseases,3,Rate,2023,370.67324584431,448.99280330786,299.60508123169
1,All Population,5,Prevalence,102,United States of America,3,Both,1,<5 years,526,Digestive diseases,3,Rate,2023,372.63092616497,434.40186114779004,313.81378915612
1,All Population,5,Prevalence,102,United States of America,1,Male,6,5-9 years,526,Digestive diseases,3,Rate,2023,772.967698454,914.0629903871101,647.09375858058
1,All Population,5,Prevalence,102,United States of America,2,Female,6,5-9 years,526,Digestive diseases,3,Rate,2023,1089.47528459271,1317.77361608728,871.5433154917299
1,All Population,5,Prevalence,102,United States of America,3,Both,6,5-9 years,526,Digestive diseases,3,Rate,2023,927.5874505185,1110.59760380795,761.70416594586
1,All Population,5,Prevalence,102,United States of America,1,Male,7,10-14 years,526,Digestive diseases,3,Rate,2023,1471.6173486786,1726.8301441246,1215.0067847343998
1,All Population,5,Prevalence,102,United States of America,2,Female,7,10-14 years,526,Digestive diseases,3,Rate,2023,1942.30052139226,2379.9424298487697,1596.5718538741
1,All Population,5,Prevalence,102,United States of America,3,Both,7,10-14 years,526,Digestive diseases,3,Rate,2023,1701.14559379611,2053.00309384306,1398.70473909644
1,All Population,5,Prevalence,102,United States of America,1,Male,8,15-19 years,526,Digestive diseases,3,Rate,2023,8281.57680997188,9589.79047711237,7129.39362752422
1,All Population,5,Prevalence,102,United States of America,2,Female,8,15-19 years,526,Digestive diseases,3,Rate,2023,7874.33894944162,9130.81750977801,6826.24161881529
1,All Population,5,Prevalence,102,United States of America,3,Both,8,15-19 years,526,Digestive diseases,3,Rate,2023,8082.87823563918,9290.41298316813,7049.54578600859
1,All Population,5,Prevalence,102,United States of America,1,Male,9,20-24 years,526,Digestive diseases,3,Rate,2023,15177.45491361818,17632.8999276052,12952.67932881137
1,All Population,5,Prevalence,102,United States of America,2,Female,9,20-24 years,526,Digestive diseases,3,Rate,2023,14485.078945741408,17039.07902178221,12335.98472572089
1,All Population,5,Prevalence,102,United States of America,3,Both,9,20-24 years,526,Digestive diseases,3,Rate,2023,14837.832894961719,17240.32436446245,12812.85437524477
1,All Population,5,Prevalence,102,United States of America,1,Male,10,25-29 years,526,Digestive diseases,3,Rate,2023,21863.67372245604,25258.00427874058,18863.24239296631
1,All Population,5,Prevalence,102,United States of America,2,Female,10,25-29 years,526,Digestive diseases,3,Rate,2023,21329.94743232656,25325.45995465714,18103.71439221181
1,All Population,5,Prevalence,102,United States of America,3,Both,10,25-29 years,526,Digestive diseases,3,Rate,2023,21601.26473945245,25135.396507130758,18391.12788965458
1,All Population,5,Prevalence,102,United States of America,1,Male,11,30-34 years,526,Digestive diseases,3,Rate,2023,27380.47742670801,32172.956855718123,23866.99360434845
1,All Population,5,Prevalence,102,United States of America,2,Female,11,30-34 years,526,Digestive diseases,3,Rate,2023,26706.14500523278,31348.984134948958,22706.00872890478
1,All Population,5,Prevalence,102,United States of America,3,Both,11,30-34 years,526,Digestive diseases,3,Rate,2023,27047.538866059018,31690.34970525647,23380.28169302929
1,All Population,5,Prevalence,102,United States of America,1,Male,12,35-39 years,526,Digestive diseases,3,Rate,2023,31185.90321023194,35960.80529972624,27294.01752023221
1,All Population,5,Prevalence,102,United States of America,2,Female,12,35-39 years,526,Digestive diseases,3,Rate,2023,30062.16930131173,35195.40473529935,25793.634385531223
1,All Population,5,Prevalence,102,United States of America,3,Both,12,35-39 years,526,Digestive diseases,3,Rate,2023,30631.34096234905,35489.93751945856,26533.440674259302
1,All Population,5,Prevalence,102,United States of America,1,Male,13,40-44 years,526,Digestive diseases,3,Rate,2023,34078.36493652926,39254.02828758564,29924.463713545218
1,All Population,5,Prevalence,102,United States of America,2,Female,13,40-44 years,526,Digestive diseases,3,Rate,2023,32441.58004485081,38173.30115361081,27866.20145565757
1,All Population,5,Prevalence,102,United States of America,3,Both,13,40-44 years,526,Digestive diseases,3,Rate,2023,33265.79143700197,38670.49067887412,29256.88025698175
1,All Population,5,Prevalence,102,United States of America,1,Male,14,45-49 years,526,Digestive diseases,3,Rate,2023,36470.57232387478,41700.90239184966,32235.94418980195
1,All Population,5,Prevalence,102,United States of America,2,Female,14,45-49 years,526,Digestive diseases,3,Rate,2023,34570.38434834071,39966.74996146766,29958.999722703276
1,All Population,5,Prevalence,102,United States of America,3,Both,14,45-49 years,526,Digestive diseases,3,Rate,2023,35521.40948492139,40453.08882112985,31308.099217839892
1,All Population,5,Prevalence,102,United States of America,1,Male,15,50-54 years,526,Digestive diseases,3,Rate,2023,39066.94548074231,44020.77543206091,34826.92020235693
1,All Population,5,Prevalence,102,United States of America,2,Female,15,50-54 years,526,Digestive diseases,3,Rate,2023,37203.3653703726,43250.73806668276,32100.998350352078
1,All Population,5,Prevalence,102,United States of America,3,Both,15,50-54 years,526,Digestive diseases,3,Rate,2023,38134.1219945044,43716.64070330552,33159.50130567038
1,All Population,5,Prevalence,102,United States of America,1,Male,16,55-59 years,526,Digestive diseases,3,Rate,2023,42428.57180419213,47015.86035528756,37902.98012104793
1,All Population,5,Prevalence,102,United States of America,2,Female,16,55-59 years,526,Digestive diseases,3,Rate,2023,40697.201786503065,46014.03109201488,35975.91701429813
1,All Population,5,Prevalence,102,United States of America,3,Both,16,55-59 years,526,Digestive diseases,3,Rate,2023,41553.89911981019,46440.93105502853,37201.41448822745
1,All Population,5,Prevalence,102,United States of America,1,Male,17,60-64 years,526,Digestive diseases,3,Rate,2023,44977.71993156942,49996.47748215706,40418.75764596059
1,All Population,5,Prevalence,102,United States of America,2,Female,17,60-64 years,526,Digestive diseases,3,Rate,2023,43552.51094431235,49866.786647967485,38840.97269005699
1,All Population,5,Prevalence,102,United States of America,3,Both,17,60-64 years,526,Digestive diseases,3,Rate,2023,44247.85610634045,49799.0051772287,40136.5151283233
1,All Population,5,Prevalence,102,United States of America,1,Male,18,65-69 years,526,Digestive diseases,3,Rate,2023,48290.55864623285,52981.85716777508,43714.95672892631
1,All Population,5,Prevalence,102,United States of America,2,Female,18,65-69 years,526,Digestive diseases,3,Rate,2023,46652.3982322758,52004.182930087794,41914.62768921467
1,All Population,5,Prevalence,102,United States of America,3,Both,18,65-69 years,526,Digestive diseases,3,Rate,2023,47434.12777380306,52250.98940678223,42986.70409333215
1,All Population,5,Prevalence,102,United States of America,1,Male,19,70-74 years,526,Digestive diseases,3,Rate,2023,50874.09446164134,55506.48965247236,46667.79274747426
1,All Population,5,Prevalence,102,United States of America,2,Female,19,70-74 years,526,Digestive diseases,3,Rate,2023,48843.373801333364,53835.36916295751,44422.256979365
1,All Population,5,Prevalence,102,United States of America,3,Both,19,70-74 years,526,Digestive diseases,3,Rate,2023,49787.61128754986,54337.77569199504,45435.01293629156
1,All Population,5,Prevalence,102,United States of America,1,Male,20,75-79 years,526,Digestive diseases,3,Rate,2023,52943.19895957804,57690.58732116961,48668.73823667504
1,All Population,5,Prevalence,102,United States of America,2,Female,20,75-79 years,526,Digestive diseases,3,Rate,2023,50449.72604553302,55136.938955282945,45400.87897596701
1,All Population,5,Prevalence,102,United States of America,3,Both,20,75-79 years,526,Digestive diseases,3,Rate,2023,51581.09754057216,56131.059191847286,47056.77044547274
1,All Population,5,Prevalence,102,United States of America,1,Male,30,80-84 years,526,Digestive diseases,3,Rate,2023,54108.924457083,58332.19840750359,50083.23185314337
1,All Population,5,Prevalence,102,United States of America,2,Female,30,80-84 years,526,Digestive diseases,3,Rate,2023,51196.45657197635,55797.22445531005,46948.74563083288
1,All Population,5,Prevalence,102,United States of America,3,Both,30,80-84 years,526,Digestive diseases,3,Rate,2023,52447.39283962441,56923.05072516618,48192.11893781897
1,All Population,5,Prevalence,102,United States of America,1,Male,31,85-89 years,526,Digestive diseases,3,Rate,2023,53816.18892796396,57947.62318752104,50247.361460652406
1,All Population,5,Prevalence,102,United States of America,2,Female,31,85-89 years,526,Digestive diseases,3,Rate,2023,50675.14313876379,54828.621957584255,46234.87725724168
1,All Population,5,Prevalence,102,United States of America,3,Both,31,85-89 years,526,Digestive diseases,3,Rate,2023,51917.907086977786,56035.0681394268,48008.2396333281
1,All Population,5,Prevalence,102,United States of America,1,Male,32,90-94 years,526,Digestive diseases,3,Rate,2023,53931.54850115759,57940.87803293033,50076.59238309895
1,All Population,5,Prevalence,102,United States of America,2,Female,32,90-94 years,526,Digestive diseases,3,Rate,2023,51072.56631601812,55121.30363063643,45966.15923871465
1,All Population,5,Prevalence,102,United States of America,3,Both,32,90-94 years,526,Digestive diseases,3,Rate,2023,52045.77774360217,55914.364136568605,47485.53323812192
1,All Population,5,Prevalence,102,United States of America,1,Male,235,95+ years,526,Digestive diseases,3,Rate,2023,55507.47506610036,59514.794675286845,51477.44686919742
1,All Population,5,Prevalence,102,United States of America,2,Female,235,95+ years,526,Digestive diseases,3,Rate,2023,53033.519945011474,57893.12886016278,48475.79300449352
1,All Population,5,Prevalence,102,United States of America,3,Both,235,95+ years,526,Digestive diseases,3,Rate,2023,53707.1994657226,58204.84967024064,49682.04835166053
1,All Population,5,Prevalence,102,United States of America,1,Male,1,<5 years,542,Neurological disorders,3,Rate,2023,207.49268751695,297.05342153858,127.59014894676
1,All Population,5,Prevalence,102,United States of America,2,Female,1,<5 years,542,Neurological disorders,3,Rate,2023,201.61798409742,288.08409645596004,121.57366786713
1,All Population,5,Prevalence,102,United States of America,3,Both,1,<5 years,542,Neurological disorders,3,Rate,2023,204.62015409338,292.14390657261,124.64829099082999
1,All Population,5,Prevalence,102,United States of America,1,Male,6,5-9 years,542,Neurological disorders,3,Rate,2023,10356.57767083165,14507.796953809171,7032.63593549111
1,All Population,5,Prevalence,102,United States of America,2,Female,6,5-9 years,542,Neurological disorders,3,Rate,2023,13128.689869270698,17727.14387592923,9437.554370960199
1,All Population,5,Prevalence,102,United States of America,3,Both,6,5-9 years,542,Neurological disorders,3,Rate,2023,11710.80524574287,15924.061728320548,8203.98480432497
1,All Population,5,Prevalence,102,United States of America,1,Male,7,10-14 years,542,Neurological disorders,3,Rate,2023,36712.83836253209,46502.38400383488,28625.83060547504
1,All Population,5,Prevalence,102,United States of America,2,Female,7,10-14 years,542,Neurological disorders,3,Rate,2023,45667.99576492804,55136.38981631146,37171.96757078252
1,All Population,5,Prevalence,102,United States of America,3,Both,7,10-14 years,542,Neurological disorders,3,Rate,2023,41079.81318228719,50582.34780789616,33299.527260669696
1,All Population,5,Prevalence,102,United States of America,1,Male,8,15-19 years,542,Neurological disorders,3,Rate,2023,46224.852935679264,59559.15246707297,35325.44510113055
1,All Population,5,Prevalence,102,United States of America,2,Female,8,15-19 years,542,Neurological disorders,3,Rate,2023,58341.34147609841,69662.50730468916,48346.71818374185
1,All Population,5,Prevalence,102,United States of America,3,Both,8,15-19 years,542,Neurological disorders,3,Rate,2023,52136.7025750152,64455.394611025054,41738.65177065158
1,All Population,5,Prevalence,102,United States of America,1,Male,9,20-24 years,542,Neurological disorders,3,Rate,2023,47642.027730910304,59339.218880108114,37285.790565766016
1,All Population,5,Prevalence,102,United States of America,2,Female,9,20-24 years,542,Neurological disorders,3,Rate,2023,61208.51555961898,70957.23417788022,50912.457680631895
1,All Population,5,Prevalence,102,United States of America,3,Both,9,20-24 years,542,Neurological disorders,3,Rate,2023,54296.6174281718,64666.90345241883,44309.73675026703
1,All Population,5,Prevalence,102,United States of America,1,Male,10,25-29 years,542,Neurological disorders,3,Rate,2023,52498.66765728995,65187.99699839366,42916.87938390064
1,All Population,5,Prevalence,102,United States of America,2,Female,10,25-29 years,542,Neurological disorders,3,Rate,2023,65655.72965218955,75823.18115608851,56762.20758446735
1,All Population,5,Prevalence,102,United States of America,3,Both,10,25-29 years,542,Neurological disorders,3,Rate,2023,58967.39764351435,70153.89680444181,49645.81260332421
1,All Population,5,Prevalence,102,United States of America,1,Male,11,30-34 years,542,Neurological disorders,3,Rate,2023,55848.113734488725,70043.35850010421,43515.042260877315
1,All Population,5,Prevalence,102,United States of America,2,Female,11,30-34 years,542,Neurological disorders,3,Rate,2023,68030.37768216137,79141.50757806389,58929.77015408087
1,All Population,5,Prevalence,102,United States of America,3,Both,11,30-34 years,542,Neurological disorders,3,Rate,2023,61862.87039606411,74466.01879758194,51476.96337426325
1,All Population,5,Prevalence,102,United States of America,1,Male,12,35-39 years,542,Neurological disorders,3,Rate,2023,56156.84282201766,70236.4460467867,44755.82445113042
1,All Population,5,Prevalence,102,United States of America,2,Female,12,35-39 years,542,Neurological disorders,3,Rate,2023,68181.32240115452,79223.11088677762,58814.89748407395
1,All Population,5,Prevalence,102,United States of America,3,Both,12,35-39 years,542,Neurological disorders,3,Rate,2023,62090.91882710609,74002.29353439811,51953.56679498861
1,All Population,5,Prevalence,102,United States of America,1,Male,13,40-44 years,542,Neurological disorders,3,Rate,2023,53025.72444978728,65451.20221730611,42403.5701236937
1,All Population,5,Prevalence,102,United States of America,2,Female,13,40-44 years,542,Neurological disorders,3,Rate,2023,65758.78679703882,75172.16751275382,55952.877024900816
1,All Population,5,Prevalence,102,United States of America,3,Both,13,40-44 years,542,Neurological disorders,3,Rate,2023,59346.98821743851,69929.35102790601,49517.04167878603
1,All Population,5,Prevalence,102,United States of America,1,Male,14,45-49 years,542,Neurological disorders,3,Rate,2023,50918.51583079506,63091.59686322492,38793.147313903006
1,All Population,5,Prevalence,102,United States of America,2,Female,14,45-49 years,542,Neurological disorders,3,Rate,2023,63062.973227903174,74191.8902908882,51862.659312835
1,All Population,5,Prevalence,102,United States of America,3,Both,14,45-49 years,542,Neurological disorders,3,Rate,2023,56984.79338280804,68462.33792966788,45516.281671724326
1,All Population,5,Prevalence,102,United States of America,1,Male,15,50-54 years,542,Neurological disorders,3,Rate,2023,49942.22455151855,61786.8943204814,38569.001912320586
1,All Population,5,Prevalence,102,United States of America,2,Female,15,50-54 years,542,Neurological disorders,3,Rate,2023,60888.381981938175,70657.5415818191,50217.234565655046
1,All Population,5,Prevalence,102,United States of America,3,Both,15,50-54 years,542,Neurological disorders,3,Rate,2023,55421.373356732685,65748.23852549681,44314.765766303724
1,All Population,5,Prevalence,102,United States of America,1,Male,16,55-59 years,542,Neurological disorders,3,Rate,2023,48846.433637040696,63439.90062725972,37712.04269602651
1,All Population,5,Prevalence,102,United States of America,2,Female,16,55-59 years,542,Neurological disorders,3,Rate,2023,58241.115451378144,70828.8229250336,47972.36955490325
1,All Population,5,Prevalence,102,United States of America,3,Both,16,55-59 years,542,Neurological disorders,3,Rate,2023,53592.54306339464,67270.19279901277,43290.79591428072
1,All Population,5,Prevalence,102,United States of America,1,Male,17,60-64 years,542,Neurological disorders,3,Rate,2023,44808.20316084024,57577.75176082442,35256.08068258102
1,All Population,5,Prevalence,102,United States of America,2,Female,17,60-64 years,542,Neurological disorders,3,Rate,2023,52845.072539345994,64628.747886940466,44102.7071088156
1,All Population,5,Prevalence,102,United States of America,3,Both,17,60-64 years,542,Neurological disorders,3,Rate,2023,48923.96462453337,60878.91617966908,39696.9380503342
1,All Population,5,Prevalence,102,United States of America,1,Male,18,65-69 years,542,Neurological disorders,3,Rate,2023,40900.197879285784,52626.956221071276,31905.50724925404
1,All Population,5,Prevalence,102,United States of America,2,Female,18,65-69 years,542,Neurological disorders,3,Rate,2023,48728.59470639281,58548.95020827711,39280.79064889464
1,All Population,5,Prevalence,102,United States of America,3,Both,18,65-69 years,542,Neurological disorders,3,Rate,2023,44992.886646053645,56005.13004876185,35948.62475972597
1,All Population,5,Prevalence,102,United States of America,1,Male,19,70-74 years,542,Neurological disorders,3,Rate,2023,38214.772476489874,49347.2371753941,29949.58057437126
1,All Population,5,Prevalence,102,United States of America,2,Female,19,70-74 years,542,Neurological disorders,3,Rate,2023,45721.284685262595,55997.462301842905,36306.76843132425
1,All Population,5,Prevalence,102,United States of America,3,Both,19,70-74 years,542,Neurological disorders,3,Rate,2023,42230.93253747385,52788.219091383624,33258.73795054276
1,All Population,5,Prevalence,102,United States of America,1,Male,20,75-79 years,542,Neurological disorders,3,Rate,2023,39800.062199249405,49628.74855676818,32999.78292034863
1,All Population,5,Prevalence,102,United States of America,2,Female,20,75-79 years,542,Neurological disorders,3,Rate,2023,46142.852163669726,57066.9519607206,38472.981200289905
1,All Population,5,Prevalence,102,United States of America,3,Both,20,75-79 years,542,Neurological disorders,3,Rate,2023,43264.91764737934,53466.948597014765,36361.13451999456
1,All Population,5,Prevalence,102,United States of America,1,Male,30,80-84 years,542,Neurological disorders,3,Rate,2023,40675.70476293942,49751.07200363135,33431.06992793332
1,All Population,5,Prevalence,102,United States of America,2,Female,30,80-84 years,542,Neurological disorders,3,Rate,2023,46593.46306195294,55472.78125070905,39567.07442614339
1,All Population,5,Prevalence,102,United States of America,3,Both,30,80-84 years,542,Neurological disorders,3,Rate,2023,44051.72225263222,52876.05538759189,37064.40957783031
1,All Population,5,Prevalence,102,United States of America,1,Male,31,85-89 years,542,Neurological disorders,3,Rate,2023,45552.80740418083,52536.21941398007,37880.93243659276
1,All Population,5,Prevalence,102,United States of America,2,Female,31,85-89 years,542,Neurological disorders,3,Rate,2023,50933.680534129555,58676.69042610879,43067.076401771745
1,All Population,5,Prevalence,102,United States of America,3,Both,31,85-89 years,542,Neurological disorders,3,Rate,2023,48804.7223512192,55984.169959965526,41104.1212019189
1,All Population,5,Prevalence,102,United States of America,1,Male,32,90-94 years,542,Neurological disorders,3,Rate,2023,51567.639716945305,59955.6750465164,44303.01455356323
1,All Population,5,Prevalence,102,United States of America,2,Female,32,90-94 years,542,Neurological disorders,3,Rate,2023,55440.39306653893,64580.552232645496,47349.882034488626
1,All Population,5,Prevalence,102,United States of America,3,Both,32,90-94 years,542,Neurological disorders,3,Rate,2023,54122.089008671894,62912.83200705373,46336.56249473445
1,All Population,5,Prevalence,102,United States of America,1,Male,235,95+ years,542,Neurological disorders,3,Rate,2023,60364.50058656799,69404.91479262078,52268.84616473066
1,All Population,5,Prevalence,102,United States of America,2,Female,235,95+ years,542,Neurological disorders,3,Rate,2023,62051.431382722636,71733.53831328762,53001.48397159291
1,All Population,5,Prevalence,102,United States of America,3,Both,235,95+ years,542,Neurological disorders,3,Rate,2023,61592.06543847455,71296.44338455243,53342.35906482843
1,All Population,5,Prevalence,102,United States of America,1,Male,1,<5 years,653,Skin and subcutaneous diseases,3,Rate,2023,11370.42929779759,12263.39419390231,10589.08832746552
1,All Population,5,Prevalence,102,United States of America,2,Female,1,<5 years,653,Skin and subcutaneous diseases,3,Rate,2023,10665.85109619074,11471.79850264246,9952.560055491389
1,All Population,5,Prevalence,102,United States of America,3,Both,1,<5 years,653,Skin and subcutaneous diseases,3,Rate,2023,11025.914130120549,11874.50119155291,10287.75477043834
1,All Population,5,Prevalence,102,United States of America,1,Male,6,5-9 years,653,Skin and subcutaneous diseases,3,Rate,2023,10822.86050631565,12686.46346423479,9384.85073108237
1,All Population,5,Prevalence,102,United States of America,2,Female,6,5-9 years,653,Skin and subcutaneous diseases,3,Rate,2023,11017.79753005148,12847.42234920205,9663.61008500862
1,All Population,5,Prevalence,102,United States of America,3,Both,6,5-9 years,653,Skin and subcutaneous diseases,3,Rate,2023,10918.09081231223,12769.731481334731,9539.25486197569
1,All Population,5,Prevalence,102,United States of America,1,Male,7,10-14 years,653,Skin and subcutaneous diseases,3,Rate,2023,11899.18544639255,13816.342500611001,10538.33879838388
1,All Population,5,Prevalence,102,United States of America,2,Female,7,10-14 years,653,Skin and subcutaneous diseases,3,Rate,2023,14253.135663479019,16164.13559035263,12914.030991595022
1,All Population,5,Prevalence,102,United States of America,3,Both,7,10-14 years,653,Skin and subcutaneous diseases,3,Rate,2023,13047.0872490145,14967.364697808089,11713.82640738155
1,All Population,5,Prevalence,102,United States of America,1,Male,8,15-19 years,653,Skin and subcutaneous diseases,3,Rate,2023,12808.73978996799,14202.67995138087,11714.01451550913
1,All Population,5,Prevalence,102,United States of America,2,Female,8,15-19 years,653,Skin and subcutaneous diseases,3,Rate,2023,16227.42866830556,17544.81186191826,15032.607326720421
1,All Population,5,Prevalence,102,United States of America,3,Both,8,15-19 years,653,Skin and subcutaneous diseases,3,Rate,2023,14476.778722615922,15834.283897267378,13316.79158400278
1,All Population,5,Prevalence,102,United States of America,1,Male,9,20-24 years,653,Skin and subcutaneous diseases,3,Rate,2023,7531.59037299257,8384.10363766154,6844.7423699498495
1,All Population,5,Prevalence,102,United States of America,2,Female,9,20-24 years,653,Skin and subcutaneous diseases,3,Rate,2023,12545.960967971789,13660.31772027603,11681.74346102201
1,All Population,5,Prevalence,102,United States of America,3,Both,9,20-24 years,653,Skin and subcutaneous diseases,3,Rate,2023,9991.22320655375,10961.644688623,9249.93064477797
1,All Population,5,Prevalence,102,United States of America,1,Male,10,25-29 years,653,Skin and subcutaneous diseases,3,Rate,2023,6864.05273610702,7704.14365817709,6226.97208377798
1,All Population,5,Prevalence,102,United States of America,2,Female,10,25-29 years,653,Skin and subcutaneous diseases,3,Rate,2023,11528.9080439419,12649.467597644021,10612.59446451612
1,All Population,5,Prevalence,102,United States of America,3,Both,10,25-29 years,653,Skin and subcutaneous diseases,3,Rate,2023,9157.55028311922,10102.340315973039,8411.30893794369
1,All Population,5,Prevalence,102,United States of America,1,Male,11,30-34 years,653,Skin and subcutaneous diseases,3,Rate,2023,7015.443936645351,8010.94101699314,6390.1834190426
1,All Population,5,Prevalence,102,United States of America,2,Female,11,30-34 years,653,Skin and subcutaneous diseases,3,Rate,2023,11669.34251393848,12836.5891193855,10806.264771590771
1,All Population,5,Prevalence,102,United States of America,3,Both,11,30-34 years,653,Skin and subcutaneous diseases,3,Rate,2023,9313.21613976837,10407.7377504923,8571.29731841075
1,All Population,5,Prevalence,102,United States of America,1,Male,12,35-39 years,653,Skin and subcutaneous diseases,3,Rate,2023,7222.547104453291,8114.74130739539,6557.96192744173
1,All Population,5,Prevalence,102,United States of America,2,Female,12,35-39 years,653,Skin and subcutaneous diseases,3,Rate,2023,11938.79006068536,13138.15018311052,10945.88268205909
1,All Population,5,Prevalence,102,United States of America,3,Both,12,35-39 years,653,Skin and subcutaneous diseases,3,Rate,2023,9550.011172777891,10598.88679559587,8733.51167086312
1,All Population,5,Prevalence,102,United States of America,1,Male,13,40-44 years,653,Skin and subcutaneous diseases,3,Rate,2023,7558.37658200569,8486.89262296667,6903.71373639936
1,All Population,5,Prevalence,102,United States of America,2,Female,13,40-44 years,653,Skin and subcutaneous diseases,3,Rate,2023,12039.69670720904,13351.082872386949,11157.58979066142
1,All Population,5,Prevalence,102,United States of America,3,Both,13,40-44 years,653,Skin and subcutaneous diseases,3,Rate,2023,9783.105069635289,10922.39645861146,9019.21899825987
1,All Population,5,Prevalence,102,United States of America,1,Male,14,45-49 years,653,Skin and subcutaneous diseases,3,Rate,2023,8025.018647538899,8983.387756931741,7329.68705060876
1,All Population,5,Prevalence,102,United States of America,2,Female,14,45-49 years,653,Skin and subcutaneous diseases,3,Rate,2023,12070.61964186729,13440.4385499755,11087.57864849008
1,All Population,5,Prevalence,102,United States of America,3,Both,14,45-49 years,653,Skin and subcutaneous diseases,3,Rate,2023,10045.83667948653,11198.289124893201,9233.27020235859
1,All Population,5,Prevalence,102,United States of America,1,Male,15,50-54 years,653,Skin and subcutaneous diseases,3,Rate,2023,8854.24070004499,9816.48543907568,8158.08974171521
1,All Population,5,Prevalence,102,United States of America,2,Female,15,50-54 years,653,Skin and subcutaneous diseases,3,Rate,2023,12560.066502332389,14029.50241127701,11536.1109702339
1,All Population,5,Prevalence,102,United States of America,3,Both,15,50-54 years,653,Skin and subcutaneous diseases,3,Rate,2023,10709.20863249106,11919.765500140391,9841.60936144274
1,All Population,5,Prevalence,102,United States of America,1,Male,16,55-59 years,653,Skin and subcutaneous diseases,3,Rate,2023,10216.39817536563,11333.21672231889,9294.58488768045
1,All Population,5,Prevalence,102,United States of America,2,Female,16,55-59 years,653,Skin and subcutaneous diseases,3,Rate,2023,13399.361126251668,15043.65243267013,12120.45293234218
1,All Population,5,Prevalence,102,United States of America,3,Both,16,55-59 years,653,Skin and subcutaneous diseases,3,Rate,2023,11824.402657420651,13214.95988523364,10713.03014420233
1,All Population,5,Prevalence,102,United States of America,1,Male,17,60-64 years,653,Skin and subcutaneous diseases,3,Rate,2023,11975.51098959963,13119.919925912249,11065.59530863991
1,All Population,5,Prevalence,102,United States of America,2,Female,17,60-64 years,653,Skin and subcutaneous diseases,3,Rate,2023,14282.00361041975,15986.10048274228,13069.47912686922
1,All Population,5,Prevalence,102,United States of America,3,Both,17,60-64 years,653,Skin and subcutaneous diseases,3,Rate,2023,13156.68900780316,14581.22419755055,12092.264685026421
1,All Population,5,Prevalence,102,United States of America,1,Male,18,65-69 years,653,Skin and subcutaneous diseases,3,Rate,2023,14747.109799364911,16150.51456153514,13774.23868918862
1,All Population,5,Prevalence,102,United States of America,2,Female,18,65-69 years,653,Skin and subcutaneous diseases,3,Rate,2023,16213.264270456659,17981.53013590345,14839.256037210049
1,All Population,5,Prevalence,102,United States of America,3,Both,18,65-69 years,653,Skin and subcutaneous diseases,3,Rate,2023,15513.61590102367,17132.5635561025,14369.31011246982
1,All Population,5,Prevalence,102,United States of America,1,Male,19,70-74 years,653,Skin and subcutaneous diseases,3,Rate,2023,18420.67155665956,20127.7029440903,17337.616735363008
1,All Population,5,Prevalence,102,United States of America,2,Female,19,70-74 years,653,Skin and subcutaneous diseases,3,Rate,2023,18264.66217142321,20382.5364179776,16940.58373243195
1,All Population,5,Prevalence,102,United States of America,3,Both,19,70-74 years,653,Skin and subcutaneous diseases,3,Rate,2023,18337.202877105217,20295.871063818573,17174.213815163817
1,All Population,5,Prevalence,102,United States of America,1,Male,20,75-79 years,653,Skin and subcutaneous diseases,3,Rate,2023,21546.74482154036,23343.61359462497,20286.77202730014
1,All Population,5,Prevalence,102,United States of America,2,Female,20,75-79 years,653,Skin and subcutaneous diseases,3,Rate,2023,19302.47134515279,21230.28048251134,17966.87154729796
1,All Population,5,Prevalence,102,United States of America,3,Both,20,75-79 years,653,Skin and subcutaneous diseases,3,Rate,2023,20320.77277684476,22189.16992105307,19012.20842116668
1,All Population,5,Prevalence,102,United States of America,1,Male,30,80-84 years,653,Skin and subcutaneous diseases,3,Rate,2023,23871.09137549158,25833.88395277454,22421.69137034969
1,All Population,5,Prevalence,102,United States of America,2,Female,30,80-84 years,653,Skin and subcutaneous diseases,3,Rate,2023,20237.91975384279,22053.23944839323,18869.04285734474
1,All Population,5,Prevalence,102,United States of America,3,Both,30,80-84 years,653,Skin and subcutaneous diseases,3,Rate,2023,21798.40602438717,23659.615421204013,20345.47798255219
1,All Population,5,Prevalence,102,United States of America,1,Male,31,85-89 years,653,Skin and subcutaneous diseases,3,Rate,2023,26469.67617467,27955.322702075082,25150.013260731208
1,All Population,5,Prevalence,102,United States of America,2,Female,31,85-89 years,653,Skin and subcutaneous diseases,3,Rate,2023,22600.83882677873,24057.24166978813,21367.19620211551
1,All Population,5,Prevalence,102,United States of America,3,Both,31,85-89 years,653,Skin and subcutaneous diseases,3,Rate,2023,24131.55563262558,25554.36693987036,22878.13159614747
1,All Population,5,Prevalence,102,United States of America,1,Male,32,90-94 years,653,Skin and subcutaneous diseases,3,Rate,2023,29103.16163281113,30718.04045034508,27607.58489155738
1,All Population,5,Prevalence,102,United States of America,2,Female,32,90-94 years,653,Skin and subcutaneous diseases,3,Rate,2023,26515.91115630873,27901.63673181848,25263.023980558457
1,All Population,5,Prevalence,102,United States of America,3,Both,32,90-94 years,653,Skin and subcutaneous diseases,3,Rate,2023,27396.62378993143,28793.219058265262,26054.472287759017
1,All Population,5,Prevalence,102,United States of America,1,Male,235,95+ years,653,Skin and subcutaneous diseases,3,Rate,2023,31744.556229243444,33890.86267229708,29823.48089032486
1,All Population,5,Prevalence,102,United States of America,2,Female,235,95+ years,653,Skin and subcutaneous diseases,3,Rate,2023,31210.238110781058,33064.91897208826,29299.009094106743
1,All Population,5,Prevalence,102,United States of America,3,Both,235,95+ years,653,Skin and subcutaneous diseases,3,Rate,2023,31355.73758685668,33279.214228397155,29451.217345874993
1,All Population,5,Prevalence,102,United States of America,1,Male,1,<5 years,491,Cardiovascular diseases,3,Rate,2023,752.68548039272,954.65655100482,581.26551684151
1,All Population,5,Prevalence,102,United States of America,2,Female,1,<5 years,491,Cardiovascular diseases,3,Rate,2023,538.9652220496799,686.78188699268,420.55237080629
1,All Population,5,Prevalence,102,United States of America,3,Both,1,<5 years,491,Cardiovascular diseases,3,Rate,2023,648.18342445186,825.56943009974,503.9928784846
1,All Population,5,Prevalence,102,United States of America,1,Male,6,5-9 years,491,Cardiovascular diseases,3,Rate,2023,842.49367088052,1126.58106517807,628.51994778707
1,All Population,5,Prevalence,102,United States of America,2,Female,6,5-9 years,491,Cardiovascular diseases,3,Rate,2023,739.57094874367,1025.62001368241,521.53677144649
1,All Population,5,Prevalence,102,United States of America,3,Both,6,5-9 years,491,Cardiovascular diseases,3,Rate,2023,792.21403628235,1071.0454368220298,574.20708903895
1,All Population,5,Prevalence,102,United States of America,1,Male,7,10-14 years,491,Cardiovascular diseases,3,Rate,2023,904.96594811158,1234.15850246762,673.3520179926
1,All Population,5,Prevalence,102,United States of America,2,Female,7,10-14 years,491,Cardiovascular diseases,3,Rate,2023,824.96534598644,1167.99817757231,596.36490949071
1,All Population,5,Prevalence,102,United States of America,3,Both,7,10-14 years,491,Cardiovascular diseases,3,Rate,2023,865.95372316149,1201.21279965785,635.74865828772
1,All Population,5,Prevalence,102,United States of America,1,Male,8,15-19 years,491,Cardiovascular diseases,3,Rate,2023,1107.0992577424,1596.61785549728,828.2380376018399
1,All Population,5,Prevalence,102,United States of America,2,Female,8,15-19 years,491,Cardiovascular diseases,3,Rate,2023,1130.2304853860599,1684.4731626612,787.7801155932699
1,All Population,5,Prevalence,102,United States of America,3,Both,8,15-19 years,491,Cardiovascular diseases,3,Rate,2023,1118.38539393164,1653.1476977861,815.5878537026999
1,All Population,5,Prevalence,102,United States of America,1,Male,9,20-24 years,491,Cardiovascular diseases,3,Rate,2023,1193.8650823378,1578.00374528288,938.6637287523499
1,All Population,5,Prevalence,102,United States of America,2,Female,9,20-24 years,491,Cardiovascular diseases,3,Rate,2023,1261.7874766313698,1775.0573171034698,940.82430264185
1,All Population,5,Prevalence,102,United States of America,3,Both,9,20-24 years,491,Cardiovascular diseases,3,Rate,2023,1227.18215533313,1663.88374397137,946.1013307841799
1,All Population,5,Prevalence,102,United States of America,1,Male,10,25-29 years,491,Cardiovascular diseases,3,Rate,2023,1563.33254460648,1972.04500895015,1264.21608341454
1,All Population,5,Prevalence,102,United States of America,2,Female,10,25-29 years,491,Cardiovascular diseases,3,Rate,2023,1754.5185250460602,2412.6308144452,1307.9468518952199
1,All Population,5,Prevalence,102,United States of America,3,Both,10,25-29 years,491,Cardiovascular diseases,3,Rate,2023,1657.33001038529,2170.60141017262,1288.2871663793098
1,All Population,5,Prevalence,102,United States of America,1,Male,11,30-34 years,491,Cardiovascular diseases,3,Rate,2023,2212.3220350544802,2779.69299170482,1793.65279410436
1,All Population,5,Prevalence,102,United States of America,2,Female,11,30-34 years,491,Cardiovascular diseases,3,Rate,2023,2415.47672177026,3400.26815554455,1766.23716193133
1,All Population,5,Prevalence,102,United States of America,3,Both,11,30-34 years,491,Cardiovascular diseases,3,Rate,2023,2312.62572331001,3072.24327899674,1784.9733988953499
1,All Population,5,Prevalence,102,United States of America,1,Male,12,35-39 years,491,Cardiovascular diseases,3,Rate,2023,3270.84373731907,4033.3339895426298,2709.3392584306102
1,All Population,5,Prevalence,102,United States of America,2,Female,12,35-39 years,491,Cardiovascular diseases,3,Rate,2023,3265.82717936999,4317.10687502058,2487.24335004583
1,All Population,5,Prevalence,102,United States of America,3,Both,12,35-39 years,491,Cardiovascular diseases,3,Rate,2023,3268.36806791834,4157.87404429128,2614.8693371957197
1,All Population,5,Prevalence,102,United States of America,1,Male,13,40-44 years,491,Cardiovascular diseases,3,Rate,2023,5535.81307967866,6729.39522711489,4626.3963445095205
1,All Population,5,Prevalence,102,United States of America,2,Female,13,40-44 years,491,Cardiovascular diseases,3,Rate,2023,4997.73832111786,6472.479956847341,3947.4852244533504
1,All Population,5,Prevalence,102,United States of America,3,Both,13,40-44 years,491,Cardiovascular diseases,3,Rate,2023,5268.6886140302,6589.0431089168105,4306.21299860822
1,All Population,5,Prevalence,102,United States of America,1,Male,14,45-49 years,491,Cardiovascular diseases,3,Rate,2023,9054.96887044103,10494.375797041019,7854.852738868371
1,All Population,5,Prevalence,102,United States of America,2,Female,14,45-49 years,491,Cardiovascular diseases,3,Rate,2023,7258.2151339191105,9019.35716998725,6010.39839754881
1,All Population,5,Prevalence,102,United States of America,3,Both,14,45-49 years,491,Cardiovascular diseases,3,Rate,2023,8157.472465129919,9716.7748757181,7008.739749182801
1,All Population,5,Prevalence,102,United States of America,1,Male,15,50-54 years,491,Cardiovascular diseases,3,Rate,2023,14223.6178255168,16027.52026765589,12499.94412062464
1,All Population,5,Prevalence,102,United States of America,2,Female,15,50-54 years,491,Cardiovascular diseases,3,Rate,2023,10293.3104683362,12140.93575408867,8802.28493795785
1,All Population,5,Prevalence,102,United States of America,3,Both,15,50-54 years,491,Cardiovascular diseases,3,Rate,2023,12256.284631461429,13976.401115368239,10651.86067252384
1,All Population,5,Prevalence,102,United States of America,1,Male,16,55-59 years,491,Cardiovascular diseases,3,Rate,2023,21576.66522552392,24174.95864200426,19596.781468738332
1,All Population,5,Prevalence,102,United States of America,2,Female,16,55-59 years,491,Cardiovascular diseases,3,Rate,2023,14253.76381674771,16829.36970676436,12599.0187151851
1,All Population,5,Prevalence,102,United States of America,3,Both,16,55-59 years,491,Cardiovascular diseases,3,Rate,2023,17877.20077411353,20203.08410489983,16088.24794374153
1,All Population,5,Prevalence,102,United States of America,1,Male,17,60-64 years,491,Cardiovascular diseases,3,Rate,2023,31319.51872488089,35097.79651352846,28367.769845111612
1,All Population,5,Prevalence,102,United States of America,2,Female,17,60-64 years,491,Cardiovascular diseases,3,Rate,2023,20377.71983635849,23430.14142303555,18190.61845548745
1,All Population,5,Prevalence,102,United States of America,3,Both,17,60-64 years,491,Cardiovascular diseases,3,Rate,2023,25716.11370634193,28950.53667959492,23194.683778290408
1,All Population,5,Prevalence,102,United States of America,1,Male,18,65-69 years,491,Cardiovascular diseases,3,Rate,2023,44342.04986563805,48419.78031346347,40873.77698962193
1,All Population,5,Prevalence,102,United States of America,2,Female,18,65-69 years,491,Cardiovascular diseases,3,Rate,2023,30767.19572202744,34730.24804774901,27873.78096447272
1,All Population,5,Prevalence,102,United States of America,3,Both,18,65-69 years,491,Cardiovascular diseases,3,Rate,2023,37245.111080970004,41203.49940902649,34037.80139996662
1,All Population,5,Prevalence,102,United States of America,1,Male,19,70-74 years,491,Cardiovascular diseases,3,Rate,2023,56614.97542053898,60337.80855641691,53087.13508966323
1,All Population,5,Prevalence,102,United States of America,2,Female,19,70-74 years,491,Cardiovascular diseases,3,Rate,2023,41990.85002696989,45903.43643473028,38458.86358254969
1,All Population,5,Prevalence,102,United States of America,3,Both,19,70-74 years,491,Cardiovascular diseases,3,Rate,2023,48790.72539616232,52534.53613321527,45288.48307636209
1,All Population,5,Prevalence,102,United States of America,1,Male,20,75-79 years,491,Cardiovascular diseases,3,Rate,2023,66372.10387025251,69880.44141285657,62710.22283866009
1,All Population,5,Prevalence,102,United States of America,2,Female,20,75-79 years,491,Cardiovascular diseases,3,Rate,2023,52857.59849691474,56739.21704894608,48967.13589604919
1,All Population,5,Prevalence,102,United States of America,3,Both,20,75-79 years,491,Cardiovascular diseases,3,Rate,2023,58989.578540821894,62871.76566599049,55270.721195863815
1,All Population,5,Prevalence,102,United States of America,1,Male,30,80-84 years,491,Cardiovascular diseases,3,Rate,2023,73930.83575332018,77447.62206961981,70262.32274076187
1,All Population,5,Prevalence,102,United States of America,2,Female,30,80-84 years,491,Cardiovascular diseases,3,Rate,2023,62485.44181184358,66981.56629548594,57670.850199995395
1,All Population,5,Prevalence,102,United States of America,3,Both,30,80-84 years,491,Cardiovascular diseases,3,Rate,2023,67401.36155541481,71190.41162441646,63261.8361283364
1,All Population,5,Prevalence,102,United States of America,1,Male,31,85-89 years,491,Cardiovascular diseases,3,Rate,2023,79396.16427585369,83106.27017000364,75231.74468719498
1,All Population,5,Prevalence,102,United States of America,2,Female,31,85-89 years,491,Cardiovascular diseases,3,Rate,2023,71013.72517715578,75742.91857152637,66093.80723714549
1,All Population,5,Prevalence,102,United States of America,3,Both,31,85-89 years,491,Cardiovascular diseases,3,Rate,2023,74330.26170959964,78701.68296495652,69660.9820130047
1,All Population,5,Prevalence,102,United States of America,1,Male,32,90-94 years,491,Cardiovascular diseases,3,Rate,2023,82788.37274240579,86855.98555544525,78685.70138547524
1,All Population,5,Prevalence,102,United States of America,2,Female,32,90-94 years,491,Cardiovascular diseases,3,Rate,2023,77324.29920044311,83960.22937244702,72077.7149659144
1,All Population,5,Prevalence,102,United States of America,3,Both,32,90-94 years,491,Cardiovascular diseases,3,Rate,2023,79184.29638399977,84787.82755177337,74233.81719487222
1,All Population,5,Prevalence,102,United States of America,1,Male,235,95+ years,491,Cardiovascular diseases,3,Rate,2023,84335.58971891533,89143.38217998673,79227.65419458394
1,All Population,5,Prevalence,102,United States of America,2,Female,235,95+ years,491,Cardiovascular diseases,3,Rate,2023,81260.89753736499,88609.07959508085,73713.77059348924
1,All Population,5,Prevalence,102,United States of America,3,Both,235,95+ years,491,Cardiovascular diseases,3,Rate,2023,82098.16299038159,88644.25250655867,75381.36460446854
1,All Population,5,Prevalence,102,United States of America,1,Male,1,<5 years,295,"Communicable, maternal, neonatal, and nutritional diseases",3,Rate,2023,25814.50876670525,28819.526831131283,23427.43932248375
1,All Population,5,Prevalence,102,United States of America,2,Female,1,<5 years,295,"Communicable, maternal, neonatal, and nutritional diseases",3,Rate,2023,23540.9884729224,26273.709906070257,21259.45254225396
1,All Population,5,Prevalence,102,United States of America,3,Both,1,<5 years,295,"Communicable, maternal, neonatal, and nutritional diseases",3,Rate,2023,24702.83340768412,26643.269231020473,22872.82556111808
1,All Population,5,Prevalence,102,United States of America,1,Male,6,5-9 years,295,"Communicable, maternal, neonatal, and nutritional diseases",3,Rate,2023,20109.03696231665,23577.26304243186,17447.42003494279
1,All Population,5,Prevalence,102,United States of America,2,Female,6,5-9 years,295,"Communicable, maternal, neonatal, and nutritional diseases",3,Rate,2023,19724.19705211109,22761.91807407674,17014.36397148598
1,All Population,5,Prevalence,102,United States of America,3,Both,6,5-9 years,295,"Communicable, maternal, neonatal, and nutritional diseases",3,Rate,2023,19921.03561856867,22646.14515513882,17913.46019008978
1,All Population,5,Prevalence,102,United States of America,1,Male,7,10-14 years,295,"Communicable, maternal, neonatal, and nutritional diseases",3,Rate,2023,23058.61357824873,26580.6969555572,20032.48147948585
1,All Population,5,Prevalence,102,United States of America,2,Female,7,10-14 years,295,"Communicable, maternal, neonatal, and nutritional diseases",3,Rate,2023,24453.87728450987,28455.654674383008,20922.94069123265
1,All Population,5,Prevalence,102,United States of America,3,Both,7,10-14 years,295,"Communicable, maternal, neonatal, and nutritional diseases",3,Rate,2023,23739.01272684777,26662.979564339726,20866.66682758751
1,All Population,5,Prevalence,102,United States of America,1,Male,8,15-19 years,295,"Communicable, maternal, neonatal, and nutritional diseases",3,Rate,2023,29528.73876791805,34379.68427593866,25507.78293723433
1,All Population,5,Prevalence,102,United States of America,2,Female,8,15-19 years,295,"Communicable, maternal, neonatal, and nutritional diseases",3,Rate,2023,35289.97427229814,40769.7012211078,30897.08576106973
1,All Population,5,Prevalence,102,United States of America,3,Both,8,15-19 years,295,"Communicable, maternal, neonatal, and nutritional diseases",3,Rate,2023,32339.74774342112,36677.61793834715,28918.42159732276
1,All Population,5,Prevalence,102,United States of America,1,Male,9,20-24 years,295,"Communicable, maternal, neonatal, and nutritional diseases",3,Rate,2023,37335.26894456542,42648.9659550332,33143.46991327219
1,All Population,5,Prevalence,102,United States of America,2,Female,9,20-24 years,295,"Communicable, maternal, neonatal, and nutritional diseases",3,Rate,2023,43854.95535916527,48733.26253594749,39988.640251548604
1,All Population,5,Prevalence,102,United States of America,3,Both,9,20-24 years,295,"Communicable, maternal, neonatal, and nutritional diseases",3,Rate,2023,40533.28442150866,45094.62565376255,36521.99104334596
1,All Population,5,Prevalence,102,United States of America,1,Male,10,25-29 years,295,"Communicable, maternal, neonatal, and nutritional diseases",3,Rate,2023,41105.59256672967,45353.59556284559,36647.30475039447
1,All Population,5,Prevalence,102,United States of America,2,Female,10,25-29 years,295,"Communicable, maternal, neonatal, and nutritional diseases",3,Rate,2023,50245.965507417044,54136.45533802012,46071.20508224704
1,All Population,5,Prevalence,102,United States of America,3,Both,10,25-29 years,295,"Communicable, maternal, neonatal, and nutritional diseases",3,Rate,2023,45599.498922846185,49131.525054990336,41806.111066763864
1,All Population,5,Prevalence,102,United States of America,1,Male,11,30-34 years,295,"Communicable, maternal, neonatal, and nutritional diseases",3,Rate,2023,43470.66341487566,48518.2963452431,38641.78030317274
1,All Population,5,Prevalence,102,United States of America,2,Female,11,30-34 years,295,"Communicable, maternal, neonatal, and nutritional diseases",3,Rate,2023,55506.28056942782,61028.95048318137,50172.76077260578
1,All Population,5,Prevalence,102,United States of America,3,Both,11,30-34 years,295,"Communicable, maternal, neonatal, and nutritional diseases",3,Rate,2023,49413.01606520902,53910.71056659281,44675.966044353496
1,All Population,5,Prevalence,102,United States of America,1,Male,12,35-39 years,295,"Communicable, maternal, neonatal, and nutritional diseases",3,Rate,2023,45628.33608048516,51792.04324255753,40115.84639291647
1,All Population,5,Prevalence,102,United States of America,2,Female,12,35-39 years,295,"Communicable, maternal, neonatal, and nutritional diseases",3,Rate,2023,58927.72355781888,64226.43105878082,54352.72827284916
1,All Population,5,Prevalence,102,United States of America,3,Both,12,35-39 years,295,"Communicable, maternal, neonatal, and nutritional diseases",3,Rate,2023,52191.578638487365,57316.98447834821,47168.896870618686
1,All Population,5,Prevalence,102,United States of America,1,Male,13,40-44 years,295,"Communicable, maternal, neonatal, and nutritional diseases",3,Rate,2023,46305.42328424233,52534.547533197365,41198.77818658456
1,All Population,5,Prevalence,102,United States of America,2,Female,13,40-44 years,295,"Communicable, maternal, neonatal, and nutritional diseases",3,Rate,2023,58569.831616463474,64045.0211972072,53500.90302562014
1,All Population,5,Prevalence,102,United States of America,3,Both,13,40-44 years,295,"Communicable, maternal, neonatal, and nutritional diseases",3,Rate,2023,52394.02615980144,57823.812403567485,47568.12058379659
1,All Population,5,Prevalence,102,United States of America,1,Male,14,45-49 years,295,"Communicable, maternal, neonatal, and nutritional diseases",3,Rate,2023,46713.54246606589,52932.753883500794,40305.52131231069
1,All Population,5,Prevalence,102,United States of America,2,Female,14,45-49 years,295,"Communicable, maternal, neonatal, and nutritional diseases",3,Rate,2023,55876.43441518595,60637.049710765525,51350.26603348681
1,All Population,5,Prevalence,102,United States of America,3,Both,14,45-49 years,295,"Communicable, maternal, neonatal, and nutritional diseases",3,Rate,2023,51290.49835013064,56628.627718317795,46379.70652615907
1,All Population,5,Prevalence,102,United States of America,1,Male,15,50-54 years,295,"Communicable, maternal, neonatal, and nutritional diseases",3,Rate,2023,44974.960338041,51516.296480747405,39366.91400012259
1,All Population,5,Prevalence,102,United States of America,2,Female,15,50-54 years,295,"Communicable, maternal, neonatal, and nutritional diseases",3,Rate,2023,51840.23463320714,56767.07438184055,46793.75757569429
1,All Population,5,Prevalence,102,United States of America,3,Both,15,50-54 years,295,"Communicable, maternal, neonatal, and nutritional diseases",3,Rate,2023,48411.40455976317,54113.602731951,42989.21056670032
1,All Population,5,Prevalence,102,United States of America,1,Male,16,55-59 years,295,"Communicable, maternal, neonatal, and nutritional diseases",3,Rate,2023,46910.02782967106,53307.5258642462,41655.46645354889
1,All Population,5,Prevalence,102,United States of America,2,Female,16,55-59 years,295,"Communicable, maternal, neonatal, and nutritional diseases",3,Rate,2023,50101.440225439655,54588.76883218655,45363.121394485526
1,All Population,5,Prevalence,102,United States of America,3,Both,16,55-59 years,295,"Communicable, maternal, neonatal, and nutritional diseases",3,Rate,2023,48522.30089588859,53788.391668710356,43508.7089739311
1,All Population,5,Prevalence,102,United States of America,1,Male,17,60-64 years,295,"Communicable, maternal, neonatal, and nutritional diseases",3,Rate,2023,45956.83872080703,52734.05847770781,40776.12146498316
1,All Population,5,Prevalence,102,United States of America,2,Female,17,60-64 years,295,"Communicable, maternal, neonatal, and nutritional diseases",3,Rate,2023,48458.74455254699,53658.26352924302,44150.946346322475
1,All Population,5,Prevalence,102,United States of America,3,Both,17,60-64 years,295,"Communicable, maternal, neonatal, and nutritional diseases",3,Rate,2023,47238.08980541522,52626.626317733695,42725.39849399487
1,All Population,5,Prevalence,102,United States of America,1,Male,18,65-69 years,295,"Communicable, maternal, neonatal, and nutritional diseases",3,Rate,2023,44170.66774315732,50219.17737276149,38598.35958759615
1,All Population,5,Prevalence,102,United States of America,2,Female,18,65-69 years,295,"Communicable, maternal, neonatal, and nutritional diseases",3,Rate,2023,45336.370175804106,49802.69051601034,40846.90699695673
1,All Population,5,Prevalence,102,United States of America,3,Both,18,65-69 years,295,"Communicable, maternal, neonatal, and nutritional diseases",3,Rate,2023,44780.0974076025,49642.39592947976,40265.3735392089
1,All Population,5,Prevalence,102,United States of America,1,Male,19,70-74 years,295,"Communicable, maternal, neonatal, and nutritional diseases",3,Rate,2023,41754.54198570278,47477.04644592306,36543.40332170416
1,All Population,5,Prevalence,102,United States of America,2,Female,19,70-74 years,295,"Communicable, maternal, neonatal, and nutritional diseases",3,Rate,2023,42722.749346921366,46827.0551126527,38582.16932381548
1,All Population,5,Prevalence,102,United States of America,3,Both,19,70-74 years,295,"Communicable, maternal, neonatal, and nutritional diseases",3,Rate,2023,42272.55562862105,47245.35347946775,37901.91546614585
1,All Population,5,Prevalence,102,United States of America,1,Male,20,75-79 years,295,"Communicable, maternal, neonatal, and nutritional diseases",3,Rate,2023,40317.73034572847,45941.62644712176,34949.20187785454
1,All Population,5,Prevalence,102,United States of America,2,Female,20,75-79 years,295,"Communicable, maternal, neonatal, and nutritional diseases",3,Rate,2023,40163.81777625706,45096.00867394799,35725.371539621556
1,All Population,5,Prevalence,102,United States of America,3,Both,20,75-79 years,295,"Communicable, maternal, neonatal, and nutritional diseases",3,Rate,2023,40233.65302204911,44747.93137532228,35556.23025843206
1,All Population,5,Prevalence,102,United States of America,1,Male,30,80-84 years,295,"Communicable, maternal, neonatal, and nutritional diseases",3,Rate,2023,39970.41058776672,45664.09243143365,34500.609966633114
1,All Population,5,Prevalence,102,United States of America,2,Female,30,80-84 years,295,"Communicable, maternal, neonatal, and nutritional diseases",3,Rate,2023,37911.682544947325,42343.06435599952,34163.40974423157
1,All Population,5,Prevalence,102,United States of America,3,Both,30,80-84 years,295,"Communicable, maternal, neonatal, and nutritional diseases",3,Rate,2023,38795.92837205372,42459.046650690216,34977.57688322678
1,All Population,5,Prevalence,102,United States of America,1,Male,31,85-89 years,295,"Communicable, maternal, neonatal, and nutritional diseases",3,Rate,2023,36326.11253619089,42211.15354815027,31448.87127819136
1,All Population,5,Prevalence,102,United States of America,2,Female,31,85-89 years,295,"Communicable, maternal, neonatal, and nutritional diseases",3,Rate,2023,37013.02937702954,41670.12171547947,33186.26910173378
1,All Population,5,Prevalence,102,United States of America,3,Both,31,85-89 years,295,"Communicable, maternal, neonatal, and nutritional diseases",3,Rate,2023,36741.24872099756,40218.1542900851,33391.99043668038
1,All Population,5,Prevalence,102,United States of America,1,Male,32,90-94 years,295,"Communicable, maternal, neonatal, and nutritional diseases",3,Rate,2023,36473.776485121736,44627.62819060794,30607.641568024057
1,All Population,5,Prevalence,102,United States of America,2,Female,32,90-94 years,295,"Communicable, maternal, neonatal, and nutritional diseases",3,Rate,2023,36034.22321200619,40089.47828717711,32296.8011021665
1,All Population,5,Prevalence,102,United States of America,3,Both,32,90-94 years,295,"Communicable, maternal, neonatal, and nutritional diseases",3,Rate,2023,36183.84928195921,39794.9511224584,32250.61541797793
1,All Population,5,Prevalence,102,United States of America,1,Male,235,95+ years,295,"Communicable, maternal, neonatal, and nutritional diseases",3,Rate,2023,35530.68608590338,43311.91719163416,30468.72658093305
1,All Population,5,Prevalence,102,United States of America,2,Female,235,95+ years,295,"Communicable, maternal, neonatal, and nutritional diseases",3,Rate,2023,35506.205165392006,39767.23944890086,31326.256946476762
1,All Population,5,Prevalence,102,United States of America,3,Both,235,95+ years,295,"Communicable, maternal, neonatal, and nutritional diseases",3,Rate,2023,35512.87153320772,39182.16047817069,31894.60880078182
1,All Population,5,Prevalence,102,United States of America,1,Male,1,<5 years,508,Chronic respiratory diseases,3,Rate,2023,8928.930237846409,12917.38754498113,6246.23944549732
1,All Population,5,Prevalence,102,United States of America,2,Female,1,<5 years,508,Chronic respiratory diseases,3,Rate,2023,6213.38854593209,9075.6491269552,4218.14965349198
1,All Population,5,Prevalence,102,United States of America,3,Both,1,<5 years,508,Chronic respiratory diseases,3,Rate,2023,7601.12120374592,11036.98159213843,5242.5062885674
1,All Population,5,Prevalence,102,United States of America,1,Male,6,5-9 years,508,Chronic respiratory diseases,3,Rate,2023,16611.35163766607,22847.962177014,11526.69264587149
1,All Population,5,Prevalence,102,United States of America,2,Female,6,5-9 years,508,Chronic respiratory diseases,3,Rate,2023,12853.371818565709,17851.60731484366,8861.62603060179
1,All Population,5,Prevalence,102,United States of America,3,Both,6,5-9 years,508,Chronic respiratory diseases,3,Rate,2023,14775.5096757674,20539.845903934638,10240.60083235541
1,All Population,5,Prevalence,102,United States of America,1,Male,7,10-14 years,508,Chronic respiratory diseases,3,Rate,2023,15587.984286815428,21221.29338407676,11526.48811619719
1,All Population,5,Prevalence,102,United States of America,2,Female,7,10-14 years,508,Chronic respiratory diseases,3,Rate,2023,13730.37791571845,18510.26894102405,10128.86489725022
1,All Population,5,Prevalence,102,United States of America,3,Both,7,10-14 years,508,Chronic respiratory diseases,3,Rate,2023,14682.12413460564,19983.31043388499,10863.11626651064
1,All Population,5,Prevalence,102,United States of America,1,Male,8,15-19 years,508,Chronic respiratory diseases,3,Rate,2023,13171.165149225519,17385.09864726549,9753.12467000488
1,All Population,5,Prevalence,102,United States of America,2,Female,8,15-19 years,508,Chronic respiratory diseases,3,Rate,2023,13726.92712164983,17722.67668610888,10544.20444428617
1,All Population,5,Prevalence,102,United States of America,3,Both,8,15-19 years,508,Chronic respiratory diseases,3,Rate,2023,13442.33127175953,17673.149169105072,10122.885661486871
1,All Population,5,Prevalence,102,United States of America,1,Male,9,20-24 years,508,Chronic respiratory diseases,3,Rate,2023,10431.27565025966,14069.512004490869,7684.542264334041
1,All Population,5,Prevalence,102,United States of America,2,Female,9,20-24 years,508,Chronic respiratory diseases,3,Rate,2023,12879.98888041745,16702.950688452052,9848.19665813612
1,All Population,5,Prevalence,102,United States of America,3,Both,9,20-24 years,508,Chronic respiratory diseases,3,Rate,2023,11632.41053783705,15105.602392635608,8774.76168179776
1,All Population,5,Prevalence,102,United States of America,1,Male,10,25-29 years,508,Chronic respiratory diseases,3,Rate,2023,8699.8031714432,11239.747478784031,6328.788148477541
1,All Population,5,Prevalence,102,United States of America,2,Female,10,25-29 years,508,Chronic respiratory diseases,3,Rate,2023,12062.53965634354,15784.4746903225,9061.47552475976
1,All Population,5,Prevalence,102,United States of America,3,Both,10,25-29 years,508,Chronic respiratory diseases,3,Rate,2023,10353.10801595014,13424.24738046962,7753.34216050049
1,All Population,5,Prevalence,102,United States of America,1,Male,11,30-34 years,508,Chronic respiratory diseases,3,Rate,2023,7881.72910404634,10201.50262197829,5881.9762490147805
1,All Population,5,Prevalence,102,United States of America,2,Female,11,30-34 years,508,Chronic respiratory diseases,3,Rate,2023,11528.04926846485,14742.045079844691,8896.01878088737
1,All Population,5,Prevalence,102,United States of America,3,Both,11,30-34 years,508,Chronic respiratory diseases,3,Rate,2023,9682.02899849763,12444.62684860326,7391.718075778859
1,All Population,5,Prevalence,102,United States of America,1,Male,12,35-39 years,508,Chronic respiratory diseases,3,Rate,2023,7735.73655389047,10111.29302356852,5872.743873332221
1,All Population,5,Prevalence,102,United States of America,2,Female,12,35-39 years,508,Chronic respiratory diseases,3,Rate,2023,11620.94597493854,15036.691168349282,8955.04253549301
1,All Population,5,Prevalence,102,United States of America,3,Both,12,35-39 years,508,Chronic respiratory diseases,3,Rate,2023,9653.085895161501,12550.328956982601,7396.1123424692
1,All Population,5,Prevalence,102,United States of America,1,Male,13,40-44 years,508,Chronic respiratory diseases,3,Rate,2023,8206.99771699982,10735.07918973045,6324.9936228672295
1,All Population,5,Prevalence,102,United States of America,2,Female,13,40-44 years,508,Chronic respiratory diseases,3,Rate,2023,12433.16915908841,15907.732314501749,9621.39565677995
1,All Population,5,Prevalence,102,United States of America,3,Both,13,40-44 years,508,Chronic respiratory diseases,3,Rate,2023,10305.05894407951,13289.95762069591,7971.53000932021
1,All Population,5,Prevalence,102,United States of America,1,Male,14,45-49 years,508,Chronic respiratory diseases,3,Rate,2023,9638.22409693973,12325.516950923,7630.853247907469
1,All Population,5,Prevalence,102,United States of America,2,Female,14,45-49 years,508,Chronic respiratory diseases,3,Rate,2023,14281.84069072769,17975.23279312982,11425.01899387383
1,All Population,5,Prevalence,102,United States of America,3,Both,14,45-49 years,508,Chronic respiratory diseases,3,Rate,2023,11957.75688312734,15152.42123483516,9596.198700440451
1,All Population,5,Prevalence,102,United States of America,1,Male,15,50-54 years,508,Chronic respiratory diseases,3,Rate,2023,11702.78953790554,14376.716006407669,9415.951055081261
1,All Population,5,Prevalence,102,United States of America,2,Female,15,50-54 years,508,Chronic respiratory diseases,3,Rate,2023,16579.30738937826,20313.8215437427,13347.365190347291
1,All Population,5,Prevalence,102,United States of America,3,Both,15,50-54 years,508,Chronic respiratory diseases,3,Rate,2023,14143.75269135418,17361.910232042323,11358.33572766847
1,All Population,5,Prevalence,102,United States of America,1,Male,16,55-59 years,508,Chronic respiratory diseases,3,Rate,2023,13815.47053567873,16688.25345736478,11775.13734637993
1,All Population,5,Prevalence,102,United States of America,2,Female,16,55-59 years,508,Chronic respiratory diseases,3,Rate,2023,18662.722078313822,22741.7774004414,15635.131050166632
1,All Population,5,Prevalence,102,United States of America,3,Both,16,55-59 years,508,Chronic respiratory diseases,3,Rate,2023,16264.258764280521,19715.72148031243,13759.41985754258
1,All Population,5,Prevalence,102,United States of America,1,Male,17,60-64 years,508,Chronic respiratory diseases,3,Rate,2023,16726.394608104998,19414.196207819172,14599.104355498572
1,All Population,5,Prevalence,102,United States of America,2,Female,17,60-64 years,508,Chronic respiratory diseases,3,Rate,2023,21251.621435184108,25017.68807433374,18275.33744546649
1,All Population,5,Prevalence,102,United States of America,3,Both,17,60-64 years,508,Chronic respiratory diseases,3,Rate,2023,19043.80867970529,22249.54782186441,16543.82609322523
1,All Population,5,Prevalence,102,United States of America,1,Male,18,65-69 years,508,Chronic respiratory diseases,3,Rate,2023,22804.76631341969,25373.17918925306,20593.86225708825
1,All Population,5,Prevalence,102,United States of America,2,Female,18,65-69 years,508,Chronic respiratory diseases,3,Rate,2023,26581.72852132402,30025.5914321659,23574.07908688933
1,All Population,5,Prevalence,102,United States of America,3,Both,18,65-69 years,508,Chronic respiratory diseases,3,Rate,2023,24779.36355755422,27796.51056673804,22162.899402941748
1,All Population,5,Prevalence,102,United States of America,1,Male,19,70-74 years,508,Chronic respiratory diseases,3,Rate,2023,29838.49583533892,32617.7835236165,27446.172163700638
1,All Population,5,Prevalence,102,United States of America,2,Female,19,70-74 years,508,Chronic respiratory diseases,3,Rate,2023,32728.75060152249,36185.56335208832,29745.33027863759
1,All Population,5,Prevalence,102,United States of America,3,Both,19,70-74 years,508,Chronic respiratory diseases,3,Rate,2023,31384.84991232946,34553.50829530667,28751.908717967162
1,All Population,5,Prevalence,102,United States of America,1,Male,20,75-79 years,508,Chronic respiratory diseases,3,Rate,2023,37179.25276129678,40311.18291561826,34455.0683551639
1,All Population,5,Prevalence,102,United States of America,2,Female,20,75-79 years,508,Chronic respiratory diseases,3,Rate,2023,38689.26725910305,42348.164764931425,35542.57085639616
1,All Population,5,Prevalence,102,United States of America,3,Both,20,75-79 years,508,Chronic respiratory diseases,3,Rate,2023,38004.123518302455,41410.81055405544,35034.23776446273
1,All Population,5,Prevalence,102,United States of America,1,Male,30,80-84 years,508,Chronic respiratory diseases,3,Rate,2023,43143.23719425649,46261.1523872157,40071.41543125145
1,All Population,5,Prevalence,102,United States of America,2,Female,30,80-84 years,508,Chronic respiratory diseases,3,Rate,2023,42740.42323902851,46350.4545956883,39405.52808272688
1,All Population,5,Prevalence,102,United States of America,3,Both,30,80-84 years,508,Chronic respiratory diseases,3,Rate,2023,42913.43616332071,46140.54992368759,39638.901371063286
1,All Population,5,Prevalence,102,United States of America,1,Male,31,85-89 years,508,Chronic respiratory diseases,3,Rate,2023,47231.50099741083,51275.14178075029,43153.038164356025
1,All Population,5,Prevalence,102,United States of America,2,Female,31,85-89 years,508,Chronic respiratory diseases,3,Rate,2023,45024.947260707835,49098.563397376936,40887.28094126111
1,All Population,5,Prevalence,102,United States of America,3,Both,31,85-89 years,508,Chronic respiratory diseases,3,Rate,2023,45897.97669670012,50040.97321101717,41854.93626860558
1,All Population,5,Prevalence,102,United States of America,1,Male,32,90-94 years,508,Chronic respiratory diseases,3,Rate,2023,49527.29195867216,54951.36603445303,44325.9734279504
1,All Population,5,Prevalence,102,United States of America,2,Female,32,90-94 years,508,Chronic respiratory diseases,3,Rate,2023,46258.51655972088,51190.70382353333,42137.67180387244
1,All Population,5,Prevalence,102,United States of America,3,Both,32,90-94 years,508,Chronic respiratory diseases,3,Rate,2023,47371.22358846719,52566.654645673916,42935.8756732107
1,All Population,5,Prevalence,102,United States of America,1,Male,235,95+ years,508,Chronic respiratory diseases,3,Rate,2023,50927.4586450988,57083.813503132165,44692.2425130055
1,All Population,5,Prevalence,102,United States of America,2,Female,235,95+ years,508,Chronic respiratory diseases,3,Rate,2023,47019.64764646077,53067.454452975486,42143.0304255651
1,All Population,5,Prevalence,102,United States of America,3,Both,235,95+ years,508,Chronic respiratory diseases,3,Rate,2023,48083.778607508146,54048.36750347152,42906.619089180946
1,All Population,5,Prevalence,102,United States of America,1,Male,1,<5 years,410,Neoplasms,3,Rate,2023,895.2567050361799,1124.3433412955,719.4172086864301
1,All Population,5,Prevalence,102,United States of America,2,Female,1,<5 years,410,Neoplasms,3,Rate,2023,1109.8330844491,1357.50461828806,905.6610229555799
1,All Population,5,Prevalence,102,United States of America,3,Both,1,<5 years,410,Neoplasms,3,Rate,2023,1000.17737553718,1228.27562390907,807.62153988192
1,All Population,5,Prevalence,102,United States of America,1,Male,6,5-9 years,410,Neoplasms,3,Rate,2023,733.81041279105,935.20865217034,585.20950828356
1,All Population,5,Prevalence,102,United States of America,2,Female,6,5-9 years,410,Neoplasms,3,Rate,2023,913.54525681396,1166.5415673744,708.67583963609
1,All Population,5,Prevalence,102,United States of America,3,Both,6,5-9 years,410,Neoplasms,3,Rate,2023,821.6141755987901,1047.7316636370301,647.11204882506
1,All Population,5,Prevalence,102,United States of America,1,Male,7,10-14 years,410,Neoplasms,3,Rate,2023,651.6657572663399,903.5957028207199,461.60647631474995
1,All Population,5,Prevalence,102,United States of America,2,Female,7,10-14 years,410,Neoplasms,3,Rate,2023,825.0145597203299,1114.62946964308,585.577817137
1,All Population,5,Prevalence,102,United States of America,3,Both,7,10-14 years,410,Neoplasms,3,Rate,2023,736.19915197236,1003.24193906286,524.01856883884
1,All Population,5,Prevalence,102,United States of America,1,Male,8,15-19 years,410,Neoplasms,3,Rate,2023,772.15053055463,1006.9158571911801,570.30792995001
1,All Population,5,Prevalence,102,United States of America,2,Female,8,15-19 years,410,Neoplasms,3,Rate,2023,1223.58836160372,1644.66601699122,885.7110369074601
1,All Population,5,Prevalence,102,United States of America,3,Both,8,15-19 years,410,Neoplasms,3,Rate,2023,992.41505437003,1324.33224138139,725.99644407683
1,All Population,5,Prevalence,102,United States of America,1,Male,9,20-24 years,410,Neoplasms,3,Rate,2023,999.64064765098,1342.92930359606,756.44636397168
1,All Population,5,Prevalence,102,United States of America,2,Female,9,20-24 years,410,Neoplasms,3,Rate,2023,1918.1322160225798,2607.61323747139,1451.66565120994
1,All Population,5,Prevalence,102,United States of America,3,Both,9,20-24 years,410,Neoplasms,3,Rate,2023,1450.17615876337,1947.55189061497,1098.83397180323
1,All Population,5,Prevalence,102,United States of America,1,Male,10,25-29 years,410,Neoplasms,3,Rate,2023,1374.70476287341,1757.38607504531,1030.34159897787
1,All Population,5,Prevalence,102,United States of America,2,Female,10,25-29 years,410,Neoplasms,3,Rate,2023,3118.37875628735,3948.95235710566,2420.5500722166403
1,All Population,5,Prevalence,102,United States of America,3,Both,10,25-29 years,410,Neoplasms,3,Rate,2023,2231.99009388188,2793.28625419645,1729.8333056400402
1,All Population,5,Prevalence,102,United States of America,1,Male,11,30-34 years,410,Neoplasms,3,Rate,2023,1838.06933257097,2310.00675849098,1414.84157847174
1,All Population,5,Prevalence,102,United States of America,2,Female,11,30-34 years,410,Neoplasms,3,Rate,2023,4541.69755612726,5683.2503785362305,3597.0710881075097
1,All Population,5,Prevalence,102,United States of America,3,Both,11,30-34 years,410,Neoplasms,3,Rate,2023,3172.93335603231,3940.5784503782097,2497.32924261905
1,All Population,5,Prevalence,102,United States of America,1,Male,12,35-39 years,410,Neoplasms,3,Rate,2023,2378.54244450025,3031.48169180922,1852.80244504207
1,All Population,5,Prevalence,102,United States of America,2,Female,12,35-39 years,410,Neoplasms,3,Rate,2023,6086.57945828516,7619.08440780083,4952.27773432991
1,All Population,5,Prevalence,102,United States of America,3,Both,12,35-39 years,410,Neoplasms,3,Rate,2023,4208.4572715551,5296.744939553169,3397.0664690325
1,All Population,5,Prevalence,102,United States of America,1,Male,13,40-44 years,410,Neoplasms,3,Rate,2023,3176.59831991372,4139.96202847307,2465.7675745800902
1,All Population,5,Prevalence,102,United States of America,2,Female,13,40-44 years,410,Neoplasms,3,Rate,2023,7799.219068837369,9932.92801236908,6382.3620343045395
1,All Population,5,Prevalence,102,United States of America,3,Both,13,40-44 years,410,Neoplasms,3,Rate,2023,5471.47478049048,6933.76910382295,4417.2565265148605
1,All Population,5,Prevalence,102,United States of America,1,Male,14,45-49 years,410,Neoplasms,3,Rate,2023,4418.5127731803805,5413.5787515265,3534.3504736936397
1,All Population,5,Prevalence,102,United States of America,2,Female,14,45-49 years,410,Neoplasms,3,Rate,2023,9543.94682185273,11469.17102246636,7822.2108114303
1,All Population,5,Prevalence,102,United States of America,3,Both,14,45-49 years,410,Neoplasms,3,Rate,2023,6978.71818187884,8441.95623837187,5671.82621809017
1,All Population,5,Prevalence,102,United States of America,1,Male,15,50-54 years,410,Neoplasms,3,Rate,2023,6847.676105323911,8395.33564743836,5650.584134154949
1,All Population,5,Prevalence,102,United States of America,2,Female,15,50-54 years,410,Neoplasms,3,Rate,2023,11504.33732680581,14164.736244958178,9396.4771695947
1,All Population,5,Prevalence,102,United States of America,3,Both,15,50-54 years,410,Neoplasms,3,Rate,2023,9178.58902432361,11376.50182178235,7482.22724528698
1,All Population,5,Prevalence,102,United States of America,1,Male,16,55-59 years,410,Neoplasms,3,Rate,2023,10647.63264987766,12348.554530262321,8837.124926701501
1,All Population,5,Prevalence,102,United States of America,2,Female,16,55-59 years,410,Neoplasms,3,Rate,2023,13799.87355384068,16143.30973088483,11906.26258131064
1,All Population,5,Prevalence,102,United States of America,3,Both,16,55-59 years,410,Neoplasms,3,Rate,2023,12240.116627951831,14255.89768940782,10444.28424482509
1,All Population,5,Prevalence,102,United States of America,1,Male,17,60-64 years,410,Neoplasms,3,Rate,2023,15683.19405359434,18203.96707160563,13150.36735871048
1,All Population,5,Prevalence,102,United States of America,2,Female,17,60-64 years,410,Neoplasms,3,Rate,2023,16189.57801146705,19316.43039321071,13688.15858632279
1,All Population,5,Prevalence,102,United States of America,3,Both,17,60-64 years,410,Neoplasms,3,Rate,2023,15942.518360297512,18644.429254786988,13472.06725022008
1,All Population,5,Prevalence,102,United States of America,1,Male,18,65-69 years,410,Neoplasms,3,Rate,2023,20488.63700489683,23284.46496907546,17361.331120673047
1,All Population,5,Prevalence,102,United States of America,2,Female,18,65-69 years,410,Neoplasms,3,Rate,2023,18138.034199461308,21361.82574559679,15629.91511660587
1,All Population,5,Prevalence,102,United States of America,3,Both,18,65-69 years,410,Neoplasms,3,Rate,2023,19259.740985774828,22202.05893116959,16522.61039223822
1,All Population,5,Prevalence,102,United States of America,1,Male,19,70-74 years,410,Neoplasms,3,Rate,2023,24494.48007436231,27995.74734493554,21334.26729189171
1,All Population,5,Prevalence,102,United States of America,2,Female,19,70-74 years,410,Neoplasms,3,Rate,2023,19813.448126559368,23517.052387752472,17075.663640614137
1,All Population,5,Prevalence,102,United States of America,3,Both,19,70-74 years,410,Neoplasms,3,Rate,2023,21990.01821110375,25500.6229647059,19128.748837816813
1,All Population,5,Prevalence,102,United States of America,1,Male,20,75-79 years,410,Neoplasms,3,Rate,2023,27650.627600392007,30910.571929736252,24283.29969215634
1,All Population,5,Prevalence,102,United States of America,2,Female,20,75-79 years,410,Neoplasms,3,Rate,2023,21051.380341424,23756.42522846611,18587.78949232139
1,All Population,5,Prevalence,102,United States of America,3,Both,20,75-79 years,410,Neoplasms,3,Rate,2023,24045.67805184081,26971.71193360326,21253.50512143951
1,All Population,5,Prevalence,102,United States of America,1,Male,30,80-84 years,410,Neoplasms,3,Rate,2023,29489.441499860146,33607.48541511367,25619.435585969568
1,All Population,5,Prevalence,102,United States of America,2,Female,30,80-84 years,410,Neoplasms,3,Rate,2023,21252.57574015061,24375.45621058537,18280.15789741143
1,All Population,5,Prevalence,102,United States of America,3,Both,30,80-84 years,410,Neoplasms,3,Rate,2023,24790.39813581013,28353.90500922045,21606.383140588558
1,All Population,5,Prevalence,102,United States of America,1,Male,31,85-89 years,410,Neoplasms,3,Rate,2023,31015.10341557408,35011.36185641413,27368.8562542578
1,All Population,5,Prevalence,102,United States of America,2,Female,31,85-89 years,410,Neoplasms,3,Rate,2023,22537.4656652089,25517.2701810568,19702.93577356014
1,All Population,5,Prevalence,102,United States of America,3,Both,31,85-89 years,410,Neoplasms,3,Rate,2023,25891.66782246389,29176.648946646437,23039.859792701838
1,All Population,5,Prevalence,102,United States of America,1,Male,32,90-94 years,410,Neoplasms,3,Rate,2023,29471.39020735043,33650.01484055773,25794.13823966341
1,All Population,5,Prevalence,102,United States of America,2,Female,32,90-94 years,410,Neoplasms,3,Rate,2023,19956.55139250121,22966.21817749478,17299.03458166415
1,All Population,5,Prevalence,102,United States of America,3,Both,32,90-94 years,410,Neoplasms,3,Rate,2023,23195.448757571772,26532.026086245107,20337.6431769624
1,All Population,5,Prevalence,102,United States of America,1,Male,235,95+ years,410,Neoplasms,3,Rate,2023,29539.53171337121,35379.73404982769,24710.60918048221
1,All Population,5,Prevalence,102,United States of America,2,Female,235,95+ years,410,Neoplasms,3,Rate,2023,20546.44447253928,24321.99961905443,17397.26044274299
1,All Population,5,Prevalence,102,United States of America,3,Both,235,95+ years,410,Neoplasms,3,Rate,2023,22995.34043288748,27322.958162190404,19493.24539254071
1,All Population,5,Prevalence,102,United States of America,1,Male,1,<5 years,558,Mental disorders,3,Rate,2023,3598.74549273388,5994.69690827559,2242.1708585235
1,All Population,5,Prevalence,102,United States of America,2,Female,1,<5 years,558,Mental disorders,3,Rate,2023,1633.7144263670202,2635.56326091849,969.8163784389201
1,All Population,5,Prevalence,102,United States of America,3,Both,1,<5 years,558,Mental disorders,3,Rate,2023,2637.91104486697,4318.56185902663,1635.0675894636402
1,All Population,5,Prevalence,102,United States of America,1,Male,6,5-9 years,558,Mental disorders,3,Rate,2023,12330.32896730174,18335.09833063114,8687.39430839862
1,All Population,5,Prevalence,102,United States of America,2,Female,6,5-9 years,558,Mental disorders,3,Rate,2023,8009.05914965283,15583.12621237189,5152.34232830101
1,All Population,5,Prevalence,102,United States of America,3,Both,6,5-9 years,558,Mental disorders,3,Rate,2023,10219.30952552484,17033.98226320733,7052.818033035161
1,All Population,5,Prevalence,102,United States of America,1,Male,7,10-14 years,558,Mental disorders,3,Rate,2023,18518.91268226053,23601.57808771581,14968.54315200267
1,All Population,5,Prevalence,102,United States of America,2,Female,7,10-14 years,558,Mental disorders,3,Rate,2023,15415.75557529542,19822.53385797284,12457.89102752428
1,All Population,5,Prevalence,102,United States of America,3,Both,7,10-14 years,558,Mental disorders,3,Rate,2023,17005.66078294327,21454.417183221118,13812.32889893948
1,All Population,5,Prevalence,102,United States of America,1,Male,8,15-19 years,558,Mental disorders,3,Rate,2023,22691.05583906636,29324.804054868793,18683.95760076653
1,All Population,5,Prevalence,102,United States of America,2,Female,8,15-19 years,558,Mental disorders,3,Rate,2023,26412.925172372146,37292.95417871023,20106.97339782736
1,All Population,5,Prevalence,102,United States of America,3,Both,8,15-19 years,558,Mental disorders,3,Rate,2023,24507.021892462068,33116.926492436214,19774.457166552787
1,All Population,5,Prevalence,102,United States of America,1,Male,9,20-24 years,558,Mental disorders,3,Rate,2023,19823.40685811211,23176.889533001948,16869.15720767197
1,All Population,5,Prevalence,102,United States of America,2,Female,9,20-24 years,558,Mental disorders,3,Rate,2023,24394.700749413558,30003.01748302121,19882.839167853548
1,All Population,5,Prevalence,102,United States of America,3,Both,9,20-24 years,558,Mental disorders,3,Rate,2023,22065.70314115123,26688.74043733966,18446.28382750659
1,All Population,5,Prevalence,102,United States of America,1,Male,10,25-29 years,558,Mental disorders,3,Rate,2023,19467.83408601419,22529.64574937377,16825.95161708371
1,All Population,5,Prevalence,102,United States of America,2,Female,10,25-29 years,558,Mental disorders,3,Rate,2023,24128.23898026547,29239.89674342406,20259.71109308043
1,All Population,5,Prevalence,102,United States of America,3,Both,10,25-29 years,558,Mental disorders,3,Rate,2023,21759.143566738458,25904.67331555848,18629.86526908271
1,All Population,5,Prevalence,102,United States of America,1,Male,11,30-34 years,558,Mental disorders,3,Rate,2023,19005.703372366588,22324.42728586879,16430.54424680496
1,All Population,5,Prevalence,102,United States of America,2,Female,11,30-34 years,558,Mental disorders,3,Rate,2023,23703.27945025255,29520.0773840132,19920.910426053608
1,All Population,5,Prevalence,102,United States of America,3,Both,11,30-34 years,558,Mental disorders,3,Rate,2023,21325.04049468526,25944.63976153673,18227.854135501308
1,All Population,5,Prevalence,102,United States of America,1,Male,12,35-39 years,558,Mental disorders,3,Rate,2023,18504.116506937222,20910.95126932369,16122.084987019269
1,All Population,5,Prevalence,102,United States of America,2,Female,12,35-39 years,558,Mental disorders,3,Rate,2023,23335.63744659758,27286.937110273717,20099.1790268382
1,All Population,5,Prevalence,102,United States of America,3,Both,12,35-39 years,558,Mental disorders,3,Rate,2023,20888.47021533935,23874.39307098253,18134.25337820569
1,All Population,5,Prevalence,102,United States of America,1,Male,13,40-44 years,558,Mental disorders,3,Rate,2023,17906.48579886731,20290.25277838367,15768.1738237064
1,All Population,5,Prevalence,102,United States of America,2,Female,13,40-44 years,558,Mental disorders,3,Rate,2023,22661.302309883198,26164.700574501392,19573.33070635327
1,All Population,5,Prevalence,102,United States of America,3,Both,13,40-44 years,558,Mental disorders,3,Rate,2023,20266.99017033943,23248.097906298608,17756.71067739448
1,All Population,5,Prevalence,102,United States of America,1,Male,14,45-49 years,558,Mental disorders,3,Rate,2023,17346.48541223101,19568.81558651537,15368.723893707289
1,All Population,5,Prevalence,102,United States of America,2,Female,14,45-49 years,558,Mental disorders,3,Rate,2023,22089.89448073379,25803.07995585607,18976.30944663119
1,All Population,5,Prevalence,102,United States of America,3,Both,14,45-49 years,558,Mental disorders,3,Rate,2023,19715.865534485398,22676.46857344866,17241.87607418264
1,All Population,5,Prevalence,102,United States of America,1,Male,15,50-54 years,558,Mental disorders,3,Rate,2023,16751.58230036104,19690.79395844584,14619.14361033358
1,All Population,5,Prevalence,102,United States of America,2,Female,15,50-54 years,558,Mental disorders,3,Rate,2023,21599.56450320153,26864.790150356537,17950.99855780164
1,All Population,5,Prevalence,102,United States of America,3,Both,15,50-54 years,558,Mental disorders,3,Rate,2023,19178.261805314458,23220.36419918861,16356.56709644844
1,All Population,5,Prevalence,102,United States of America,1,Male,16,55-59 years,558,Mental disorders,3,Rate,2023,15962.223625949178,18303.901934686968,13882.9858948716
1,All Population,5,Prevalence,102,United States of America,2,Female,16,55-59 years,558,Mental disorders,3,Rate,2023,20737.841593871028,25163.929064827378,17177.66345650753
1,All Population,5,Prevalence,102,United States of America,3,Both,16,55-59 years,558,Mental disorders,3,Rate,2023,18374.82321177319,21707.71846257428,15601.334166766259
1,All Population,5,Prevalence,102,United States of America,1,Male,17,60-64 years,558,Mental disorders,3,Rate,2023,15201.518575610171,17702.60888144315,13122.64089985307
1,All Population,5,Prevalence,102,United States of America,2,Female,17,60-64 years,558,Mental disorders,3,Rate,2023,19978.43795944437,24024.94043744205,16043.96494100169
1,All Population,5,Prevalence,102,United States of America,3,Both,17,60-64 years,558,Mental disorders,3,Rate,2023,17647.82693141538,20937.56013417005,14691.905037489181
1,All Population,5,Prevalence,102,United States of America,1,Male,18,65-69 years,558,Mental disorders,3,Rate,2023,14607.18837543816,16921.3811025428,12829.02047212759
1,All Population,5,Prevalence,102,United States of America,2,Female,18,65-69 years,558,Mental disorders,3,Rate,2023,19346.65898473488,23149.46757822253,16224.03237011614
1,All Population,5,Prevalence,102,United States of America,3,Both,18,65-69 years,558,Mental disorders,3,Rate,2023,17084.98536906137,20023.63869422275,14638.62972651186
1,All Population,5,Prevalence,102,United States of America,1,Male,19,70-74 years,558,Mental disorders,3,Rate,2023,13991.80750250154,16978.826140119498,12083.24458727765
1,All Population,5,Prevalence,102,United States of America,2,Female,19,70-74 years,558,Mental disorders,3,Rate,2023,18530.01172559881,23700.36917269095,15366.53035720527
1,All Population,5,Prevalence,102,United States of America,3,Both,19,70-74 years,558,Mental disorders,3,Rate,2023,16419.85318370238,20508.30128363182,13856.900255386201
1,All Population,5,Prevalence,102,United States of America,1,Male,20,75-79 years,558,Mental disorders,3,Rate,2023,13389.856518753451,15883.8248812175,11526.49378145107
1,All Population,5,Prevalence,102,United States of America,2,Female,20,75-79 years,558,Mental disorders,3,Rate,2023,17647.09057790411,21691.800866748858,14794.595211396541
1,All Population,5,Prevalence,102,United States of America,3,Both,20,75-79 years,558,Mental disorders,3,Rate,2023,15715.442058643031,18990.008263836768,13274.12916874855
1,All Population,5,Prevalence,102,United States of America,1,Male,30,80-84 years,558,Mental disorders,3,Rate,2023,12882.241521688558,15727.14593742843,11071.64985579836
1,All Population,5,Prevalence,102,United States of America,2,Female,30,80-84 years,558,Mental disorders,3,Rate,2023,16790.383990447743,20888.73552010094,13826.108397015649
1,All Population,5,Prevalence,102,United States of America,3,Both,30,80-84 years,558,Mental disorders,3,Rate,2023,15111.79478494734,18828.03057071081,12695.232676137
1,All Population,5,Prevalence,102,United States of America,1,Male,31,85-89 years,558,Mental disorders,3,Rate,2023,12647.159527310108,15253.805644318269,10947.6051240523
1,All Population,5,Prevalence,102,United States of America,2,Female,31,85-89 years,558,Mental disorders,3,Rate,2023,16343.394687693311,20172.38041586093,13576.8854919076
1,All Population,5,Prevalence,102,United States of America,3,Both,31,85-89 years,558,Mental disorders,3,Rate,2023,14880.96844187442,18338.00982973315,12557.51569532485
1,All Population,5,Prevalence,102,United States of America,1,Male,32,90-94 years,558,Mental disorders,3,Rate,2023,12620.616190000741,15071.952162016561,10744.54340162553
1,All Population,5,Prevalence,102,United States of America,2,Female,32,90-94 years,558,Mental disorders,3,Rate,2023,16150.34573946162,20149.73025832581,13238.63529188167
1,All Population,5,Prevalence,102,United States of America,3,Both,32,90-94 years,558,Mental disorders,3,Rate,2023,14948.80864990855,18446.277971070478,12426.733800418791
1,All Population,5,Prevalence,102,United States of America,1,Male,235,95+ years,558,Mental disorders,3,Rate,2023,12835.329622958361,15420.376214087051,10978.22492560587
1,All Population,5,Prevalence,102,United States of America,2,Female,235,95+ years,558,Mental disorders,3,Rate,2023,16334.407311832188,20388.51976308155,13454.00064671633
1,All Population,5,Prevalence,102,United States of America,3,Both,235,95+ years,558,Mental disorders,3,Rate,2023,15381.577989959069,19032.651683821638,12779.55814337759
1,All Population,5,Prevalence,102,United States of America,1,Male,1,<5 years,669,Sense organ diseases,3,Rate,2023,1435.9355088108,1618.8152057561401,1252.0935727398
1,All Population,5,Prevalence,102,United States of America,2,Female,1,<5 years,669,Sense organ diseases,3,Rate,2023,1342.01356767503,1510.63666095791,1164.37884790258
1,All Population,5,Prevalence,102,United States of America,3,Both,1,<5 years,669,Sense organ diseases,3,Rate,2023,1390.0108219199099,1562.51731216738,1208.5417403260299
1,All Population,5,Prevalence,102,United States of America,1,Male,6,5-9 years,669,Sense organ diseases,3,Rate,2023,2117.31030162609,2444.02553509112,1774.1276753893899
1,All Population,5,Prevalence,102,United States of America,2,Female,6,5-9 years,669,Sense organ diseases,3,Rate,2023,2209.98344574577,2567.96163133069,1855.9423813879703
1,All Population,5,Prevalence,102,United States of America,3,Both,6,5-9 years,669,Sense organ diseases,3,Rate,2023,2162.5828296613,2501.43077516819,1806.94680936574
1,All Population,5,Prevalence,102,United States of America,1,Male,7,10-14 years,669,Sense organ diseases,3,Rate,2023,2707.70165664565,3139.9884822941503,2231.54007606482
1,All Population,5,Prevalence,102,United States of America,2,Female,7,10-14 years,669,Sense organ diseases,3,Rate,2023,2944.94741942729,3434.1196622315,2443.63410420311
1,All Population,5,Prevalence,102,United States of America,3,Both,7,10-14 years,669,Sense organ diseases,3,Rate,2023,2823.39434920332,3261.88589384724,2341.02366228588
1,All Population,5,Prevalence,102,United States of America,1,Male,8,15-19 years,669,Sense organ diseases,3,Rate,2023,3433.4636213370304,3891.32531025947,3005.6627836298
1,All Population,5,Prevalence,102,United States of America,2,Female,8,15-19 years,669,Sense organ diseases,3,Rate,2023,3359.64133512328,3814.53432302235,2935.73903894189
1,All Population,5,Prevalence,102,United States of America,3,Both,8,15-19 years,669,Sense organ diseases,3,Rate,2023,3397.4444186883597,3867.17631132526,2976.34874164807
1,All Population,5,Prevalence,102,United States of America,1,Male,9,20-24 years,669,Sense organ diseases,3,Rate,2023,4647.96289021545,5269.28545975075,4051.93907076335
1,All Population,5,Prevalence,102,United States of America,2,Female,9,20-24 years,669,Sense organ diseases,3,Rate,2023,3856.09246020036,4383.64487576862,3361.67559934277
1,All Population,5,Prevalence,102,United States of America,3,Both,9,20-24 years,669,Sense organ diseases,3,Rate,2023,4259.53717003802,4821.73907599143,3740.23977971797
1,All Population,5,Prevalence,102,United States of America,1,Male,10,25-29 years,669,Sense organ diseases,3,Rate,2023,6506.433331292261,7307.3133857251005,5804.02925245227
1,All Population,5,Prevalence,102,United States of America,2,Female,10,25-29 years,669,Sense organ diseases,3,Rate,2023,4767.08934934581,5387.45251653821,4242.91545351065
1,All Population,5,Prevalence,102,United States of America,3,Both,10,25-29 years,669,Sense organ diseases,3,Rate,2023,5651.27687031809,6348.74973760651,5050.2827270342605
1,All Population,5,Prevalence,102,United States of America,1,Male,11,30-34 years,669,Sense organ diseases,3,Rate,2023,8971.541751380011,10154.586744540251,7975.468818007431
1,All Population,5,Prevalence,102,United States of America,2,Female,11,30-34 years,669,Sense organ diseases,3,Rate,2023,6028.376202760271,6846.0665644112405,5327.81023218701
1,All Population,5,Prevalence,102,United States of America,3,Both,11,30-34 years,669,Sense organ diseases,3,Rate,2023,7518.410817284491,8450.00037997313,6743.63203046887
1,All Population,5,Prevalence,102,United States of America,1,Male,12,35-39 years,669,Sense organ diseases,3,Rate,2023,12368.33226980827,13745.5497063643,10901.27298988952
1,All Population,5,Prevalence,102,United States of America,2,Female,12,35-39 years,669,Sense organ diseases,3,Rate,2023,7934.217103866591,8803.87701784792,7067.43495652724
1,All Population,5,Prevalence,102,United States of America,3,Both,12,35-39 years,669,Sense organ diseases,3,Rate,2023,10180.09815648609,11267.717534569401,9050.41243635475
1,All Population,5,Prevalence,102,United States of America,1,Male,13,40-44 years,669,Sense organ diseases,3,Rate,2023,17149.55264374815,19180.39822143023,15086.58829728064
1,All Population,5,Prevalence,102,United States of America,2,Female,13,40-44 years,669,Sense organ diseases,3,Rate,2023,10564.50452778505,11759.562478649641,9414.656044171079
1,All Population,5,Prevalence,102,United States of America,3,Both,13,40-44 years,669,Sense organ diseases,3,Rate,2023,13880.43913998348,15478.20539057466,12305.23122021861
1,All Population,5,Prevalence,102,United States of America,1,Male,14,45-49 years,669,Sense organ diseases,3,Rate,2023,24991.30515836543,27370.47933717406,22560.522456950523
1,All Population,5,Prevalence,102,United States of America,2,Female,14,45-49 years,669,Sense organ diseases,3,Rate,2023,14913.946816180578,16561.5091200381,13443.080805444399
1,All Population,5,Prevalence,102,United States of America,3,Both,14,45-49 years,669,Sense organ diseases,3,Rate,2023,19957.56419359051,21946.80696805484,18166.10800154407
1,All Population,5,Prevalence,102,United States of America,1,Male,15,50-54 years,669,Sense organ diseases,3,Rate,2023,35056.43051365987,38238.35809130742,31823.521825069252
1,All Population,5,Prevalence,102,United States of America,2,Female,15,50-54 years,669,Sense organ diseases,3,Rate,2023,20895.49535094294,23269.84485767816,18761.795395731988
1,All Population,5,Prevalence,102,United States of America,3,Both,15,50-54 years,669,Sense organ diseases,3,Rate,2023,27968.11011714413,30675.55437261954,25374.33943656824
1,All Population,5,Prevalence,102,United States of America,1,Male,16,55-59 years,669,Sense organ diseases,3,Rate,2023,48586.20469395128,54409.115536481215,44228.476628045486
1,All Population,5,Prevalence,102,United States of America,2,Female,16,55-59 years,669,Sense organ diseases,3,Rate,2023,29520.61541979073,32308.6209211498,27025.288705597177
1,All Population,5,Prevalence,102,United States of America,3,Both,16,55-59 years,669,Sense organ diseases,3,Rate,2023,38954.43910983219,42583.159598902384,35581.23952275471
1,All Population,5,Prevalence,102,United States of America,1,Male,17,60-64 years,669,Sense organ diseases,3,Rate,2023,60975.44375626037,67277.54636868383,55756.80701540837
1,All Population,5,Prevalence,102,United States of America,2,Female,17,60-64 years,669,Sense organ diseases,3,Rate,2023,40827.0031853596,44242.93175194531,37772.08678814113
1,All Population,5,Prevalence,102,United States of America,3,Both,17,60-64 years,669,Sense organ diseases,3,Rate,2023,50657.22513782574,54938.570394309085,46954.238175719984
1,All Population,5,Prevalence,102,United States of America,1,Male,18,65-69 years,669,Sense organ diseases,3,Rate,2023,71541.33177024701,80224.70082187065,64864.89613861781
1,All Population,5,Prevalence,102,United States of America,2,Female,18,65-69 years,669,Sense organ diseases,3,Rate,2023,56113.41470308241,61102.31265928862,51591.472806903395
1,All Population,5,Prevalence,102,United States of America,3,Both,18,65-69 years,669,Sense organ diseases,3,Rate,2023,63475.61100136958,70081.15900183983,58199.585258368155
1,All Population,5,Prevalence,102,United States of America,1,Male,19,70-74 years,669,Sense organ diseases,3,Rate,2023,79922.75971409031,89157.11049682496,71868.68447541932
1,All Population,5,Prevalence,102,United States of America,2,Female,19,70-74 years,669,Sense organ diseases,3,Rate,2023,69575.63560726446,75970.34760192498,63682.07182761834
1,All Population,5,Prevalence,102,United States of America,3,Both,19,70-74 years,669,Sense organ diseases,3,Rate,2023,74386.80567470133,81885.87069496,67787.54173374448
1,All Population,5,Prevalence,102,United States of America,1,Male,20,75-79 years,669,Sense organ diseases,3,Rate,2023,86241.3368573644,93367.48787893806,78437.0364434163
1,All Population,5,Prevalence,102,United States of America,2,Female,20,75-79 years,669,Sense organ diseases,3,Rate,2023,81155.84149853961,87888.67268544252,74192.7109249671
1,All Population,5,Prevalence,102,United States of America,3,Both,20,75-79 years,669,Sense organ diseases,3,Rate,2023,83463.29968455786,89437.72491439653,76659.46297737952
1,All Population,5,Prevalence,102,United States of America,1,Male,30,80-84 years,669,Sense organ diseases,3,Rate,2023,89849.17070636792,95967.97802938483,82942.20286196264
1,All Population,5,Prevalence,102,United States of America,2,Female,30,80-84 years,669,Sense organ diseases,3,Rate,2023,87926.10886171205,95185.79764569798,80719.45866371666
1,All Population,5,Prevalence,102,United States of America,3,Both,30,80-84 years,669,Sense organ diseases,3,Rate,2023,88752.08459820405,95412.93356022201,82109.31928017
1,All Population,5,Prevalence,102,United States of America,1,Male,31,85-89 years,669,Sense organ diseases,3,Rate,2023,91401.2670005,96807.75644427477,84117.84948297477
1,All Population,5,Prevalence,102,United States of America,2,Female,31,85-89 years,669,Sense organ diseases,3,Rate,2023,89980.03110759241,95737.35467240671,82361.5253023298
1,All Population,5,Prevalence,102,United States of America,3,Both,31,85-89 years,669,Sense organ diseases,3,Rate,2023,90542.34724309298,95872.40272044616,83232.84266046256
1,All Population,5,Prevalence,102,United States of America,1,Male,32,90-94 years,669,Sense organ diseases,3,Rate,2023,91799.17755890265,97063.30787336818,85161.21611869444
1,All Population,5,Prevalence,102,United States of America,2,Female,32,90-94 years,669,Sense organ diseases,3,Rate,2023,90592.11281071782,95941.63926247913,83791.32448305085
1,All Population,5,Prevalence,102,United States of America,3,Both,32,90-94 years,669,Sense organ diseases,3,Rate,2023,91003.0035161141,96169.21795540155,84400.9232026301
1,All Population,5,Prevalence,102,United States of America,1,Male,235,95+ years,669,Sense organ diseases,3,Rate,2023,91764.26693947696,97172.42103616812,84330.81504261955
1,All Population,5,Prevalence,102,United States of America,2,Female,235,95+ years,669,Sense organ diseases,3,Rate,2023,90769.85074914829,96395.65474308736,82713.90224955216
1,All Population,5,Prevalence,102,United States of America,3,Both,235,95+ years,669,Sense organ diseases,3,Rate,2023,91040.6389363621,96593.4600793398,83077.72706095435
1,All Population,5,Prevalence,102,United States of America,1,Male,1,<5 years,687,Injuries,3,Rate,2023,2505.28348537635,2846.28228576825,2165.14106550458
1,All Population,5,Prevalence,102,United States of America,2,Female,1,<5 years,687,Injuries,3,Rate,2023,2432.6768637849,2787.5992066592503,2074.6398267661702
1,All Population,5,Prevalence,102,United States of America,3,Both,1,<5 years,687,Injuries,3,Rate,2023,2469.7812766009497,2818.08514685776,2120.88898764035
1,All Population,5,Prevalence,102,United States of America,1,Male,6,5-9 years,687,Injuries,3,Rate,2023,5964.58804559426,6853.919810601131,5030.88906233312
1,All Population,5,Prevalence,102,United States of America,2,Female,6,5-9 years,687,Injuries,3,Rate,2023,5910.15512579871,6866.73158715613,5027.29047767943
1,All Population,5,Prevalence,102,United States of America,3,Both,6,5-9 years,687,Injuries,3,Rate,2023,5937.99656743852,6838.169848148839,5018.73701831507
1,All Population,5,Prevalence,102,United States of America,1,Male,7,10-14 years,687,Injuries,3,Rate,2023,9985.452483655181,11437.4731399746,8540.001720082819
1,All Population,5,Prevalence,102,United States of America,2,Female,7,10-14 years,687,Injuries,3,Rate,2023,10150.70274330101,11715.08933214681,8685.53001789588
1,All Population,5,Prevalence,102,United States of America,3,Both,7,10-14 years,687,Injuries,3,Rate,2023,10066.03663091297,11566.52104302553,8596.43755628806
1,All Population,5,Prevalence,102,United States of America,1,Male,8,15-19 years,687,Injuries,3,Rate,2023,15424.65698223619,17077.94640021029,13647.61749381368
1,All Population,5,Prevalence,102,United States of America,2,Female,8,15-19 years,687,Injuries,3,Rate,2023,15583.35468585443,17739.159942911538,13582.63896133334
1,All Population,5,Prevalence,102,United States of America,3,Both,8,15-19 years,687,Injuries,3,Rate,2023,15502.0884062638,17425.948833624767,13595.00538715964
1,All Population,5,Prevalence,102,United States of America,1,Male,9,20-24 years,687,Injuries,3,Rate,2023,20489.09993763633,22460.21355721325,18662.49849172281
1,All Population,5,Prevalence,102,United States of America,2,Female,9,20-24 years,687,Injuries,3,Rate,2023,18417.06911929482,20362.25818597448,16382.360216677718
1,All Population,5,Prevalence,102,United States of America,3,Both,9,20-24 years,687,Injuries,3,Rate,2023,19472.73408744443,21443.18449141506,17597.165165806487
1,All Population,5,Prevalence,102,United States of America,1,Male,10,25-29 years,687,Injuries,3,Rate,2023,24897.7871023514,26642.25286076103,22993.65759503482
1,All Population,5,Prevalence,102,United States of America,2,Female,10,25-29 years,687,Injuries,3,Rate,2023,20306.61223959168,22316.73757112507,18536.893975794
1,All Population,5,Prevalence,102,United States of America,3,Both,10,25-29 years,687,Injuries,3,Rate,2023,22640.51488472054,24440.1146966813,20858.91793913654
1,All Population,5,Prevalence,102,United States of America,1,Male,11,30-34 years,687,Injuries,3,Rate,2023,29792.81173036098,31796.871567959373,28045.99707069646
1,All Population,5,Prevalence,102,United States of America,2,Female,11,30-34 years,687,Injuries,3,Rate,2023,23713.90133855451,25828.89354401029,21922.24284548825
1,All Population,5,Prevalence,102,United States of America,3,Both,11,30-34 years,687,Injuries,3,Rate,2023,26791.46756877575,28763.94151517851,25123.447086645712
1,All Population,5,Prevalence,102,United States of America,1,Male,12,35-39 years,687,Injuries,3,Rate,2023,34164.83479370709,36479.40445078514,32097.79325732906
1,All Population,5,Prevalence,102,United States of America,2,Female,12,35-39 years,687,Injuries,3,Rate,2023,27112.71073675692,29525.610608886072,25103.88115154329
1,All Population,5,Prevalence,102,United States of America,3,Both,12,35-39 years,687,Injuries,3,Rate,2023,30684.614308833603,33080.76299565145,28694.66659532602
1,All Population,5,Prevalence,102,United States of America,1,Male,13,40-44 years,687,Injuries,3,Rate,2023,38493.70521467725,41132.982878036186,36163.917625454604
1,All Population,5,Prevalence,102,United States of America,2,Female,13,40-44 years,687,Injuries,3,Rate,2023,30711.81889985034,33383.74703329049,28467.62662080894
1,All Population,5,Prevalence,102,United States of America,3,Both,13,40-44 years,687,Injuries,3,Rate,2023,34630.427499987185,37304.7539135701,32381.201508806902
1,All Population,5,Prevalence,102,United States of America,1,Male,14,45-49 years,687,Injuries,3,Rate,2023,45114.56346122916,48117.23882306007,42831.096220888096
1,All Population,5,Prevalence,102,United States of America,2,Female,14,45-49 years,687,Injuries,3,Rate,2023,37243.17415217413,40231.32117895127,34935.8168733451
1,All Population,5,Prevalence,102,United States of America,3,Both,14,45-49 years,687,Injuries,3,Rate,2023,41182.72602236215,44202.51006958494,38984.58379538039
1,All Population,5,Prevalence,102,United States of America,1,Male,15,50-54 years,687,Injuries,3,Rate,2023,54011.00430880481,58088.849796623086,50937.87717782613
1,All Population,5,Prevalence,102,United States of America,2,Female,15,50-54 years,687,Injuries,3,Rate,2023,47893.56579800783,53028.15793688483,44072.57531210184
1,All Population,5,Prevalence,102,United States of America,3,Both,15,50-54 years,687,Injuries,3,Rate,2023,50948.89268466024,55637.70657468937,47366.09993461316
1,All Population,5,Prevalence,102,United States of America,1,Male,16,55-59 years,687,Injuries,3,Rate,2023,62902.77856417798,67415.55638104411,58508.44318652533
1,All Population,5,Prevalence,102,United States of America,2,Female,16,55-59 years,687,Injuries,3,Rate,2023,60699.41835159588,67223.17718916215,54963.319633575105
1,All Population,5,Prevalence,102,United States of America,3,Both,16,55-59 years,687,Injuries,3,Rate,2023,61789.66064477912,67322.53707717346,56664.55545090891
1,All Population,5,Prevalence,102,United States of America,1,Male,17,60-64 years,687,Injuries,3,Rate,2023,72078.41269471533,78656.33709869058,67120.1095621786
1,All Population,5,Prevalence,102,United States of America,2,Female,17,60-64 years,687,Injuries,3,Rate,2023,76294.25566434056,87158.38548158237,68450.69386205092
1,All Population,5,Prevalence,102,United States of America,3,Both,17,60-64 years,687,Injuries,3,Rate,2023,74237.38818805492,82820.27091149075,67725.44135088442
1,All Population,5,Prevalence,102,United States of America,1,Male,18,65-69 years,687,Injuries,3,Rate,2023,80922.19898285482,87500.8626860349,75113.71449189435
1,All Population,5,Prevalence,102,United States of America,2,Female,18,65-69 years,687,Injuries,3,Rate,2023,90715.07019809927,97804.34131778461,83302.75373335436
1,All Population,5,Prevalence,102,United States of America,3,Both,18,65-69 years,687,Injuries,3,Rate,2023,86041.91568886743,92875.18593091544,79585.97510347611
1,All Population,5,Prevalence,102,United States of America,1,Male,19,70-74 years,687,Injuries,3,Rate,2023,88184.97987674228,93996.1980520106,82224.19949976889
1,All Population,5,Prevalence,102,United States of America,2,Female,19,70-74 years,687,Injuries,3,Rate,2023,98113.10490146828,99986.97127199438,93845.95266191472
1,All Population,5,Prevalence,102,United States of America,3,Both,19,70-74 years,687,Injuries,3,Rate,2023,93496.7595815912,97157.16235116647,88465.7124699879
1,All Population,5,Prevalence,102,United States of America,1,Male,20,75-79 years,687,Injuries,3,Rate,2023,94215.10554145044,98038.28927766134,89654.91383808764
1,All Population,5,Prevalence,102,United States of America,2,Female,20,75-79 years,687,Injuries,3,Rate,2023,99925.96567552659,99999.99999999997,99528.62546240068
1,All Population,5,Prevalence,102,United States of America,3,Both,20,75-79 years,687,Injuries,3,Rate,2023,97334.75871616663,99109.90667664156,95061.19295397932
1,All Population,5,Prevalence,102,United States of America,1,Male,30,80-84 years,687,Injuries,3,Rate,2023,97924.39624638647,99558.10357516211,94900.35930617507
1,All Population,5,Prevalence,102,United States of America,2,Female,30,80-84 years,687,Injuries,3,Rate,2023,99999.66124813815,100000.00000000003,99999.43780492636
1,All Population,5,Prevalence,102,United States of America,3,Both,30,80-84 years,687,Injuries,3,Rate,2023,99108.3126193869,99810.20073484741,97809.16097484193
1,All Population,5,Prevalence,102,United States of America,1,Male,31,85-89 years,687,Injuries,3,Rate,2023,99310.7818679676,99999.99999999996,97788.81409382683
1,All Population,5,Prevalence,102,United States of America,2,Female,31,85-89 years,687,Injuries,3,Rate,2023,100000.0,100000.0,100000.0
1,All Population,5,Prevalence,102,United States of America,3,Both,31,85-89 years,687,Injuries,3,Rate,2023,99727.3088313802,100000.0,99125.13783261635
1,All Population,5,Prevalence,102,United States of America,1,Male,32,90-94 years,687,Injuries,3,Rate,2023,99830.31192174055,100000.0,99100.68804716153
1,All Population,5,Prevalence,102,United States of America,2,Female,32,90-94 years,687,Injuries,3,Rate,2023,100000.0,100000.0,100000.0
1,All Population,5,Prevalence,102,United States of America,3,Both,32,90-94 years,687,Injuries,3,Rate,2023,99942.23735364797,100000.0,99693.869841507
1,All Population,5,Prevalence,102,United States of America,1,Male,235,95+ years,687,Injuries,3,Rate,2023,99970.71425337964,99999.99999999996,99678.05138599036
1,All Population,5,Prevalence,102,United States of America,2,Female,235,95+ years,687,Injuries,3,Rate,2023,100000.0,100000.0,100000.0
1,All Population,5,Prevalence,102,United States of America,3,Both,235,95+ years,687,Injuries,3,Rate,2023,99992.02523619824,99999.99999999997,99912.33058913203
1,All Population,5,Prevalence,102,United States of America,1,Male,1,<5 years,973,Substance use disorders,3,Rate,2023,79.23247646844,122.18084239377,16.06869916174
1,All Population,5,Prevalence,102,United States of America,2,Female,1,<5 years,973,Substance use disorders,3,Rate,2023,52.752767851659996,79.64424343705001,27.11052719627
1,All Population,5,Prevalence,102,United States of America,3,Both,1,<5 years,973,Substance use disorders,3,Rate,2023,66.28478488028,101.89232123911,22.13221066856
1,All Population,5,Prevalence,102,United States of America,1,Male,6,5-9 years,973,Substance use disorders,3,Rate,2023,81.39653948914,122.03303426787001,30.384447656160003
1,All Population,5,Prevalence,102,United States of America,2,Female,6,5-9 years,973,Substance use disorders,3,Rate,2023,54.221318010059996,80.08452926676,30.146862150220002
1,All Population,5,Prevalence,102,United States of America,3,Both,6,5-9 years,973,Substance use disorders,3,Rate,2023,68.12094613401,101.26875751370001,29.636431370670003
1,All Population,5,Prevalence,102,United States of America,1,Male,7,10-14 years,973,Substance use disorders,3,Rate,2023,651.80780733235,997.50289895116,401.94509587251997
1,All Population,5,Prevalence,102,United States of America,2,Female,7,10-14 years,973,Substance use disorders,3,Rate,2023,471.83554912264003,681.98231038803,301.97110684308
1,All Population,5,Prevalence,102,United States of America,3,Both,7,10-14 years,973,Substance use disorders,3,Rate,2023,564.04449011293,841.951564521,351.90415809562
1,All Population,5,Prevalence,102,United States of America,1,Male,8,15-19 years,973,Substance use disorders,3,Rate,2023,8609.202196902981,11486.92126896499,6577.72540941024
1,All Population,5,Prevalence,102,United States of America,2,Female,8,15-19 years,973,Substance use disorders,3,Rate,2023,5860.134152823271,7768.5754353926395,4420.662281916761
1,All Population,5,Prevalence,102,United States of America,3,Both,8,15-19 years,973,Substance use disorders,3,Rate,2023,7267.883144713271,9694.74993309634,5516.9626773553
1,All Population,5,Prevalence,102,United States of America,1,Male,9,20-24 years,973,Substance use disorders,3,Rate,2023,15888.99964653909,18339.01397120113,14123.43569268083
1,All Population,5,Prevalence,102,United States of America,2,Female,9,20-24 years,973,Substance use disorders,3,Rate,2023,11169.0135316958,13008.874526910038,9719.490972941509
1,All Population,5,Prevalence,102,United States of America,3,Both,9,20-24 years,973,Substance use disorders,3,Rate,2023,13573.76733530033,15720.78236489786,11899.169880759899
1,All Population,5,Prevalence,102,United States of America,1,Male,10,25-29 years,973,Substance use disorders,3,Rate,2023,17732.15675734043,19805.6258216696,15902.9080326966
1,All Population,5,Prevalence,102,United States of America,2,Female,10,25-29 years,973,Substance use disorders,3,Rate,2023,12184.91026584338,13714.23010667468,10943.987220613819
1,All Population,5,Prevalence,102,United States of America,3,Both,10,25-29 years,973,Substance use disorders,3,Rate,2023,15004.827530311199,16846.35629679804,13490.84829307377
1,All Population,5,Prevalence,102,United States of America,1,Male,11,30-34 years,973,Substance use disorders,3,Rate,2023,15959.78475327643,18137.8107637744,13839.90189218067
1,All Population,5,Prevalence,102,United States of America,2,Female,11,30-34 years,973,Substance use disorders,3,Rate,2023,10561.28743490563,12053.77426794367,9036.133616293771
1,All Population,5,Prevalence,102,United States of America,3,Both,11,30-34 years,973,Substance use disorders,3,Rate,2023,13294.381356367521,15097.14758574505,11526.8497875431
1,All Population,5,Prevalence,102,United States of America,1,Male,12,35-39 years,973,Substance use disorders,3,Rate,2023,13013.270404892091,14745.50133393417,11418.061422908391
1,All Population,5,Prevalence,102,United States of America,2,Female,12,35-39 years,973,Substance use disorders,3,Rate,2023,8714.84665216944,9838.145904961131,7577.560807339901
1,All Population,5,Prevalence,102,United States of America,3,Both,12,35-39 years,973,Substance use disorders,3,Rate,2023,10891.99995132585,12286.00662115906,9554.264434013281
1,All Population,5,Prevalence,102,United States of America,1,Male,13,40-44 years,973,Substance use disorders,3,Rate,2023,10480.29801656212,12318.74441016953,8826.9711370385
1,All Population,5,Prevalence,102,United States of America,2,Female,13,40-44 years,973,Substance use disorders,3,Rate,2023,7321.6956023158,8332.64777578847,6279.9991105379895
1,All Population,5,Prevalence,102,United States of America,3,Both,13,40-44 years,973,Substance use disorders,3,Rate,2023,8912.22598070182,10386.49983503681,7605.971775659499
1,All Population,5,Prevalence,102,United States of America,1,Male,14,45-49 years,973,Substance use disorders,3,Rate,2023,8806.80782730872,10228.37509285863,7698.375333376161
1,All Population,5,Prevalence,102,United States of America,2,Female,14,45-49 years,973,Substance use disorders,3,Rate,2023,6365.056761428239,7287.55945758256,5579.733861299141
1,All Population,5,Prevalence,102,United States of America,3,Both,14,45-49 years,973,Substance use disorders,3,Rate,2023,7587.128825257811,8690.50409969943,6658.8693935681495
1,All Population,5,Prevalence,102,United States of America,1,Male,15,50-54 years,973,Substance use disorders,3,Rate,2023,7509.95777891842,9017.6777021933,6231.94532884919
1,All Population,5,Prevalence,102,United States of America,2,Female,15,50-54 years,973,Substance use disorders,3,Rate,2023,5481.301366288821,6347.163337245989,4696.066813063931
1,All Population,5,Prevalence,102,United States of America,3,Both,15,50-54 years,973,Substance use disorders,3,Rate,2023,6494.50460001933,7679.42126308398,5525.36073317766
1,All Population,5,Prevalence,102,United States of America,1,Male,16,55-59 years,973,Substance use disorders,3,Rate,2023,6306.105778718959,7338.05512882329,5426.33612168356
1,All Population,5,Prevalence,102,United States of America,2,Female,16,55-59 years,973,Substance use disorders,3,Rate,2023,4208.77246216982,4828.06789866319,3640.66760397592
1,All Population,5,Prevalence,102,United States of America,3,Both,16,55-59 years,973,Substance use disorders,3,Rate,2023,5246.5517011462,6044.4397107142,4565.85033499851
1,All Population,5,Prevalence,102,United States of America,1,Male,17,60-64 years,973,Substance use disorders,3,Rate,2023,5114.09985142317,6280.64371993205,4056.67446883257
1,All Population,5,Prevalence,102,United States of America,2,Female,17,60-64 years,973,Substance use disorders,3,Rate,2023,2941.00222522927,3448.03213540176,2431.95318099635
1,All Population,5,Prevalence,102,United States of America,3,Both,17,60-64 years,973,Substance use disorders,3,Rate,2023,4001.23474866909,4812.04485677728,3241.20115410928
1,All Population,5,Prevalence,102,United States of America,1,Male,18,65-69 years,973,Substance use disorders,3,Rate,2023,3778.2715502648903,4654.83366103761,3079.00454202745
1,All Population,5,Prevalence,102,United States of America,2,Female,18,65-69 years,973,Substance use disorders,3,Rate,2023,2073.3133706274502,2466.17468608171,1732.8903337198199
1,All Population,5,Prevalence,102,United States of America,3,Both,18,65-69 years,973,Substance use disorders,3,Rate,2023,2886.9187811450097,3509.52423145406,2371.8685037738
1,All Population,5,Prevalence,102,United States of America,1,Male,19,70-74 years,973,Substance use disorders,3,Rate,2023,2634.78159072897,3256.97971777583,2057.99937253064
1,All Population,5,Prevalence,102,United States of America,2,Female,19,70-74 years,973,Substance use disorders,3,Rate,2023,1502.79654463218,1804.15262150012,1222.89369525614
1,All Population,5,Prevalence,102,United States of America,3,Both,19,70-74 years,973,Substance use disorders,3,Rate,2023,2029.1430457797,2480.3669780681903,1617.3947437689799
1,All Population,5,Prevalence,102,United States of America,1,Male,20,75-79 years,973,Substance use disorders,3,Rate,2023,2061.20213903881,2540.19362815361,1619.6616234003002
1,All Population,5,Prevalence,102,United States of America,2,Female,20,75-79 years,973,Substance use disorders,3,Rate,2023,1255.08445590374,1527.90547413093,1012.96137292645
1,All Population,5,Prevalence,102,United States of America,3,Both,20,75-79 years,973,Substance use disorders,3,Rate,2023,1620.84682821941,1970.07360776986,1294.81523921379
1,All Population,5,Prevalence,102,United States of America,1,Male,30,80-84 years,973,Substance use disorders,3,Rate,2023,1756.8273118398,2268.9960311036602,1329.4397798308898
1,All Population,5,Prevalence,102,United States of America,2,Female,30,80-84 years,973,Substance use disorders,3,Rate,2023,1176.70436623401,1484.42876114981,918.47157344687
1,All Population,5,Prevalence,102,United States of America,3,Both,30,80-84 years,973,Substance use disorders,3,Rate,2023,1425.87340808477,1827.4195480739702,1097.54800925023
1,All Population,5,Prevalence,102,United States of America,1,Male,31,85-89 years,973,Substance use disorders,3,Rate,2023,1782.42072175168,2270.4775161924,1388.48150285756
1,All Population,5,Prevalence,102,United States of America,2,Female,31,85-89 years,973,Substance use disorders,3,Rate,2023,1264.67787249082,1558.61825676395,1002.50630376279
1,All Population,5,Prevalence,102,United States of America,3,Both,31,85-89 years,973,Substance use disorders,3,Rate,2023,1469.5243442357698,1837.52437775342,1160.1065107833301
1,All Population,5,Prevalence,102,United States of America,1,Male,32,90-94 years,973,Substance use disorders,3,Rate,2023,2006.9172882272198,2652.09019148956,1495.6797524466801
1,All Population,5,Prevalence,102,United States of America,2,Female,32,90-94 years,973,Substance use disorders,3,Rate,2023,1463.7751416326,1888.6012436842702,1113.44697137371
1,All Population,5,Prevalence,102,United States of America,3,Both,32,90-94 years,973,Substance use disorders,3,Rate,2023,1648.6633674550499,2167.42308846249,1256.5528184598
1,All Population,5,Prevalence,102,United States of America,1,Male,235,95+ years,973,Substance use disorders,3,Rate,2023,2529.6711069541,3474.94449799603,1740.65309980698
1,All Population,5,Prevalence,102,United States of America,2,Female,235,95+ years,973,Substance use disorders,3,Rate,2023,1796.7973216088399,2402.63136219903,1281.98018164227
1,All Population,5,Prevalence,102,United States of America,3,Both,235,95+ years,973,Substance use disorders,3,Rate,2023,1996.36523464191,2659.80674336485,1417.76647635785
1,All Population,5,Prevalence,102,United States of America,1,Male,1,<5 years,974,Diabetes and kidney diseases,3,Rate,2023,78.61085319384999,142.11424140282,47.22568402813
1,All Population,5,Prevalence,102,United States of America,2,Female,1,<5 years,974,Diabetes and kidney diseases,3,Rate,2023,72.32612343769,126.34917214813001,43.74388775928
1,All Population,5,Prevalence,102,United States of America,3,Both,1,<5 years,974,Diabetes and kidney diseases,3,Rate,2023,75.53783060983001,134.32500187514,45.54244814755
1,All Population,5,Prevalence,102,United States of America,1,Male,6,5-9 years,974,Diabetes and kidney diseases,3,Rate,2023,445.80903480692,729.79845354472,307.71693628925004
1,All Population,5,Prevalence,102,United States of America,2,Female,6,5-9 years,974,Diabetes and kidney diseases,3,Rate,2023,449.78889904196,707.2111977107601,314.26560689744
1,All Population,5,Prevalence,102,United States of America,3,Both,6,5-9 years,974,Diabetes and kidney diseases,3,Rate,2023,447.7532713694,726.49327250433,312.41352460653
1,All Population,5,Prevalence,102,United States of America,1,Male,7,10-14 years,974,Diabetes and kidney diseases,3,Rate,2023,1206.44630650674,1479.45594979196,980.07362906548
1,All Population,5,Prevalence,102,United States of America,2,Female,7,10-14 years,974,Diabetes and kidney diseases,3,Rate,2023,1613.42630209914,2029.91587558901,1284.86487961702
1,All Population,5,Prevalence,102,United States of America,3,Both,7,10-14 years,974,Diabetes and kidney diseases,3,Rate,2023,1404.9097519868299,1749.83952204577,1131.31966652519
1,All Population,5,Prevalence,102,United States of America,1,Male,8,15-19 years,974,Diabetes and kidney diseases,3,Rate,2023,3174.0234971597197,3795.9667140744195,2683.06629284034
1,All Population,5,Prevalence,102,United States of America,2,Female,8,15-19 years,974,Diabetes and kidney diseases,3,Rate,2023,4465.4318197702405,5504.581115324049,3660.58886951996
1,All Population,5,Prevalence,102,United States of America,3,Both,8,15-19 years,974,Diabetes and kidney diseases,3,Rate,2023,3804.12452030618,4622.61689836778,3176.98583346656
1,All Population,5,Prevalence,102,United States of America,1,Male,9,20-24 years,974,Diabetes and kidney diseases,3,Rate,2023,4493.31351857654,5316.37033268278,3855.6830272392303
1,All Population,5,Prevalence,102,United States of America,2,Female,9,20-24 years,974,Diabetes and kidney diseases,3,Rate,2023,6355.00272099168,7772.5714267495,5321.77230616629
1,All Population,5,Prevalence,102,United States of America,3,Both,9,20-24 years,974,Diabetes and kidney diseases,3,Rate,2023,5406.50328016526,6512.925187326719,4573.0277865772005
1,All Population,5,Prevalence,102,United States of America,1,Male,10,25-29 years,974,Diabetes and kidney diseases,3,Rate,2023,5152.92941789365,6040.22735196705,4378.19475761735
1,All Population,5,Prevalence,102,United States of America,2,Female,10,25-29 years,974,Diabetes and kidney diseases,3,Rate,2023,7475.08498562608,9128.81379908259,6218.7780185036
1,All Population,5,Prevalence,102,United States of America,3,Both,10,25-29 years,974,Diabetes and kidney diseases,3,Rate,2023,6294.6278730268705,7553.197531380671,5301.4604621319195
1,All Population,5,Prevalence,102,United States of America,1,Male,11,30-34 years,974,Diabetes and kidney diseases,3,Rate,2023,7184.23996321922,8573.30472129364,6254.7098125249195
1,All Population,5,Prevalence,102,United States of America,2,Female,11,30-34 years,974,Diabetes and kidney diseases,3,Rate,2023,10006.87131779964,12226.17154587418,8390.26738233995
1,All Population,5,Prevalence,102,United States of America,3,Both,11,30-34 years,974,Diabetes and kidney diseases,3,Rate,2023,8577.85947565618,10376.83690228787,7316.98822096013
1,All Population,5,Prevalence,102,United States of America,1,Male,12,35-39 years,974,Diabetes and kidney diseases,3,Rate,2023,10591.53110854618,11944.609344107079,9309.02145795348
1,All Population,5,Prevalence,102,United States of America,2,Female,12,35-39 years,974,Diabetes and kidney diseases,3,Rate,2023,12543.1812593499,14594.11576972205,10781.09344162231
1,All Population,5,Prevalence,102,United States of America,3,Both,12,35-39 years,974,Diabetes and kidney diseases,3,Rate,2023,11554.66970044879,13213.18140893861,10040.35052645558
1,All Population,5,Prevalence,102,United States of America,1,Male,13,40-44 years,974,Diabetes and kidney diseases,3,Rate,2023,14407.47956799694,16003.56839328233,13075.22778594451
1,All Population,5,Prevalence,102,United States of America,2,Female,13,40-44 years,974,Diabetes and kidney diseases,3,Rate,2023,14728.51335009327,16803.2445374387,13067.27343303402
1,All Population,5,Prevalence,102,United States of America,3,Both,13,40-44 years,974,Diabetes and kidney diseases,3,Rate,2023,14566.855149425352,16334.95470238148,13076.31907312942
1,All Population,5,Prevalence,102,United States of America,1,Male,14,45-49 years,974,Diabetes and kidney diseases,3,Rate,2023,19587.29444017549,20994.622039623027,18010.598222147102
1,All Population,5,Prevalence,102,United States of America,2,Female,14,45-49 years,974,Diabetes and kidney diseases,3,Rate,2023,17990.803017119462,19793.17165896036,16232.43476950205
1,All Population,5,Prevalence,102,United States of America,3,Both,14,45-49 years,974,Diabetes and kidney diseases,3,Rate,2023,18789.831057087482,20381.50520486199,17172.0590344506
1,All Population,5,Prevalence,102,United States of America,1,Male,15,50-54 years,974,Diabetes and kidney diseases,3,Rate,2023,26267.110559336958,28476.667303876453,23759.84971522762
1,All Population,5,Prevalence,102,United States of America,2,Female,15,50-54 years,974,Diabetes and kidney diseases,3,Rate,2023,22840.150691950003,25105.53399227367,20501.46027002147
1,All Population,5,Prevalence,102,United States of America,3,Both,15,50-54 years,974,Diabetes and kidney diseases,3,Rate,2023,24551.73023685695,26763.79549388155,22084.416390538263
1,All Population,5,Prevalence,102,United States of America,1,Male,16,55-59 years,974,Diabetes and kidney diseases,3,Rate,2023,33054.64108271593,35800.52634224959,30557.86613210864
1,All Population,5,Prevalence,102,United States of America,2,Female,16,55-59 years,974,Diabetes and kidney diseases,3,Rate,2023,29006.916139298773,31478.584258324012,26750.58586751216
1,All Population,5,Prevalence,102,United States of America,3,Both,16,55-59 years,974,Diabetes and kidney diseases,3,Rate,2023,31009.76655807567,33581.49514055845,28595.03166882415
1,All Population,5,Prevalence,102,United States of America,1,Male,17,60-64 years,974,Diabetes and kidney diseases,3,Rate,2023,40501.76960611641,43221.220138940844,37840.206972094245
1,All Population,5,Prevalence,102,United States of America,2,Female,17,60-64 years,974,Diabetes and kidney diseases,3,Rate,2023,35702.8544877038,38198.77724307444,33182.07872549953
1,All Population,5,Prevalence,102,United States of America,3,Both,17,60-64 years,974,Diabetes and kidney diseases,3,Rate,2023,38044.197013892765,40545.4518527841,35493.58425449828
1,All Population,5,Prevalence,102,United States of America,1,Male,18,65-69 years,974,Diabetes and kidney diseases,3,Rate,2023,49017.59581161913,52512.045277117715,46019.82992680118
1,All Population,5,Prevalence,102,United States of America,2,Female,18,65-69 years,974,Diabetes and kidney diseases,3,Rate,2023,43568.19089529024,46852.445661106416,41143.21352665675
1,All Population,5,Prevalence,102,United States of America,3,Both,18,65-69 years,974,Diabetes and kidney diseases,3,Rate,2023,46168.6448987831,49586.08387447171,43591.87729502884
1,All Population,5,Prevalence,102,United States of America,1,Male,19,70-74 years,974,Diabetes and kidney diseases,3,Rate,2023,56423.38066558975,59552.46105171742,53526.261906536434
1,All Population,5,Prevalence,102,United States of America,2,Female,19,70-74 years,974,Diabetes and kidney diseases,3,Rate,2023,51776.013692905675,54921.77791606021,48919.22101182206
1,All Population,5,Prevalence,102,United States of America,3,Both,19,70-74 years,974,Diabetes and kidney diseases,3,Rate,2023,53936.93035347053,57004.40221197438,51083.480699215324
1,All Population,5,Prevalence,102,United States of America,1,Male,20,75-79 years,974,Diabetes and kidney diseases,3,Rate,2023,61920.60472240017,64975.40008242837,58473.038092212526
1,All Population,5,Prevalence,102,United States of America,2,Female,20,75-79 years,974,Diabetes and kidney diseases,3,Rate,2023,58785.14689847194,61840.80697224952,55272.96154618781
1,All Population,5,Prevalence,102,United States of America,3,Both,20,75-79 years,974,Diabetes and kidney diseases,3,Rate,2023,60207.80827406115,63219.890797030035,56724.66083908702
1,All Population,5,Prevalence,102,United States of America,1,Male,30,80-84 years,974,Diabetes and kidney diseases,3,Rate,2023,66556.26557321017,69651.48073261074,63976.755391252314
1,All Population,5,Prevalence,102,United States of America,2,Female,30,80-84 years,974,Diabetes and kidney diseases,3,Rate,2023,64389.64524263933,67671.38208588753,61435.360309182055
1,All Population,5,Prevalence,102,United States of America,3,Both,30,80-84 years,974,Diabetes and kidney diseases,3,Rate,2023,65320.23196724981,68596.15256343305,62509.92082860535
1,All Population,5,Prevalence,102,United States of America,1,Male,31,85-89 years,974,Diabetes and kidney diseases,3,Rate,2023,69694.94860978282,72954.21069153813,66648.77039581169
1,All Population,5,Prevalence,102,United States of America,2,Female,31,85-89 years,974,Diabetes and kidney diseases,3,Rate,2023,68101.4503884916,71489.09049694108,64859.71932293859
1,All Population,5,Prevalence,102,United States of America,3,Both,31,85-89 years,974,Diabetes and kidney diseases,3,Rate,2023,68731.92261776405,72096.78713620799,65573.32950655928
1,All Population,5,Prevalence,102,United States of America,1,Male,32,90-94 years,974,Diabetes and kidney diseases,3,Rate,2023,71117.0580406939,74030.7509584654,67931.6458280192
1,All Population,5,Prevalence,102,United States of America,2,Female,32,90-94 years,974,Diabetes and kidney diseases,3,Rate,2023,70378.13969933115,73509.11051389639,66986.08311230289
1,All Population,5,Prevalence,102,United States of America,3,Both,32,90-94 years,974,Diabetes and kidney diseases,3,Rate,2023,70629.67109312698,73676.65306053452,67395.62510560804
1,All Population,5,Prevalence,102,United States of America,1,Male,235,95+ years,974,Diabetes and kidney diseases,3,Rate,2023,72042.07998956472,75734.9936380303,68433.53045317101
1,All Population,5,Prevalence,102,United States of America,2,Female,235,95+ years,974,Diabetes and kidney diseases,3,Rate,2023,72733.20578921342,76601.31784123117,69014.96537245046
1,All Population,5,Prevalence,102,United States of America,3,Both,235,95+ years,974,Diabetes and kidney diseases,3,Rate,2023,72545.00621619387,76330.88634044233,68866.92658140215
