sex,cause,age,val,upper,lower
Both,Cardiovascular diseases,0,33.48867616877,42.43485674092,26.60331789833
Both,Cardiovascular diseases,1,32.53785953803241,41.671577769390716,25.75621596621677
Both,Cardiovascular diseases,2,30.604580451689934,39.96754970166008,24.01661565279592
Both,Cardiovascular diseases,3,28.62236682001,38.03336339064,22.20840233671
Both,Cardiovascular diseases,4,26.187069335960643,35.303713290065026,19.94520405257861
Both,Cardiovascular diseases,5,23.441604905039465,31.959164464668916,17.365647480077932
Both,Cardiovascular diseases,6,21.19848471142355,29.126285138478345,15.247529302305788
Both,Cardiovascular diseases,7,20.27021993929,27.931643535520003,14.36864620236
Both,Cardiovascular diseases,8,20.30266983415189,27.979653063875496,14.385773760937326
Both,Cardiovascular diseases,9,20.397269665178857,28.119092189146887,14.436059319426773
Both,Cardiovascular diseases,10,20.549894652032886,28.34307672164153,14.51785720196456
Both,Cardiovascular diseases,11,20.75642001437594,28.644722471666782,14.629521732686898
Both,Cardiovascular diseases,12,21.01272097187,29.01714524953,14.76940723573
Both,Cardiovascular diseases,13,22.036943351422522,30.39334780136746,15.4635491535559
Both,Cardiovascular diseases,14,24.233156233710908,33.27297632234121,17.02642966101983
Both,Cardiovascular diseases,15,27.12611971905204,36.99911179629721,19.139073180847813
Both,Cardiovascular diseases,16,30.24059390776278,40.91483520708148,21.482504135765865
Both,Cardiovascular diseases,17,33.10133890016,44.36322753854,23.7377469485
Both,Cardiovascular diseases,18,35.75965344833249,47.34377558978812,26.025247870413267
Both,Cardiovascular diseases,19,38.53676826426217,50.295112271385605,28.583779918649984
Both,Cardiovascular diseases,20,41.36234138810561,53.219037734345015,31.27185766460806
Both,Cardiovascular diseases,21,44.16603086001936,56.11735212967894,33.94799567968542
Both,Cardiovascular diseases,22,46.87749472016,58.991855608399995,36.47070853528
Both,Cardiovascular diseases,23,49.28199483974727,61.60376514450154,38.63789435368189
Both,Cardiovascular diseases,24,51.42821673808907,63.95240397900086,40.54711779265749
Both,Cardiovascular diseases,25,53.640953927474236,66.39673166344643,42.50639322681915
Both,Cardiovascular diseases,26,56.2449999201916,69.29570774938665,44.823735030779204
Both,Cardiovascular diseases,27,59.56514822853,73.00829178837,47.80715757915
Both,Cardiovascular diseases,28,64.37422293877233,78.48274508965152,52.279211972233945
Both,Cardiovascular diseases,29,70.93989104351675,86.08271244863927,58.5103279689067
Both,Cardiovascular diseases,30,78.82921041452501,95.29022864611126,65.98033793164048
Both,Cardiovascular diseases,31,87.60923892355885,105.5873284628455,74.1690742229075
Both,Cardiovascular diseases,32,96.84703444238,116.45604667962,82.55636920517999
Both,Cardiovascular diseases,33,106.40401265131737,127.93169207970905,90.79113496033294
Both,Cardiovascular diseases,34,116.81793706632007,140.6881381131068,99.35323529549326
Both,Cardiovascular diseases,35,128.6703873125801,155.165266560671,108.96893016101114
Both,Cardiovascular diseases,36,142.54294301528938,171.8029592032595,120.36447950723668
Both,Cardiovascular diseases,37,159.01718379964,191.04109782173,134.26614328452
Both,Cardiovascular diseases,38,181.8730934055065,215.63568973187688,155.12796691207825
Both,Cardiovascular diseases,39,212.49913692426483,246.748042122476,184.39889940563407
Both,Cardiovascular diseases,40,247.88961600835884,282.4259865838577,218.29755611029572
Both,Cardiovascular diseases,41,285.0388323102326,320.71735470635235,253.0425523711716
Both,Cardiovascular diseases,42,320.94108748233,359.66997808029,284.85250353337
Both,Cardiovascular diseases,43,354.33978515124693,399.162995226445,312.0030578650799
Both,Cardiovascular diseases,44,387.28568657561124,440.83202291108455,337.02890113732474
Both,Cardiovascular diseases,45,421.7341298559139,485.3596100927787,362.5372049494645
Both,Cardiovascular diseases,46,459.64045309264645,533.4283057300971,391.1351409008596
Both,Cardiovascular diseases,47,502.9599943863,585.7206587816099,425.42988059087
Both,Cardiovascular diseases,48,554.5038139119257,642.2390775132396,470.1093484102377
Both,Cardiovascular diseases,49,614.5842672989066,703.5206429012752,525.5858545916698
Both,Cardiovascular diseases,50,681.4086358292316,771.049912969836,588.0531494974741
Both,Cardiovascular diseases,51,753.1842007848896,846.3114457430413,653.7049834899582
Both,Cardiovascular diseases,52,828.11824344787,930.78979924501,718.73510693143
Both,Cardiovascular diseases,53,904.9365463792208,1030.5910570604253,779.6444908748961
Both,Cardiovascular diseases,54,985.7093653170381,1148.2183394641208,839.1409590611203
Both,Cardiovascular diseases,55,1073.6606913088833,1279.7517595154413,902.7285408840477
Both,Cardiovascular diseases,56,1172.014515402317,1421.271430273733,975.9112657376227
Both,Cardiovascular diseases,57,1283.9948286449,1568.85746479834,1064.19316301579
Both,Cardiovascular diseases,58,1418.7024022959197,1722.3094735080872,1183.1694304554546
Both,Cardiovascular diseases,59,1579.258401805084,1886.0189375623888,1337.23156441544
Both,Cardiovascular diseases,60,1759.917409505587,2062.9537761314755,1515.0780422225705
Both,Cardiovascular diseases,61,1954.9340077306215,2256.0819083855795,1705.4073412036691
Both,Cardiovascular diseases,62,2158.56277881338,2468.37125349493,1896.91793868556
Both,Cardiovascular diseases,63,2384.4394458869956,2723.9517800670187,2097.31153036151
Both,Cardiovascular diseases,64,2639.085639299707,3026.2346127015053,2315.4343720777033
Both,Cardiovascular diseases,65,2906.0848022073715,3347.109404556877,2541.701781390339
Both,Cardiovascular diseases,66,3169.0203777658435,3658.4658087916196,2766.5290758556143
Both,Cardiovascular diseases,67,3411.47580913098,3932.19347856422,2980.33157302973
Both,Cardiovascular diseases,68,3634.1163293548198,4161.0409850357955,3194.058804223762
Both,Cardiovascular diseases,69,3848.7146958135927,4366.372019414731,3414.335841442766
Both,Cardiovascular diseases,70,4055.51563814944,4562.998914930413,3625.0913132839105
Both,Cardiovascular diseases,71,4254.763886004502,4765.734004812231,3810.2538483443623
Both,Cardiovascular diseases,72,4446.70416902092,4989.38962228957,3953.7520752212904
Both,Cardiovascular diseases,73,4625.858964239123,5245.7184465276805,4052.8494927331285
Both,Cardiovascular diseases,74,4792.683326364844,5526.50485769226,4127.062716379051
Both,Cardiovascular diseases,75,4956.3208515381775,5816.608740513363,4193.700049777336
Both,Cardiovascular diseases,76,5125.915135899218,6100.889979721048,4270.0697965462605
Both,Cardiovascular diseases,77,5310.60977558806,6364.20846004537,4373.4802603041
Both,Cardiovascular diseases,78,5514.563638671691,6591.211818708505,4545.463144608326
Both,Cardiovascular diseases,79,5733.029957940335,6792.971024802123,4787.773554674974
Both,Cardiovascular diseases,80,5961.793876618941,6993.980960860526,5058.054896610166
Both,Cardiovascular diseases,81,6196.640537932463,7218.736509418013,5313.95057652003
Both,Cardiovascular diseases,82,6433.355085105851,7491.732553008889,5513.10400051069
Both,Cardiovascular diseases,83,6677.749418592402,7909.299504131397,5650.072608581693
Both,Cardiovascular diseases,84,6932.890446096088,8472.576321463832,5759.883450554215
Both,Cardiovascular diseases,85,7190.44582171787,9063.270706810576,5860.884347266819
Both,Cardiovascular diseases,86,7442.083199558708,9563.090361976007,5971.42311955806
Both,Cardiovascular diseases,87,7679.47023371956,9853.7429887645,6109.847588266501
Both,Cardiovascular diseases,88,7902.14925414735,9970.431567663085,6321.48547433674
Both,Cardiovascular diseases,89,8116.37277333817,10045.200571493668,6601.7420119106155
Both,Cardiovascular diseases,90,8323.873719216745,10105.019940562945,6894.081291622547
Both,Cardiovascular diseases,91,8526.385019707795,10176.859615177618,7141.967404106954
Both,Cardiovascular diseases,92,8725.63960273604,10287.68953564438,7288.86443999826
Both,Cardiovascular diseases,93,8921.946779971646,10482.601653023754,7362.634783413069
Both,Cardiovascular diseases,94,9114.372203038723,10775.824543583065,7426.389044164504
Both,Cardiovascular diseases,95,9302.783309792912,11148.033085439243,7476.463651431761
Both,Cardiovascular diseases,96,9487.047538089864,11579.902156709204,7509.195034394038
Both,Cardiovascular diseases,97,9667.03232578522,12052.106635509872,7520.919622230532
Both,Cardiovascular diseases,98,9667.03232578522,12052.10663550987,7520.919622230531
Both,Cardiovascular diseases,99,9667.03232578522,12052.10663550987,7520.919622230531
Both,Cardiovascular diseases,100,9667.03232578522,12052.10663550987,7520.919622230531
Both,Chronic respiratory diseases,0,0.0,0.0,0.0
Both,Chronic respiratory diseases,1,936.9328159867086,1431.388633038132,517.0644592339506
Both,Chronic respiratory diseases,2,2481.6402756693133,3808.4911122872118,1364.5722565533463
Both,Chronic respiratory diseases,3,3120.94853277067,4798.15725878704,1713.63844232962
Both,Chronic respiratory diseases,4,2856.0251727525297,4439.11086377017,1554.4506499628533
Both,Chronic respiratory diseases,5,2254.082328551954,3618.619103039907,1193.9760325006864
Both,Chronic respiratory diseases,6,1604.3608539497113,2721.653113076773,807.8477294003188
Both,Chronic respiratory diseases,7,1196.10160272657,2133.18403036129,571.69888011895
Both,Chronic respiratory diseases,8,1022.0536503103344,1853.8590613755214,478.43437249765714
Both,Chronic respiratory diseases,9,880.1188216736174,1623.6246817278095,402.8980963114819
Both,Chronic respiratory diseases,10,767.2670949143992,1436.400931588092,343.63169391857
Both,Chronic respiratory diseases,11,680.46844813066,1286.1078511263058,299.17680767706753
Both,Chronic respiratory diseases,12,616.69285942038,1166.66548051239,268.07507994512
Both,Chronic respiratory diseases,13,567.7070871188305,1064.9163539469653,245.39597183787535
Both,Chronic respiratory diseases,14,526.7469353593773,974.0580423732833,226.79732587384802
Both,Chronic respiratory diseases,15,492.98595093714295,897.5431410752301,211.703356516234
Both,Chronic respiratory diseases,16,465.5976806472497,838.8242453366908,199.53827822822933
Both,Chronic respiratory diseases,17,443.75567128482,801.3539504415501,189.72630547303
Both,Chronic respiratory diseases,18,424.3932630340094,779.2413395362629,180.88174530221414
Both,Chronic respiratory diseases,19,406.1962918240832,762.7325224686025,172.55657503488524
Both,Chronic respiratory diseases,20,390.96704806782833,749.4856345744315,165.58151453552722
Both,Chronic respiratory diseases,21,380.5078221780316,737.1588111896131,160.78728366862413
Both,Chronic respiratory diseases,22,376.62090456748,723.41018765001,159.00460229866
Both,Chronic respiratory diseases,23,377.22369250357053,706.4249760557124,164.44949979296842
Both,Chronic respiratory diseases,24,378.80720081846164,687.7613693971692,177.65012570148133
Both,Chronic respiratory diseases,25,381.0341462720824,670.1369743457806,193.90538016258
Both,Chronic respiratory diseases,26,383.56724562436216,656.2693975729475,208.51416331464577
Both,Chronic respiratory diseases,27,386.06921563523,648.87624575007,216.77537529606
Both,Chronic respiratory diseases,28,388.6590406449882,645.8477935371029,219.72634544638927
Both,Chronic respiratory diseases,29,391.6283387088606,643.3262016907764,221.81912278169045
Both,Chronic respiratory diseases,30,394.8987771591589,641.4069060276544,223.47468695507996
Both,Chronic respiratory diseases,31,398.39202332819485,640.1853423643009,225.1140176196743
Both,Chronic respiratory diseases,32,402.02974454828,639.75694651728,227.15809442859
Both,Chronic respiratory diseases,33,405.4516949347838,642.8177238211636,229.34755305214333
Both,Chronic respiratory diseases,34,408.74591518438336,651.1233956013252,231.42353592880346
Both,Chronic respiratory diseases,35,412.506502501352,663.358971660531,233.80778286391586
Both,Chronic respiratory diseases,36,417.32755408996314,678.2094618015473,236.9220336628262
Both,Chronic respiratory diseases,37,423.8031671544901,694.3598758271401,241.18802813088
Both,Chronic respiratory diseases,38,437.7327907528218,716.5451037311134,251.47627868911772
Both,Chronic respiratory diseases,39,461.99691943925,747.8034269204422,270.5154878646338
Both,Chronic respiratory diseases,40,492.81121866265227,784.2749423176496,295.51468062185506
Both,Chronic respiratory diseases,41,526.3913538719064,822.0997468452579,323.6828819252083
Both,Chronic respiratory diseases,42,558.9529905158901,857.41793742579,352.22911673912
Both,Chronic respiratory diseases,43,595.0985670301175,893.104744604824,386.7937462691724
Both,Chronic respiratory diseases,44,637.5941285978562,931.7337794386265,429.9916723052863
Both,Chronic respiratory diseases,45,679.9007507896143,968.992709615754,474.4937306883971
Both,Chronic respiratory diseases,46,715.4795091758997,1000.5692028247632,512.9707572594399
Both,Chronic respiratory diseases,47,737.79147932722,1022.15092675421,538.09358785935
Both,Chronic respiratory diseases,48,750.7568610550143,1036.958615011128,553.6372172330435
Both,Chronic respiratory diseases,49,762.1527736614464,1050.3645155088554,567.560460784196
Both,Chronic respiratory diseases,50,771.2256719531123,1061.2835673954062,578.8098853418805
Both,Chronic respiratory diseases,51,777.2220107366082,1068.6307098187929,586.3320577351706
Both,Chronic respiratory diseases,52,779.38824481853,1071.32088192703,589.07354479314
Both,Chronic respiratory diseases,53,778.1361018951396,1070.1873442183626,587.2977784918626
Both,Chronic respiratory diseases,54,775.1502226162859,1067.4842927592322,583.0632588503554
Both,Chronic respiratory diseases,55,771.5864312189441,1064.2580700499477,578.0091547621047
Both,Chronic respiratory diseases,56,768.6005519400903,1061.5550185908176,573.7746351205973
Both,Chronic respiratory diseases,57,767.3484090167,1060.42148088215,571.99886881932
Both,Chronic respiratory diseases,58,807.5166864293105,1102.3657595068287,606.9042768783363
Both,Chronic respiratory diseases,59,910.5314143469084,1210.3855309617857,696.6666834939218
Both,Chronic respiratory diseases,60,1050.1574362891417,1357.7611986184036,818.8553623238811
Both,Chronic respiratory diseases,61,1200.1595957756595,1517.7731658480643,951.0395870260187
Both,Chronic respiratory diseases,62,1334.30273632611,1663.7018360221498,1070.78863125814
Both,Chronic respiratory diseases,63,1462.6048157050275,1807.3651878663663,1193.0965338103122
Both,Chronic respiratory diseases,64,1602.6167826846106,1966.8886669658532,1333.0867955445297
Both,Chronic respiratory diseases,65,1739.402967296007,2125.0138769811415,1468.522883226487
Both,Chronic respiratory diseases,66,1858.0276995703646,2264.482421572763,1577.168263621879
Both,Chronic respiratory diseases,67,1943.55530953883,2368.03590440125,1636.7864034964
Both,Chronic respiratory diseases,68,2007.0821475622881,2448.1045479628146,1662.7129249553668
Both,Chronic respiratory diseases,69,2066.0146649571793,2523.571984183361,1684.4903201926604
Both,Chronic respiratory diseases,70,2114.8823431879828,2586.8599308679545,1701.19236110682
Both,Chronic respiratory diseases,71,2148.21466371918,2630.3901058216616,1711.8928195963867
Both,Chronic respiratory diseases,72,2160.54110801525,2646.58422684955,1715.6654675599
Both,Chronic respiratory diseases,73,2156.069050314462,2634.957646272645,1711.7903563907157
Both,Chronic respiratory diseases,74,2143.756168046102,2604.866112907913,1701.0531199852721
Both,Chronic respiratory diseases,75,2125.257397461177,2563.4919393043297,1684.785903996734
Both,Chronic respiratory diseases,76,2102.227674810691,2518.0174380108706,1664.3208540782653
Both,Chronic respiratory diseases,77,2076.32193634565,2475.62492157651,1640.99011588303
Both,Chronic respiratory diseases,78,2032.7966580734605,2433.8031367229,1596.695681218781
Both,Chronic respiratory diseases,79,1964.8075855210757,2387.520677759886,1524.2028926186952
Both,Chronic respiratory diseases,80,1885.8585592188222,2340.1796286187355,1441.1389218240738
Both,Chronic respiratory diseases,81,1809.453419697028,2295.1820732307174,1365.1309405762183
Both,Chronic respiratory diseases,82,1749.0960074860202,2255.9300955270996,1313.80612061643
Both,Chronic respiratory diseases,83,1700.1699949123797,2219.190525542474,1284.2091432259053
Both,Chronic respiratory diseases,84,1652.1788560862633,2182.1208953407863,1260.3123021754482
Both,Chronic respiratory diseases,85,1609.8061342133624,2148.709341897338,1240.1341879407717
Both,Chronic respiratory diseases,86,1577.7353724993675,2122.9440021874284,1221.6933909975883
Both,Chronic respiratory diseases,87,1560.65011414997,2108.81301318636,1203.00850182161
Both,Chronic respiratory diseases,88,1553.172903906018,2102.282463211471,1184.2299173562235
Both,Chronic respiratory diseases,89,1546.957165728322,2096.81018031072,1166.5619249909712
Both,Chronic respiratory diseases,90,1542.2327616525158,2092.621911055332,1149.6039508707997
Both,Chronic respiratory diseases,91,1539.2295537142338,2089.9434020165336,1132.955421140657
Both,Chronic respiratory diseases,92,1538.1774039491102,2089.00039976555,1116.21576194549
Both,Chronic respiratory diseases,93,1542.046168843567,2107.071052761085,1099.378887485377
Both,Chronic respiratory diseases,94,1552.8039331022458,2156.3463979023477,1082.7074999970762
Both,Chronic respiratory diseases,95,1569.177901088108,2229.4215144213213,1066.2042076805537
Both,Chronic respiratory diseases,96,1589.8952771641154,2318.89148154999,1049.8716187357763
Both,Chronic respiratory diseases,97,1613.68326569323,2417.3513785203404,1033.7123413627098
Both,Chronic respiratory diseases,98,1613.68326569323,2417.35137852034,1033.71234136271
Both,Chronic respiratory diseases,99,1613.68326569323,2417.35137852034,1033.71234136271
Both,Chronic respiratory diseases,100,1613.68326569323,2417.35137852034,1033.71234136271
Both,"Communicable, maternal, neonatal, and nutritional diseases",0,801411.2261578622,895403.2077820248,686097.2477267521
Both,"Communicable, maternal, neonatal, and nutritional diseases",1,782730.2927615135,891830.9658480365,659305.528767831
Both,"Communicable, maternal, neonatal, and nutritional diseases",2,744883.3708692703,877623.2593592077,608984.746046907
Both,"Communicable, maternal, neonatal, and nutritional diseases",3,706279.9099436855,857500.8825391087,565170.6810083978
Both,"Communicable, maternal, neonatal, and nutritional diseases",4,663215.5705396807,823158.3856991075,525751.0239340471
Both,"Communicable, maternal, neonatal, and nutritional diseases",5,617058.721134695,773102.3176090778,488806.1233135577
Both,"Communicable, maternal, neonatal, and nutritional diseases",6,575286.664931769,721754.2277526178,457212.77936269855
Both,"Communicable, maternal, neonatal, and nutritional diseases",7,545376.705133944,683535.6656133254,433847.7922972386
Both,"Communicable, maternal, neonatal, and nutritional diseases",8,524812.3340587482,656966.4997468224,416005.3533060709
Both,"Communicable, maternal, neonatal, and nutritional diseases",9,506605.721631124,632241.8801087554,399793.6748012287
Both,"Communicable, maternal, neonatal, and nutritional diseases",10,491527.1874652338,611296.2782827598,386310.58883319126
Both,"Communicable, maternal, neonatal, and nutritional diseases",11,480347.0511752401,596064.1658524711,376653.92745243775
Both,"Communicable, maternal, neonatal, and nutritional diseases",12,473835.6323753052,588480.0144015244,371921.5227094474
Both,"Communicable, maternal, neonatal, and nutritional diseases",13,470436.2678898863,585947.3718335237,370323.03170913405
Both,"Communicable, maternal, neonatal, and nutritional diseases",14,467887.62348380213,584281.1648818551,369204.9557654425
Both,"Communicable, maternal, neonatal, and nutritional diseases",15,465903.0121817583,583032.9333748281,368370.39324239874
Both,"Communicable, maternal, neonatal, and nutritional diseases",16,464195.74700846017,581754.2171407518,367622.44250402856
Both,"Communicable, maternal, neonatal, and nutritional diseases",17,462479.1409886133,579996.5560079354,366764.20191435784
Both,"Communicable, maternal, neonatal, and nutritional diseases",18,460862.20717960736,577597.8352821907,365825.6874790915
Both,"Communicable, maternal, neonatal, and nutritional diseases",19,459505.7618239797,574792.0807792804,364937.15194281936
Both,"Communicable, maternal, neonatal, and nutritional diseases",20,458200.8227241574,571725.0430924406,364052.04877789476
Both,"Communicable, maternal, neonatal, and nutritional diseases",21,456738.4076825678,568542.4728149073,363123.8314566708
Both,"Communicable, maternal, neonatal, and nutritional diseases",22,454909.5345016377,565390.120539917,362105.953451501
Both,"Communicable, maternal, neonatal, and nutritional diseases",23,452530.0635631902,562441.4025844785,361101.2791023954
Both,"Communicable, maternal, neonatal, and nutritional diseases",24,449602.98777130473,559595.082972282,360129.8932272214
Both,"Communicable, maternal, neonatal, and nutritional diseases",25,446200.0237117925,556584.933856585,359021.08001511724
Both,"Communicable, maternal, neonatal, and nutritional diseases",26,442392.88797046506,553144.7273906455,357604.1236552216
Both,"Communicable, maternal, neonatal, and nutritional diseases",27,438253.2971331339,549008.2357277212,355708.3083366728
Both,"Communicable, maternal, neonatal, and nutritional diseases",28,432640.7322857448,542475.930737059,350330.0624746506
Both,"Communicable, maternal, neonatal, and nutritional diseases",29,425355.52628949925,533385.3505376388,340675.2009022481
Both,"Communicable, maternal, neonatal, and nutritional diseases",30,417880.6733930914,523775.8666573177,329887.087435474
Both,"Communicable, maternal, neonatal, and nutritional diseases",31,411699.16784521606,515686.8506239534,321109.08589033654
Both,"Communicable, maternal, neonatal, and nutritional diseases",32,408294.0038945678,511157.67396540334,317484.5600828444
Both,"Communicable, maternal, neonatal, and nutritional diseases",33,407091.8386872699,509322.8938033756,317576.7179549545
Both,"Communicable, maternal, neonatal, and nutritional diseases",34,406340.2730384967,507896.9811474618,317796.47903460154
Both,"Communicable, maternal, neonatal, and nutritional diseases",35,405753.71670051914,506789.17835734494,318058.7745167609
Both,"Communicable, maternal, neonatal, and nutritional diseases",36,405046.57942560775,505908.72779270756,318278.5355964079
Both,"Communicable, maternal, neonatal, and nutritional diseases",37,403933.2709660335,505164.87181323254,318370.693468518
Both,"Communicable, maternal, neonatal, and nutritional diseases",38,401545.09029450954,504599.22143106395,316533.1904379909
Both,"Communicable, maternal, neonatal, and nutritional diseases",39,397722.5685850162,504214.85836391756,312041.1832787231
Both,"Communicable, maternal, neonatal, and nutritional diseases",40,393243.9638917248,503863.23102983355,306425.424889185
Both,"Communicable, maternal, neonatal, and nutritional diseases",41,388887.5342688071,503395.7878468521,301216.6681678468
Both,"Communicable, maternal, neonatal, and nutritional diseases",42,385431.53777043446,502663.97723301355,297945.66601317876
Both,"Communicable, maternal, neonatal, and nutritional diseases",43,382977.94466425735,500225.11442718253,296477.9454078973
Both,"Communicable, maternal, neonatal, and nutritional diseases",44,380929.70186516026,495391.3548055372,295463.22458543524
Both,"Communicable, maternal, neonatal, and nutritional diseases",45,379016.5323981659,489146.40699208784,294608.5433203381
Both,"Communicable, maternal, neonatal, and nutritional diseases",46,376968.15928829665,482473.9796108446,293620.94138715114
Both,"Communicable, maternal, neonatal, and nutritional diseases",47,374514.3055605753,476357.7812858176,292207.4585604196
Both,"Communicable, maternal, neonatal, and nutritional diseases",48,370831.6308447746,470517.39350272133,289302.80288210005
Both,"Communicable, maternal, neonatal, and nutritional diseases",49,366021.99910700606,464292.06491695746,284869.5963892908
Both,"Communicable, maternal, neonatal, and nutritional diseases",50,361202.9398768002,458095.00490706734,280156.74984925025
Both,"Communicable, maternal, neonatal, and nutritional diseases",51,357491.9826836876,452339.4228515925,276413.1740292364
Both,"Communicable, maternal, neonatal, and nutritional diseases",52,356006.6570571988,447438.528129074,274887.7796965078
Both,"Communicable, maternal, neonatal, and nutritional diseases",53,356056.57617716904,443419.5926206008,275607.03203436616
Both,"Communicable, maternal, neonatal, and nutritional diseases",54,356175.6140786365,439891.1676760569,277322.1722246439
Both,"Communicable, maternal, neonatal, and nutritional diseases",55,356317.6915739364,436638.3818771765,279369.2750323947
Both,"Communicable, maternal, neonatal, and nutritional diseases",56,356436.7294754039,433446.3638056941,281084.4152226724
Both,"Communicable, maternal, neonatal, and nutritional diseases",57,356486.64859537414,430100.2420433441,281803.66756053077
Both,"Communicable, maternal, neonatal, and nutritional diseases",58,354545.96471489547,426746.06628679164,279918.38538453536
Both,"Communicable, maternal, neonatal, and nutritional diseases",59,349637.3630339237,423526.99851105246,275216.2515004934
Both,"Communicable, maternal, neonatal, and nutritional diseases",60,343131.01849315537,420223.8357153866,269127.83487432165
Both,"Communicable, maternal, neonatal, and nutritional diseases",61,336397.1060332868,416617.37489905424,263083.7044719365
Both,"Communicable, maternal, neonatal, and nutritional diseases",62,330805.8005950144,412488.4130613152,258514.4292592548
Both,"Communicable, maternal, neonatal, and nutritional diseases",63,326145.51379545446,406465.0605191817,255183.78000758434
Both,"Communicable, maternal, neonatal, and nutritional diseases",64,321479.80023446237,398556.27094091615,252024.13573603056
Both,"Communicable, maternal, neonatal, and nutritional diseases",65,317091.5493268439,390614.106352654,249218.97778220638
Both,"Communicable, maternal, neonatal, and nutritional diseases",66,313263.65048740467,384490.6287805307,246951.78748372468
Both,"Communicable, maternal, neonatal, and nutritional diseases",67,310278.9931309505,382037.90025068173,245406.04617819833
Both,"Communicable, maternal, neonatal, and nutritional diseases",68,308191.3386561759,382121.33013404615,244504.69856348654
Both,"Communicable, maternal, neonatal, and nutritional diseases",69,306625.50147304643,382320.2783174535,243907.5849600918
Both,"Communicable, maternal, neonatal, and nutritional diseases",70,305220.9505132745,382557.7326008753,243403.53013959207
Both,"Communicable, maternal, neonatal, and nutritional diseases",71,303617.1547085722,382756.6807842827,242781.35887356527
Both,"Communicable, maternal, neonatal, and nutritional diseases",72,301453.58299065166,382840.1106676471,241829.8959335893
Both,"Communicable, maternal, neonatal, and nutritional diseases",73,297835.16139783215,379656.7830479506,239751.58981906518
Both,"Communicable, maternal, neonatal, and nutritional diseases",74,292738.3344012521,371882.5024761083,236323.07212056848
Both,"Communicable, maternal, neonatal, and nutritional diseases",75,287109.84858185286,362180.8223829906,232194.44224643902
Both,"Communicable, maternal, neonatal, and nutritional diseases",76,281896.4505205755,353215.2961994682,228015.79960501657
Both,"Communicable, maternal, neonatal, and nutritional diseases",77,278044.88679836126,347649.47735641163,224437.24360464083
Both,"Communicable, maternal, neonatal, and nutritional diseases",78,275149.6947022778,344915.9658822113,221055.86970813974
Both,"Communicable, maternal, neonatal, and nutritional diseases",79,272374.63739237643,342644.95259865734,217420.44596178803
Both,"Communicable, maternal, neonatal, and nutritional diseases",80,270020.30025907385,340796.37712671974,214108.5806490958
Both,"Communicable, maternal, neonatal, and nutritional diseases",81,268387.26869278675,339330.1790873683,211697.88205357306
Both,"Communicable, maternal, neonatal, and nutritional diseases",82,267776.1280839318,338206.29810157313,210765.95845872993
Both,"Communicable, maternal, neonatal, and nutritional diseases",83,268032.3899698309,337250.51109910774,211810.3879886995
Both,"Communicable, maternal, neonatal, and nutritional diseases",84,268730.83722534473,336368.42111410917,214445.23495923233
Both,"Communicable, maternal, neonatal, and nutritional diseases",85,269765.9622471976,335639.7069240919,217922.83694126425
Both,"Communicable, maternal, neonatal, and nutritional diseases",86,271032.257432114,335144.0473065708,221495.53150573128
Both,"Communicable, maternal, neonatal, and nutritional diseases",87,272424.2151768184,334961.12103906047,224415.6562235694
Both,"Communicable, maternal, neonatal, and nutritional diseases",88,274391.5250625774,335867.04775410285,226984.6134974797
Both,"Communicable, maternal, neonatal, and nutritional diseases",89,277222.99151241774,338297.69086089614,229719.90877258035
Both,"Communicable, maternal, neonatal, and nutritional diseases",90,280571.77918570454,341822.34480193956,232198.03418343313
Both,"Communicable, maternal, neonatal, and nutritional diseases",91,284091.0527418028,346010.30401973246,233995.48186459957
Both,"Communicable, maternal, neonatal, and nutritional diseases",92,287433.97684007767,350430.862956774,234688.74395064136
Both,"Communicable, maternal, neonatal, and nutritional diseases",93,290604.2303433114,355610.84576399904,234677.640974026
Both,"Communicable, maternal, neonatal, and nutritional diseases",94,293835.6645710574,362213.6924446946,234599.9201377184
Both,"Communicable, maternal, neonatal, and nutritional diseases",95,297126.7028678377,370013.6212198888,234388.9635820264
Both,"Communicable, maternal, neonatal, and nutritional diseases",96,300475.7685781742,378784.8503106095,233978.1534472577
Both,"Communicable, maternal, neonatal, and nutritional diseases",97,303881.2850465886,388301.5979378848,233300.87187372017
Both,"Communicable, maternal, neonatal, and nutritional diseases",98,303881.2850465886,388301.5979378848,233300.87187372017
Both,"Communicable, maternal, neonatal, and nutritional diseases",99,303881.2850465886,388301.5979378848,233300.87187372017
Both,"Communicable, maternal, neonatal, and nutritional diseases",100,303881.2850465886,388301.5979378848,233300.87187372017
Both,Diabetes and kidney diseases,0,43.9185387957,53.31773681017,36.9507750449
Both,Diabetes and kidney diseases,1,43.97802603573952,64.47863896035065,30.399267178268254
Both,Diabetes and kidney diseases,2,44.40962278014504,84.73680069675831,20.432230974415287
Both,Diabetes and kidney diseases,3,45.15960215274,99.93652586432,16.59127825453
Both,Diabetes and kidney diseases,4,50.08519021478043,111.6731123794922,20.4653956859499
Both,Diabetes and kidney diseases,5,59.79075452851399,122.22153860291611,29.15877515511224
Both,Diabetes and kidney diseases,6,69.27887087633306,129.83302942057946,38.27795742437095
Both,Diabetes and kidney diseases,7,73.55211504063,132.75880971847,43.42948325608
Both,Diabetes and kidney diseases,8,72.7368653782964,130.9895102533139,44.73511238309845
Both,Diabetes and kidney diseases,9,70.7928084911932,126.77041152871095,45.491390647552336
Both,Diabetes and kidney diseases,10,68.4724825291668,121.73471305095904,46.067037975695996
Both,Diabetes and kidney diseases,11,66.5284256420636,117.51561432635609,46.830774293783776
Both,Diabetes and kidney diseases,12,65.71317597973,115.7463148612,48.151319528070005
Both,Diabetes and kidney diseases,13,71.65917241039416,119.06357229520064,54.32019944934529
Both,Diabetes and kidney diseases,14,85.83808697582408,126.97395540704831,66.54053625484474
Both,Diabetes and kidney diseases,15,102.76130758617592,136.41538041151168,80.54844451048956
Both,Diabetes and kidney diseases,16,116.94022215160585,144.32576352335934,92.08003878220093
Both,Diabetes and kidney diseases,17,122.88621858227,147.64302095736,96.8714336359
Both,Diabetes and kidney diseases,18,119.58121029798424,145.1392506348905,93.69463208896696
Both,Diabetes and kidney diseases,19,111.70003669699511,139.16872140438625,86.11918224628047
Both,Diabetes and kidney diseases,20,102.29347465710487,132.04260587120376,77.07751630500952
Both,Diabetes and kidney diseases,21,94.41230105611575,126.07207664069952,69.50206646232304
Both,Diabetes and kidney diseases,22,91.10729277183,123.56830631823,66.32526491539001
Both,Diabetes and kidney diseases,23,95.09005850791618,128.68163906685587,68.5628283050417
Both,Diabetes and kidney diseases,24,105.81840502586333,142.34093311544956,74.74210156510148
Both,Diabetes and kidney diseases,25,121.4624062902044,162.02513216808535,84.06295933222641
Both,Diabetes and kidney diseases,26,140.19213626547233,185.21317992883743,95.72527624307355
Both,Diabetes and kidney diseases,27,160.17766891620002,209.38402010178,108.9289269343
Both,Diabetes and kidney diseases,28,185.38914140890637,237.44834152315255,130.45215877212456
Both,Diabetes and kidney diseases,29,219.05621016276714,272.77523929213487,164.05632565121243
Both,Diabetes and kidney diseases,30,258.23822802130076,313.531266507212,204.41596200088998
Both,Diabetes and kidney diseases,31,299.9945478280256,357.88297626686875,246.2056022504837
Both,Diabetes and kidney diseases,32,341.38452242645997,403.99692166959,284.09978082931997
Both,Diabetes and kidney diseases,33,383.34607400020263,455.71543330834595,316.9094353638297
Both,Diabetes and kidney diseases,34,428.0365817397101,514.9686196544424,348.1931728365855
Both,Diabetes and kidney diseases,35,474.34458399878713,577.054700623868,379.74703171112657
Both,Diabetes and kidney diseases,36,521.1586191312388,637.2718961326111,413.36705045099166
Both,Diabetes and kidney diseases,37,567.36722549087,690.91842609666,450.84926751971994
Both,Diabetes and kidney diseases,38,612.8343789431736,735.4762911797437,497.52395039738394
Both,Diabetes and kidney diseases,39,658.302077858818,774.5274216630572,552.8589662655828
Both,Diabetes and kidney diseases,40,703.9758943493719,812.5199318887891,609.8567531401457
Both,Diabetes and kidney diseases,41,750.0614005264031,853.9019361991274,661.5197490369017
Both,Diabetes and kidney diseases,42,796.76416850148,903.12154893626,700.85039197168
Both,Diabetes and kidney diseases,43,843.573810464465,968.0389651957681,726.9566816222571
Both,Diabetes and kidney diseases,44,890.3661818287727,1047.6499636050262,746.6284583305757
Both,Diabetes and kidney diseases,45,937.9262195412999,1133.1060338039122,764.3909211087137
Both,Diabetes and kidney diseases,46,987.0388605489434,1215.558665432304,784.769268968749
Both,Diabetes and kidney diseases,47,1038.4890417986,1286.1593481300802,812.28870092276
Both,Diabetes and kidney diseases,48,1092.1361779909325,1341.8911252009332,854.4908913620367
Both,Diabetes and kidney diseases,49,1147.6448086825167,1389.6213484992172,911.9095535652798
Both,Diabetes and kidney diseases,50,1205.5075581041187,1435.3279704908027,978.5579448756824
Both,Diabetes and kidney diseases,51,1266.2170504865046,1484.9889436415604,1048.449322636438
Both,Diabetes and kidney diseases,52,1330.26591006044,1544.5822204173598,1115.59694419074
Both,Diabetes and kidney diseases,53,1399.053061464377,1620.2608890451336,1180.4122524424188
Both,Diabetes and kidney diseases,54,1472.6959956652772,1710.4411720271992,1246.9540115208908
Both,Diabetes and kidney diseases,55,1549.7651863866752,1809.495723242507,1314.706460607727
Both,Diabetes and kidney diseases,56,1628.831107352105,1911.7971965700074,1383.1538388844995
Both,Diabetes and kidney diseases,57,1708.4642322851,2011.71824588865,1451.78038553278
Both,Diabetes and kidney diseases,58,1790.96638248859,2112.287082951669,1524.4989440902898
Both,Diabetes and kidney diseases,59,1877.3710007993993,2217.3074951334315,1601.663727535067
Both,Diabetes and kidney diseases,60,1964.3459932419034,2322.3154997445863,1677.4210292091557
Both,Diabetes and kidney diseases,61,2048.559265840479,2422.8471140957827,1745.9171424546016
Both,Diabetes and kidney diseases,62,2126.6787246195,2514.43835549767,1801.29836061345
Both,Diabetes and kidney diseases,63,2201.97933253091,2596.11382713036,1847.383952680727
Both,Diabetes and kidney diseases,64,2277.084194364473,2671.619815135082,1890.359412054095
Both,Diabetes and kidney diseases,65,2347.683428901293,2743.5748612641573,1927.9203686795545
Both,Diabetes and kidney diseases,66,2409.4671549224768,2814.5975072699093,1957.762452503106
Both,Diabetes and kidney diseases,67,2458.12549120913,2887.30629490466,1977.58129347075
Both,Diabetes and kidney diseases,68,2499.394646932591,2973.561843291179,1991.1238878356316
Both,Diabetes and kidney diseases,69,2539.006520602941,3071.618576585153,2003.1150737564174
Both,Diabetes and kidney diseases,70,2572.6447650093965,3163.6857440882754,2012.7172440373906
Both,Diabetes and kidney diseases,71,2595.993032941177,3231.9725951022397,2019.0927914828337
Both,Diabetes and kidney diseases,72,2604.7349771874997,3258.6883789287403,2021.4041088970296
Both,Diabetes and kidney diseases,73,2600.0721786089152,3254.931120189942,2015.2757003857243
Both,Diabetes and kidney diseases,74,2587.115382901943,3244.288432271516,1998.6116782131296
Both,Diabetes and kidney diseases,75,2567.4119901097565,3227.703947620417,1973.9938474212277
Both,Diabetes and kidney diseases,76,2542.5094002755277,3206.1212986836003,1944.0040130520006
Both,Diabetes and kidney diseases,77,2513.9550134424303,3180.4841179080204,1911.22398014743
Both,Diabetes and kidney diseases,78,2465.3513145317506,3123.8506725934026,1865.9059155407808
Both,Diabetes and kidney diseases,79,2387.1617763698277,3021.643881668106,1801.5987280421127
Both,Diabetes and kidney diseases,80,2291.225280857414,2893.354355022036,1725.8293356586003
Both,Diabetes and kidney diseases,81,2189.380709895261,2758.4727025450984,1646.1246563974175
Both,Diabetes and kidney diseases,82,2093.46694538412,2636.4895341272,1570.0116082657398
Both,Diabetes and kidney diseases,83,1999.3084124268016,2524.466345756152,1494.3604772696485
Both,Diabetes and kidney diseases,84,1898.8910294342427,2409.409188551425,1414.0746818476175
Both,Diabetes and kidney diseases,85,1798.2959182693874,2295.725505100406,1333.730838655408
Both,Diabetes and kidney diseases,86,1703.6042007951785,2187.8227379904847,1257.9055643487816
Both,Diabetes and kidney diseases,87,1620.89699887456,2090.1083298090502,1191.1754755835
Both,Diabetes and kidney diseases,88,1548.2810322798946,1994.7779211427767,1132.7232890023256
Both,Diabetes and kidney diseases,89,1480.3271159762912,1897.8617638665646,1078.4929685016082
Both,Diabetes and kidney diseases,90,1417.8125146158125,1809.5192175001412,1028.2030016174886
Both,Diabetes and kidney diseases,91,1361.5144928505213,1739.9096415632337,981.5718758861087
Both,Diabetes and kidney diseases,92,1312.21031533248,1699.19239557557,938.31807884361
Both,Diabetes and kidney diseases,93,1268.0165413077461,1677.576138904343,897.6938062477237
Both,Diabetes and kidney diseases,94,1227.0696795173662,1659.1243732566656,859.3525871870207
Both,Diabetes and kidney diseases,95,1190.1769188558874,1644.778721662145,823.6149091939019
Both,Diabetes and kidney diseases,96,1158.1454482178563,1635.4808071503874,790.801259800768
Both,Diabetes and kidney diseases,97,1131.78245649782,1632.172252751,761.23212654002
Both,Diabetes and kidney diseases,98,1131.78245649782,1632.172252751,761.23212654002
Both,Diabetes and kidney diseases,99,1131.78245649782,1632.172252751,761.23212654002
Both,Diabetes and kidney diseases,100,1131.78245649782,1632.172252751,761.23212654002
Both,Digestive diseases,0,247.71010021333,276.32548092909997,223.8937748545
Both,Digestive diseases,1,279.5213598726167,313.72806902537997,251.23320018045646
Both,Digestive diseases,2,339.1733464371703,384.0373762349368,302.3315124636933
Both,Digestive diseases,3,390.84774869356,445.41456800507,346.12275774205
Both,Digestive diseases,4,430.36679945116646,492.7527390956381,379.2439312788152
Both,Digestive diseases,5,462.38806221416394,531.3282997988931,405.8978705996444
Both,Digestive diseases,6,496.944284261377,573.1910752589215,434.3937200821139
Both,Digestive diseases,7,544.0682128716301,630.39089061981,473.0406241038
Both,Digestive diseases,8,611.2760680100448,712.6988366422809,527.0443439148968
Both,Digestive diseases,9,701.1683709008942,823.795393612508,597.8974623983007
Both,Digestive diseases,10,816.4043207117302,966.5944709627545,688.3393563806411
Both,Digestive diseases,11,959.6431166101049,1144.009978125284,801.1094026885477
Both,Digestive diseases,12,1133.54395776357,1358.95582453236,938.94697814865
Both,Digestive diseases,13,1440.403693203963,1735.9017559163378,1188.3309153342177
Both,Digestive diseases,14,1924.1333064326907,2328.703772483173,1585.931729529449
Both,Digestive diseases,15,2499.8131983216585,3034.3551653755276,2059.776321627367
Both,Digestive diseases,16,3082.5237697427733,3749.8492257360663,2537.8915925209926
Both,Digestive diseases,17,3587.34542156794,4372.1792447074495,2948.30444310335
Both,Digestive diseases,18,4015.1460109087393,4904.988658333578,3291.5376174985204
Both,Digestive diseases,19,4424.619043246361,5419.207692665914,3617.7280808241894
Both,Digestive diseases,20,4817.583392007118,5912.759823858461,3929.324065463786
Both,Digestive diseases,21,5195.85793061733,6383.568528065217,4228.77380380074
Both,Digestive diseases,22,5561.26153250331,6829.55728144019,4518.52552821848
Both,Digestive diseases,23,5916.105499133788,7248.294635965315,4800.023628775478
Both,Digestive diseases,24,6260.330441182619,7643.66113591396,5072.573334529411
Both,Digestive diseases,25,6592.199195883814,8023.048245877271,5335.414136362506
Both,Digestive diseases,26,6909.974600471384,8393.8474304464,5587.785525156995
Both,Digestive diseases,27,7211.9194921793405,8763.45015421249,5828.926991795111
Both,Digestive diseases,28,7498.333425864015,9135.853679523674,6059.32701599402
Both,Digestive diseases,29,7771.841740498496,9506.36354965105,6280.487635602508
Both,Digestive diseases,30,8034.1959494919265,9869.333650570243,6493.168678700225
Both,Digestive diseases,31,8287.14756625345,10219.117868256864,6698.129973366826
Both,Digestive diseases,32,8532.44810419221,10550.07008868653,6896.13134768196
Both,Digestive diseases,33,8768.621446323503,10861.743347138758,7086.452430483908
Both,Digestive diseases,34,8995.1793659382,11159.338718490702,7269.187127672509
Both,Digestive diseases,35,9215.355211858796,11445.682148114456,7446.3166829197535
Both,Digestive diseases,36,9432.382332907791,11723.599581382108,7619.822339897638
Both,Digestive diseases,37,9649.49407790768,11995.91696366575,7791.68534227815
Both,Digestive diseases,38,9863.771952996945,12263.062163386716,7957.289927654073
Both,Digestive diseases,39,10073.107297946162,12523.606025501795,8115.432978937179
Both,Digestive diseases,40,10281.948212025982,12777.588960186242,8273.214707777934
Both,Digestive diseases,41,10494.742794507043,13025.051377615315,8437.735325826803
Both,Digestive diseases,42,10715.939144659991,13266.033687964273,8616.09504473426
Both,Digestive diseases,43,10937.962066960028,13485.854254863103,8805.001933253836
Both,Digestive diseases,44,11158.216146632774,13684.877768595561,9001.181032161952
Both,Digestive diseases,45,11388.619154074491,13885.714129317552,9211.758011143398
Both,Digestive diseases,46,11641.088859681458,14110.97323718499,9443.858539882973
Both,Digestive diseases,47,11927.54303384994,14383.26499235378,9704.608288065469
Both,Digestive diseases,48,12273.967959701953,14743.428073925461,10020.463485262926
Both,Digestive diseases,49,12681.983330459907,15194.177748564798,10395.713423560645
Both,Digestive diseases,50,13126.957031670649,15700.938797772538,10804.233366413308
Both,Digestive diseases,51,13584.256948881033,16229.136003049432,11219.898577275595
Both,Digestive diseases,52,14029.25096763792,16744.19414589623,11616.58431960219
Both,Digestive diseases,53,14470.503654990544,17266.99847209023,11999.1988938916
Both,Digestive diseases,54,14924.539684299918,17821.1480085424,12385.174600660992
Both,Digestive diseases,55,15378.66710058055,18376.138208454024,12767.172703393035
Both,Digestive diseases,56,15820.193948846947,18901.464525026346,13137.8544655704
Both,Digestive diseases,57,16236.42827411361,19366.62241146064,13489.88115067576
Both,Digestive diseases,58,16630.4900558248,19776.6623613408,13817.59300909736
Both,Digestive diseases,59,17012.305344150132,20158.276613078575,14127.0401008769
Both,Digestive diseases,60,17379.391290192158,20513.42323711699,14428.448403977216
Both,Digestive diseases,61,17729.265045053427,20844.060303899078,14732.04389636115
Both,Digestive diseases,62,18059.4437598365,21152.14588386787,15048.05255599154
Both,Digestive diseases,63,18369.847168698205,21435.06470981858,15391.495961265327
Both,Digestive diseases,64,18664.116302235965,21694.92564496786,15755.819804488407
Both,Digestive diseases,65,18945.35025621322,21940.772955390927,16118.886234487052
Both,Digestive diseases,66,19216.648126393404,22181.65090716297,16458.55740008754
Both,Digestive diseases,67,19481.109008539952,22426.6037663592,16752.695450116138
Both,Digestive diseases,68,19766.738096792356,22706.36586596144,17024.286619036662
Both,Digestive diseases,69,20072.11566408585,23014.94446196126,17293.75561603931
Both,Digestive diseases,70,20356.203424377498,23306.293204948433,17535.122302039934
Both,Digestive diseases,71,20577.963091624377,23534.36574551276,17722.4065379544
Both,Digestive diseases,72,20696.35637978354,23653.11573424404,17829.62818469857
Both,Digestive diseases,73,20745.77236662174,23698.379498781593,17884.69827226845
Both,Digestive diseases,74,20786.919981792416,23735.83073129833,17931.375423473906
Both,Digestive diseases,75,20818.24071708267,23764.179129184387,17967.450888451534
Both,Digestive diseases,76,20838.17606427961,23782.134389829913,17990.715917337937
Both,Digestive diseases,77,20845.167515170346,23788.40621062506,17998.96176026971
Both,Digestive diseases,78,20826.20321665416,23750.74742448784,17997.975834319674
Both,Digestive diseases,79,20780.98065865403,23660.945703699075,17995.62478013112
Both,Digestive diseases,80,20727.005347492577,23553.76300469313,17992.81868319639
Both,Digestive diseases,81,20681.782789492445,23463.961283904366,17990.467629007842
Both,Digestive diseases,82,20662.81849097626,23426.30249776714,17989.4817030578
Both,Digestive diseases,83,20681.082752239832,23430.369332320188,18032.04733761585
Both,Digestive diseases,84,20727.22805954266,23441.525876960615,18133.55000463889
Both,Digestive diseases,85,20788.283198152905,23458.20619316035,18254.698349150265
Both,Digestive diseases,86,20851.276953338733,23478.844342391327,18356.20101617331
Both,Digestive diseases,87,20903.23811036831,23501.87438612547,18398.76665073136
Both,Digestive diseases,88,20940.066023240517,23529.928022221666,18382.225375311482
Both,Digestive diseases,89,20970.67131135579,23568.572410020566,18342.780795464085
Both,Digestive diseases,90,21001.599658084604,23620.644803216735,18295.701780807514
Both,Digestive diseases,91,21039.39674679746,23688.982455504738,18256.257200960117
Both,Digestive diseases,92,21090.60826086485,23776.42262057915,18239.71592554024
Both,Digestive diseases,93,21174.543865071533,23970.219590837994,18249.56752756072
Both,Digestive diseases,94,21300.632388207254,24330.806358388258,18278.12531276135
Both,Digestive diseases,95,21460.598259649974,24820.788226487923,18323.893749850915
Both,Digestive diseases,96,21646.165908777646,25402.770498394984,18385.377307538198
Both,Digestive diseases,97,21849.05976496823,26039.358477367405,18461.080454531988
Both,Digestive diseases,98,21849.059764968228,26039.35847736741,18461.080454531988
Both,Digestive diseases,99,21849.059764968228,26039.35847736741,18461.080454531988
Both,Digestive diseases,100,21849.059764968228,26039.35847736741,18461.080454531988
Both,Injuries,0,14228.98715836152,16453.470876266223,12337.97022216542
Both,Injuries,1,14431.64275219518,17131.692454975062,12345.72187562578
Both,Injuries,2,14921.588787036984,18470.128154756338,12400.809622114017
Both,Injuries,3,15510.32751399206,19778.46919895602,12493.2866631486
Both,Injuries,4,16307.28287376697,21132.63002641055,12817.973380603431
Both,Injuries,5,17293.078973915886,22514.70889052188,13433.993733882118
Both,Injuries,6,18257.651539766965,23776.67985865862,14119.33513942681
Both,Injuries,7,18990.93629664836,24770.51699818936,14651.985013679669
Both,Injuries,8,19485.171142867315,25523.354524501134,14993.708785219882
Both,Injuries,9,19894.77499827164,26174.174036170134,15276.583300823186
Both,Injuries,10,20252.9551205003,26742.720675348704,15534.063104226545
Both,Injuries,11,20592.91876719229,27248.739584189218,15799.602739166927
Both,Injuries,12,20947.87319598658,27711.97590484401,16106.65674938129
Both,Injuries,13,21331.564299524758,28163.42721136784,16503.99521349693
Both,Injuries,14,21722.165967429202,28600.676238585987,16973.11364836921
Both,Injuries,15,22099.527452810104,28993.345869806624,17446.554755077184
Both,Injuries,16,22443.498008777646,29311.058988337907,17856.86123469993
Both,Injuries,17,22733.92688844202,29523.438477488016,18136.5757883165
Both,Injuries,18,23002.69436119006,29668.184745243158,18324.76274457446
Both,Injuries,19,23272.02501415866,29797.023151794896,18495.951863577106
Both,Injuries,20,23507.284577083068,29900.614008759425,18635.88399358711
Both,Injuries,21,23673.838779698526,29969.617627752938,18730.299982867156
Both,Injuries,22,23737.05335174029,29994.69432039162,18764.94067967991
Both,Injuries,23,23633.203971935796,29836.69631617781,18743.844795874535
Both,Injuries,24,23363.835643803195,29426.788043308825,18684.808418470326
Both,Injuries,25,22992.21808426381,28861.098111443327,18594.208458485125
Both,Injuries,26,22581.62101023898,28235.755130239988,18478.421826936792
Both,Injuries,27,22195.31413865003,27646.88770935746,18343.82543484318
Both,Injuries,28,21800.536428034324,27041.049146557474,18047.024827292364
Both,Injuries,29,21352.073078618538,26349.395563910446,17533.73090035522
Both,Injuries,30,20894.513169857946,25644.95980753805,16943.978591523824
Both,Injuries,31,20472.44578120782,25000.774723561983,16417.80283829024
Both,Injuries,32,20130.45999212344,24489.87315810394,16095.23857814654
Both,Injuries,33,19832.32044973899,24057.55829761752,15927.704097663916
Both,Injuries,34,19536.536994895192,23633.916080625226,15779.945550413535
Both,Injuries,35,19279.816497607135,23269.15348135211,15661.989674387421
Both,Injuries,36,19098.865827889906,23013.477474023217,15583.8632075776
Both,Injuries,37,19030.39185575859,22917.09503286357,15555.5928879761
Both,Injuries,38,19060.62320820472,23002.534130319007,15571.373922736217
Both,Injuries,39,19147.601910963374,23241.02680527877,15616.936488577687
Both,Injuries,40,19285.754932164953,23605.83613163302,15689.609777842206
Both,Injuries,41,19469.50923993985,24070.225183271934,15786.72298287146
Both,Injuries,42,19693.29180241845,24607.457034085688,15905.60529600714
Both,Injuries,43,20381.331143526422,25632.1531485612,16276.644644830718
Both,Injuries,44,21743.352925831754,27346.61515681265,17026.20991483395
Both,Injuries,45,23452.029825428355,29405.626381171114,17995.60173522393
Both,Injuries,46,25180.03451841013,31463.970143967657,19026.120735207754
Both,Injuries,47,26600.039680870992,33176.42976753334,19959.06754399252
Both,Injuries,48,27810.41468855324,34682.547852112766,20875.579756152645
Both,Injuries,49,29041.927063162653,36229.187164320276,21881.67112726144
Both,Injuries,50,30165.846699738362,37632.111276041556,22855.95652802437
Both,Injuries,51,31053.44349331949,38707.08375916227,23677.050829146883
Both,Injuries,52,31575.98733894516,39269.86818556809,24223.56890133444
Both,Injuries,53,31856.93812802212,39497.75423440481,24581.90501510836
Both,Injuries,54,32097.23478434206,39686.46472005702,24903.103204757066
Both,Injuries,55,32284.365751521527,39829.41291726857,25162.752986636664
Both,Injuries,56,32405.819473177075,39920.01210078333,25336.44387710327
Both,Injuries,57,32449.084392925244,39951.67554534517,25399.765392513003
Both,Injuries,58,32386.147577970787,39949.6030220843,25335.897716966614
Both,Injuries,59,32217.183675341268,39943.447516079344,25167.08075867726
Both,Injuries,60,31971.962498387456,39933.30212299673,24927.493620169655
Both,Injuries,61,31680.253860460125,39919.259938502895,24651.315403968496
Both,Injuries,62,31371.82757491005,39901.41405826428,24372.7252125985
Both,Injuries,63,30898.27596627541,39666.49336773284,23999.640161082734
Both,Injuries,64,30212.80694253104,39118.12135205168,23498.128047610888
Both,Injuries,65,29497.6136921827,38431.73300642402,22989.593999457622
Both,Injuries,66,28934.889403736142,37782.76332605306,22595.443143897588
Both,Injuries,67,28706.82726569712,37346.64730614199,22437.08060820543
Both,Injuries,68,28753.657674251706,37104.99634568825,22440.272782193337
Both,Injuries,69,28865.330186958792,36910.22808201723,22449.24188231196
Both,Injuries,70,28998.616734383384,36743.98686782407,22463.076775793656
Both,Injuries,71,29110.289247090474,36587.91705580388,22480.866329870772
Both,Injuries,72,29157.11965564506,36423.6629986518,22501.699411775666
Both,Injuries,73,29143.582052202928,36252.11329383984,22554.847011405174
Both,Injuries,74,29107.29119763238,36085.2941616523,22649.69426159483
Both,Injuries,75,29054.730025567198,35921.556389002835,22755.501243985036
Both,Injuries,76,28992.381469641146,35759.25076280506,22841.528040216202
Both,Injuries,77,28926.72846348801,35596.728069972574,22877.03473192872
Both,Injuries,78,28827.251158519015,35408.555083980995,22861.97627082434
Both,Injuries,79,28684.244659262862,35195.81966510042,22826.067632806204
Both,Injuries,80,28535.414329029485,34996.6542304362,22783.20893581681
Both,Injuries,81,28418.465531128833,34849.191197093736,22747.30029779867
Both,Injuries,82,28371.10362887085,34791.56298217838,22732.241836694287
Both,Injuries,83,28427.7815037784,34867.678476487665,22754.772450998196
Both,Injuries,84,28581.821778856192,35072.786926163564,22818.598519451276
Both,Injuries,85,28809.234429636956,35372.031281328134,22918.07138036558
Both,Injuries,86,29086.02943165341,35730.554492103445,23047.542372053143
Both,Injuries,87,29388.21676043828,36113.49950861157,23201.36283282602
Both,Injuries,88,29788.62002984047,36544.93349112762,23599.572784757034
Both,Injuries,89,30346.069749955084,37087.19348317563,24329.901280320297
Both,Injuries,90,31015.586240684137,37762.82725975107,25188.233203429743
Both,Injuries,91,31752.189821929667,38594.38259584936,25970.453437999342
Both,Injuries,92,32510.90081359369,39604.407266465976,26472.44686794303
Both,Injuries,93,33310.934582724454,41115.74403884888,26759.03065086602
Both,Injuries,94,34196.00284489793,43343.9630396068,27017.48250819635
Both,Injuries,95,35157.870442807725,46150.70308277635,27227.37816958218
Both,Injuries,96,36188.30221914746,49397.60298239408,27368.293364671696
Both,Injuries,97,37279.06301661072,52946.30155249657,27419.80382311305
Both,Injuries,98,37279.06301661072,52946.30155249657,27419.80382311305
Both,Injuries,99,37279.06301661072,52946.30155249657,27419.80382311305
Both,Injuries,100,37279.06301661072,52946.30155249657,27419.80382311305
Both,Mental disorders,0,1617.8676231580698,4118.6089110187595,477.14143231286
Both,Mental disorders,1,1248.7504772442592,3152.894678208952,433.15670541036815
Both,Mental disorders,2,795.4038999174393,1676.6782821934296,392.7772839916873
Both,Mental disorders,3,660.62926560496,1105.19671063635,387.00879521759
Both,Mental disorders,4,1015.4624361492918,1525.8136572515336,658.7290452561159
Both,Mental disorders,5,1877.446774903463,2547.102322845467,1321.8103832905342
Both,Mental disorders,6,2942.809522549238,3808.2194460407245,2148.133691199105
Both,Mental disorders,7,3907.77791976838,4948.32176545988,2909.57985086009
Both,Mental disorders,8,4784.106062702002,5979.582048719711,3618.614799480966
Both,Mental disorders,9,5723.6222148116785,7082.473723229729,4388.892856581909
Both,Mental disorders,10,6632.664867759867,8148.6045173016155,5144.077477510227
Both,Mental disorders,11,7417.572513209021,9069.582159247047,5807.832117613228
Both,Mental disorders,12,7984.683642821599,9737.0143773777,6303.82023223822
Both,Mental disorders,13,8408.356264903392,10237.99686557288,6691.844471167356
Both,Mental disorders,14,8801.155860975048,10703.021223493395,7057.964153565062
Both,Mental disorders,15,9126.73213252131,11088.789038123177,7365.227738852057
Both,Mental disorders,16,9348.734781026926,11352.00189644616,7576.683686449061
Both,Mental disorders,17,9430.81350797663,11449.36138544628,7655.380455776791
Both,Mental disorders,18,9286.500683593547,11302.862773002174,7526.471869471822
Both,Mental disorders,19,8933.646425646719,10940.000326789668,7214.111623605579
Both,Mental disorders,20,8492.377056939784,10475.724133488462,6829.847987751062
Both,Mental disorders,21,8082.818900276377,10024.984279778264,6485.229231481266
Both,Mental disorders,22,7825.09827846013,9702.73085233878,6291.8036243691895
Both,Mental disorders,23,7702.022720657697,9501.574382566472,6224.147142841959
Both,Mental disorders,24,7607.79238784727,9330.847193685779,6176.145763402294
Both,Mental disorders,25,7529.622550549801,9180.582060118375,6138.312755736584
Both,Mental disorders,26,7454.728479286237,9040.811756285937,6101.161389531219
Both,Mental disorders,27,7370.32544457753,8901.56905661014,6055.20493447259
Both,Mental disorders,28,7266.034056368658,8743.946852723888,5989.747948683226
Both,Mental disorders,29,7150.350011949667,8573.868101543083,5910.740791448947
Both,Mental disorders,30,7038.8012128591145,8418.610675413907,5833.665434201086
Both,Mental disorders,31,6946.915560635554,8305.452446682535,5774.00384837097
Both,Mental disorders,32,6890.22095681754,8261.671287695151,5747.23800538993
Both,Mental disorders,33,6862.589716772106,8262.097821360478,5743.357620587933
Both,Mental disorders,34,6843.914866820952,8263.114940100873,5741.247361877109
Both,Mental disorders,35,6828.755374934637,8264.328920532957,5739.7316295620285
Both,Mental disorders,36,6811.670209083723,8265.346039273354,5737.634823947262
Both,Mental disorders,37,6787.218337238771,8265.77257293868,5733.78134533738
Both,Mental disorders,38,6748.57403030217,8235.479688351577,5713.385769477529
Both,Mental disorders,39,6696.257958101575,8157.199667834391,5668.094025451826
Both,Mental disorders,40,6635.848686995438,8049.830461253307,5606.37754357331
Both,Mental disorders,41,6572.924783342211,7932.270018474508,5536.70775415501
Both,Mental disorders,42,6513.064813500349,7823.41628936418,5467.55608750996
Both,Mental disorders,43,6452.228162358956,7711.075001863879,5381.5205307750075
Both,Mental disorders,44,6386.67561525026,7582.166612215148,5271.326120066981
Both,Mental disorders,45,6322.43783919739,7454.261162734153,5160.634859168892
Both,Mental disorders,46,6265.54550122348,7344.928695737052,5073.108751863751
Both,Mental disorders,47,6222.02926835166,7271.73925354001,5032.40980193457
Both,Mental disorders,48,6193.184166623915,7230.929843130646,5025.303378525353
Both,Mental disorders,49,6172.307999099876,7202.082681398028,5021.374732496642
Both,Mental disorders,50,6153.43559832915,7177.785625510499,5018.515690206253
Both,Mental disorders,51,6130.601796861342,7150.626532636395,5014.618078012001
Both,Mental disorders,52,6097.8414272460595,7113.193259944061,5007.5737222717
Both,Mental disorders,53,6027.2789491579515,7051.369480558672,4967.17107063346
Both,Mental disorders,54,5914.008357939433,6966.2279638428845,4882.469456146742
Both,Mental disorders,55,5786.518789641749,6873.140211321251,4780.267033271391
Both,Mental disorders,56,5673.299380316152,6787.477724518329,4687.361956467248
Both,Mental disorders,57,5602.83926601389,6724.61200495867,4630.55238019416
Both,Mental disorders,58,5569.48148005361,6683.642461115855,4605.556893341158
Both,Mental disorders,59,5545.319305242467,6650.712447776568,4587.642461439745
Both,Mental disorders,60,5525.467251864474,6621.759385935021,4572.929803913466
Both,Mental disorders,61,5505.039830203645,6592.720696585424,4557.539640185869
Both,Mental disorders,62,5479.151550543989,6559.53380072199,4537.5926896805
Both,Mental disorders,63,5447.154551309814,6523.324308695296,4512.918778637836
Both,Mental disorders,64,5411.674318160064,6486.624420353,4485.3936772418565
Both,Mental disorders,65,5372.735382230702,6447.481440934915,4454.207020831363
Both,Mental disorders,66,5330.362274657697,6403.942675680864,4418.548444745156
Both,Mental disorders,67,5284.57952657701,6354.05542983067,4377.60758432204
Both,Mental disorders,68,5226.480255483997,6285.4892574186,4320.378263134502
Both,Mental disorders,69,5155.081248642432,6197.310180123207,4244.609660024943
Both,Mental disorders,70,5082.292541840919,6104.660204650736,4162.62444323702
Both,Mental disorders,71,5020.024170868057,6022.68133770743,4086.745281014398
Both,Mental disorders,72,4980.18617151245,5966.51558599953,4029.29484160074
Both,Mental disorders,73,4959.5703511847005,5931.919907376385,3984.2606519975266
Both,Mental disorders,74,4944.830909496902,5903.511513047605,3940.6880623472166
Both,Mental disorders,75,4932.671470539903,5879.722789759833,3903.486475604935
Both,Mental disorders,76,4919.795658404543,5858.98612425971,3877.565294725808
Both,Mental disorders,77,4902.90709718167,5839.73390329388,3867.83392266496
Both,Mental disorders,78,4876.201915319582,5823.244276590404,3869.045145859696
Both,Mental disorders,79,4841.123242166534,5810.057391935346,3872.29187779672
Both,Mental disorders,80,4805.245203163285,5797.498633162341,3876.9937120052587
Both,Mental disorders,81,4776.141923750603,5782.893384105031,3882.5702420145367
Both,Mental disorders,82,4761.38752936925,5763.56702859705,3888.44106135378
Both,Mental disorders,83,4756.70892393498,5726.443769478094,3895.1651498893634
Both,Mental disorders,84,4752.862909102959,5670.570983283828,3903.609181678482
Both,Mental disorders,85,4749.968456923081,5611.45881439185,3913.654291536589
Both,Mental disorders,86,4748.144539445235,5564.617407179759,3925.181614279137
Both,Mental disorders,87,4747.51012871931,5545.55690602515,3938.07228472158
Both,Mental disorders,88,4752.510415174099,5569.090783861361,3957.7860305873464
Both,Mental disorders,89,4765.716624259698,5630.196085124845,3985.2253334820875
Both,Mental disorders,90,4784.436780557962,5714.6283114478765,4013.435459044593
Both,Mental disorders,91,4805.978908650745,5808.14296446273,4035.46167291365
Both,Mental disorders,92,4827.6510331199,5896.495545801679,4044.34924072805
Both,Mental disorders,93,4850.609027219917,5980.793857503493,4042.0775127160073
Both,Mental disorders,94,4877.473164982771,6071.325518983871,4034.6968000432453
Both,Mental disorders,95,4907.748072156537,6167.615757940482,4021.358809754815
Both,Mental disorders,96,4940.9383744892875,6269.189802070998,4001.2152488957663
Both,Mental disorders,97,4976.548697729099,6375.572879073089,3973.4178245111502
Both,Mental disorders,98,4976.5486977291,6375.572879073089,3973.4178245111502
Both,Mental disorders,99,4976.5486977291,6375.572879073089,3973.4178245111502
Both,Mental disorders,100,4976.5486977291,6375.572879073089,3973.4178245111502
Both,Musculoskeletal disorders,0,0.0,0.0,0.0
Both,Musculoskeletal disorders,1,0.0,0.0,0.0
Both,Musculoskeletal disorders,2,0.0,0.0,0.0
Both,Musculoskeletal disorders,3,0.0,0.0,0.0
Both,Musculoskeletal disorders,4,75.55091081442386,96.19103488456375,59.214126857178705
Both,Musculoskeletal disorders,5,264.68299123859526,336.9133891908558,207.4400846614232
Both,Musculoskeletal disorders,6,511.115263243864,650.3909373977774,400.5532392617961
Both,Musculoskeletal disorders,7,758.5667488015799,964.84755398423,594.42895650736
Both,Musculoskeletal disorders,8,1022.5691303648848,1300.0362997067325,802.1603474083647
Both,Musculoskeletal disorders,9,1334.654488712033,1696.0378142523039,1048.4535504881514
Both,Musculoskeletal disorders,10,1662.5424433020428,2111.567340495595,1306.6034728654197
Both,Musculoskeletal disorders,11,1973.9526135939327,2505.340121311257,1549.9050216588694
Both,Musculoskeletal disorders,12,2236.60461904672,2836.07139957394,1751.6531039872
Both,Musculoskeletal disorders,13,2451.5691911458703,3106.7037133717945,1914.2695516085737
Both,Musculoskeletal disorders,14,2645.4662468103215,3351.571471921276,2060.4066858133283
Both,Musculoskeletal disorders,15,2824.3391836493047,3576.477724789494,2193.705148018427
Both,Musculoskeletal disorders,16,2994.2313992720474,3787.225521543559,2317.8055796408325
Both,Musculoskeletal disorders,17,3161.18629128778,3989.61791175058,2436.34862209751
Both,Musculoskeletal disorders,18,3318.318726612603,4173.436417913913,2543.204165923537
Both,Musculoskeletal disorders,19,3462.199390968342,4336.242173644446,2636.9609206809087
Both,Musculoskeletal disorders,20,3604.055410172818,4495.507645170591,2728.3377563269587
Both,Musculoskeletal disorders,21,3755.1139100438513,4668.705298720759,2828.053542819024
Both,Musculoskeletal disorders,22,3926.60201639926,4873.30760052336,2946.82715011444
Both,Musculoskeletal disorders,23,4128.602633075049,5134.0409135633945,3095.5842486557217
Both,Musculoskeletal disorders,24,4357.101186382214,5446.919309727382,3272.0842595088793
Both,Musculoskeletal disorders,25,4602.1785858510575,5786.346818596012,3467.296678566491
Both,Musculoskeletal disorders,26,4853.915741011885,6126.727469749971,3672.191001721135
Both,Musculoskeletal disorders,27,5102.393561395,6442.46529276995,3877.7367248653904
Both,Musculoskeletal disorders,28,5349.666671209423,6727.064124669899,4088.4123056009853
Both,Musculoskeletal disorders,29,5602.471766652962,6998.019455784205,4310.894590116328
Both,Musculoskeletal disorders,30,5857.912865239098,7265.72279567421,4539.450657184011
Both,Musculoskeletal disorders,31,6113.093984481311,7540.565653901254,4768.347585576629
Both,Musculoskeletal disorders,32,6365.11914189308,7832.93954002668,4991.85245406678
Both,Musculoskeletal disorders,33,6618.9730704169115,8164.427332281298,5211.230908405452
Both,Musculoskeletal disorders,34,6876.601109390549,8529.218579246575,5430.332076563875
Both,Musculoskeletal disorders,35,7130.54818592034,8896.61479600985,5647.298260645008
Both,Musculoskeletal disorders,36,7373.35922711263,9235.917497658456,5860.271762751807
Both,Musculoskeletal disorders,37,7597.57916007376,9516.428199279731,6067.39488498723
Both,Musculoskeletal disorders,38,7800.375263940341,9740.616103357188,6271.19235965824
Both,Musculoskeletal disorders,39,7988.370918282274,9937.43740085746,6473.137274320879
Both,Musculoskeletal disorders,40,8168.295200855849,10115.92408959256,6669.794463951727
Both,Musculoskeletal disorders,41,8346.877189417355,10285.108167374496,6857.728763527364
Both,Musculoskeletal disorders,42,8530.84596172308,10454.02163201528,7033.50500802437
Both,Musculoskeletal disorders,43,8720.378515018985,10612.705023300443,7199.14553409523
Both,Musculoskeletal disorders,44,8910.999796806396,10755.623957137472,7358.057706980031
Both,Musculoskeletal disorders,45,9102.460810224648,10898.448045521318,7508.88390453675
Both,Musculoskeletal disorders,46,9294.51255841308,11056.846900446924,7650.266504623368
Both,Musculoskeletal disorders,47,9486.90604451103,11246.49013390924,7780.847885097859
Both,Musculoskeletal disorders,48,9684.235296926272,11518.934171369425,7894.8354795566065
Both,Musculoskeletal disorders,49,9886.669706637751,11873.886608539606,7994.539773216176
Both,Musculoskeletal disorders,50,10087.323320641573,12249.243812791185,8090.757721364831
Both,Musculoskeletal disorders,51,10279.310185933835,12582.902151495566,8194.286279290829
Both,Musculoskeletal disorders,52,10455.74434951063,12812.75799202414,8315.922402282431
Both,Musculoskeletal disorders,53,10620.2186462192,12955.563709146445,8480.450506553436
Both,Musculoskeletal disorders,54,10778.682003245414,13073.466201523253,8684.404058227383
Both,Musculoskeletal disorders,55,10927.782606093338,13172.453622362842,8896.203587457145
Both,Musculoskeletal disorders,56,11064.168640267033,13258.514124873489,9084.26962439559
Both,Musculoskeletal disorders,57,11184.48829127056,13337.635862263469,9217.02269919559
Both,Musculoskeletal disorders,58,11286.337696666787,13404.350560694165,9300.155470853386
Both,Musculoskeletal disorders,59,11374.603779977479,13456.923891695313,9365.757763560905
Both,Musculoskeletal disorders,60,11456.87090564503,13506.944926527707,9421.845855264546
Both,Musculoskeletal disorders,61,11540.723438111845,13566.002736452148,9476.436023910708
Both,Musculoskeletal disorders,62,11633.74574182032,13645.68639272943,9537.54454744579
Both,Musculoskeletal disorders,63,11735.209875351802,13774.860520217986,9602.48707576714
Both,Musculoskeletal disorders,64,11840.591253735824,13959.968124441553,9665.975770560663
Both,Musculoskeletal disorders,65,11951.779276087052,14178.965847658883,9732.121677455601
Both,Musculoskeletal disorders,66,12070.663341520165,14409.810332128734,9805.035842081197
Both,Musculoskeletal disorders,67,12199.13284914983,14630.45822010986,9888.829310066689
Both,Musculoskeletal disorders,68,12370.154831320016,14878.529435824648,10013.135771799709
Both,Musculoskeletal disorders,69,12584.348009222973,15168.992033923556,10178.532318830747
Both,Musculoskeletal disorders,70,12795.07931524581,15445.824852307438,10345.545098533317
Both,Musculoskeletal disorders,71,12955.715681775633,15653.00672887714,10474.700258280945
Both,Musculoskeletal disorders,72,13019.624041199551,15734.51650153352,10526.52394544715
Both,Musculoskeletal disorders,73,13016.084683774203,15729.814739036083,10525.453595181292
Both,Musculoskeletal disorders,74,13006.10598068325,15716.682418360264,10522.30122812152
Both,Musculoskeletal disorders,75,12990.646985704343,15696.578989730808,10517.154869874541
Both,Musculoskeletal disorders,76,12970.666752615125,15670.963903372458,10510.10254604706
Both,Musculoskeletal disorders,77,12947.12433519324,15641.29660950996,10501.23228224578
Both,Musculoskeletal disorders,78,12903.964898943655,15594.046631934723,10445.711796107014
Both,Musculoskeletal disorders,79,12829.505031662564,15517.859405393496,10319.477685129259
Both,Musculoskeletal disorders,80,12731.260920564444,15417.458246544016,10153.771294712506
Both,Musculoskeletal disorders,81,12616.748752863787,15297.566472044025,9979.833970256746
Both,Musculoskeletal disorders,82,12493.48471577507,15162.90739855126,9828.90705716197
Both,Musculoskeletal disorders,83,12344.90893637479,14983.08175725546,9706.225339311326
Both,Musculoskeletal disorders,84,12157.603016776358,14739.171079676067,9590.876119624223
Both,Musculoskeletal disorders,85,11943.795356749642,14453.119882965373,9474.879522055056
Both,Musculoskeletal disorders,86,11715.714356064507,14146.872684275679,9350.255670558216
Both,Musculoskeletal disorders,87,11485.58841449082,13842.37400075928,9209.02468908809
Both,Musculoskeletal disorders,88,11242.097623482163,13502.587348411676,9043.812130692118
Both,Musculoskeletal disorders,89,10975.613408130035,13111.0943292155,8856.611804724364
Both,Musculoskeletal disorders,90,10700.901168661176,12720.766589303748,8653.496219599161
Both,Musculoskeletal disorders,91,10432.726305302325,12384.475774809413,8440.537883730836
Both,Musculoskeletal disorders,92,10185.85421828022,12155.09353186549,8223.809305533721
Both,Musculoskeletal disorders,93,9958.692382198346,12000.007505493691,8002.105077594431
Both,Musculoskeletal disorders,94,9740.259678765176,11859.119028171592,7770.515855674802
Both,Musculoskeletal disorders,95,9531.238618864936,11744.070277215977,7529.558242951997
Both,Musculoskeletal disorders,96,9332.311713381838,11666.50342994363,7279.748842603185
Both,Musculoskeletal disorders,97,9144.16147320011,11638.06066367134,7021.60425780553
Both,Musculoskeletal disorders,98,9144.16147320011,11638.06066367134,7021.60425780553
Both,Musculoskeletal disorders,99,9144.16147320011,11638.06066367134,7021.60425780553
Both,Musculoskeletal disorders,100,9144.16147320011,11638.06066367134,7021.60425780553
Both,Neoplasms,0,851.2552073386901,1105.57978151764,654.51157331755
Both,Neoplasms,1,838.2012794915775,1078.4033247593445,649.3658592740753
Both,Neoplasms,2,806.5303319596292,1023.9281799538562,630.228304288808
Both,Neoplasms,3,768.3918925540701,969.25725376516,603.47424800569
Both,Neoplasms,4,712.3464235111949,907.1683524626958,555.2430353449964
Both,Neoplasms,5,641.0513146617146,840.1087883264527,485.07124427730406
Both,Neoplasms,6,576.7919140892773,782.5434527746406,418.06872585795475
Both,Neoplasms,7,541.85356987753,748.9372372254701,379.34533114229
Both,Neoplasms,8,529.9839465285811,733.1838199401997,364.192355429489
Both,Neoplasms,9,520.261621111818,719.9206303685645,351.50610497791666
Both,Neoplasms,10,512.9683105618086,709.7281867114897,341.80394728169284
Both,Neoplasms,11,508.38573181312006,703.1870071699,335.60324983493734
Both,Neoplasms,12,506.79560180032,700.87760994472,333.42138013177
Both,Neoplasms,13,518.9608920646659,719.969822142059,341.72829118942514
Both,Neoplasms,14,550.782274439712,769.3426596794834,363.6917090584188
Both,Neoplasms,15,595.2480162984699,837.1404239751042,394.8756607827928
Both,Neoplasms,16,645.3463850139518,911.5074164470327,430.84417340658916
Both,Neoplasms,17,694.06564795917,980.58793851338,467.16127397385
Both,Neoplasms,18,742.914089034958,1042.2746486866724,508.1822656096755
Both,Neoplasms,19,797.4954574317295,1104.8180354658887,558.3426957519915
Both,Neoplasms,20,856.941218456866,1171.8991452488176,613.3269579140776
Both,Neoplasms,21,920.3828374177491,1247.1990244332485,668.8194456092139
Both,Neoplasms,22,986.95177962176,1334.39871941697,720.50455235068
Both,Neoplasms,23,1057.567526114504,1447.8948848051052,765.6107181355725
Both,Neoplasms,24,1133.5055421481447,1589.9645191271097,807.0558426146193
Both,Neoplasms,25,1214.4312693399002,1746.1091846672716,849.058508781548
Both,Neoplasms,26,1300.0101493069888,1901.8304437098789,895.8372996300857
Both,Neoplasms,27,1389.90762366663,2042.62985853922,951.61079815396
Both,Neoplasms,28,1485.7972112625716,2163.594512947418,1026.6627409479368
Both,Neoplasms,29,1588.6467264865885,2274.836256227876,1121.2865826212442
Both,Neoplasms,30,1697.0630542779402,2384.3937989168053,1224.715483189302
Both,Neoplasms,31,1809.6530795758847,2500.305851550413,1326.1826026675305
Both,Neoplasms,32,1925.02368731968,2630.61112466491,1414.92110107135
Both,Neoplasms,33,2043.8435027505095,2786.3243985128065,1486.2617304726073
Both,Neoplasms,34,2167.3931646991914,2964.2340356105306,1548.105373270754
Both,Neoplasms,35,2295.197578489437,3151.039119890167,1608.540384972618
Both,Neoplasms,36,2426.7816494449594,3333.4387352838016,1675.6551210850275
Both,Neoplasms,37,2561.67028288947,3498.13196572352,1757.53793711481
Both,Neoplasms,38,2700.4046174413934,3636.0015387765275,1870.2630366168294
Both,Neoplasms,39,2843.5785681956168,3756.91331373563,2013.312799880485
Both,Neoplasms,40,2990.7962051905447,3876.041072121312,2169.887847514408
Both,Neoplasms,41,3141.6615984645805,4008.558595454057,2323.1888001272296
Both,Neoplasms,42,3295.7788180561297,4169.63966525435,2456.4162783275797
Both,Neoplasms,43,3449.5689065273414,4388.198802843898,2561.002375195762
Both,Neoplasms,44,3603.519690694844,4663.768272248325,2649.362188569264
Both,Neoplasms,45,3763.335416978767,4967.4484690439895,2736.1708461924927
Both,Neoplasms,46,3934.720331799237,5270.339788807252,2836.1034758098563
Both,Neoplasms,47,4123.37868157638,5543.54262711447,2963.8352051657603
Both,Neoplasms,48,4335.02814862326,5773.688509522085,3154.2546074141937
Both,Neoplasms,49,4569.3066712338705,5980.946488568328,3411.9536371069466
Both,Neoplasms,50,4822.798879799741,6186.723250302238,3706.162494085128
Both,Neoplasms,51,5092.089404712396,6412.425480772856,4006.111378189846
Both,Neoplasms,52,5373.76287636336,6679.45986602922,4281.03048926221
Both,Neoplasms,53,5671.548876457847,7016.191139199749,4519.463431058485
Both,Neoplasms,54,5990.241704562371,7419.824001922434,4742.109034983328
Both,Neoplasms,55,6328.023067860412,7865.025093010672,4966.4303423504425
Both,Neoplasms,56,6683.07467353545,8326.461051277865,5209.890394473527
Both,Neoplasms,57,7053.57822877096,8778.79851553741,5489.95223266628
Both,Neoplasms,58,7446.158441367479,9209.873351491264,5833.4226090002285
Both,Neoplasms,59,7864.386418915138,9636.953411404758,6237.341795333308
Both,Neoplasms,60,8301.863468281808,10078.853313936348,6674.523112658834
Both,Neoplasms,61,8752.190896335369,10554.387677744493,7117.779881970122
Both,Neoplasms,62,9208.97000994369,11082.37112148765,7539.925424260489
Both,Neoplasms,63,9683.186232715252,11725.700692891442,7944.809779041165
Both,Neoplasms,64,10179.815654151376,12482.863171721443,8350.610821990133
Both,Neoplasms,65,10683.445579959207,13276.057774696006,8751.633628350834
Both,Neoplasms,66,11178.663315845888,14027.483718533505,9142.183273366712
Both,Neoplasms,67,11650.05616751856,14659.3402199523,9516.56483228121
Both,Neoplasms,68,12096.620695532341,15176.176177333975,9871.54543598431
Both,Neoplasms,69,12529.511165594324,15642.811919104253,10211.819360253772
Both,Neoplasms,70,12951.551441139625,16071.853807047717,10543.58239766471
Both,Neoplasms,71,13365.565385603351,16475.90820294896,10873.030340792231
Both,Neoplasms,72,13774.37686242061,16867.58146859255,11206.35898221145
Both,Neoplasms,73,14186.374425818536,17245.76809057197,11544.404420243021
Both,Neoplasms,74,14599.959054599361,17604.25194279463,11883.036587358041
Both,Neoplasms,75,15002.97324906084,17947.973468016033,12221.002027357279
Both,Neoplasms,76,15383.25950950073,18281.873108991666,12557.047284041508
Both,Neoplasms,77,15728.66033621679,18610.89130847703,12889.9189012115
Both,Neoplasms,78,16042.10248318876,18954.265968501564,13228.889328256444
Both,Neoplasms,79,16335.607395465911,19309.1561280911,13574.834095665794
Both,Neoplasms,80,16610.65960995029,19647.383935495698,13913.90436889073
Both,Neoplasms,81,16868.743663543944,19940.771538965437,14232.251313382418
Both,Neoplasms,82,17111.34409314892,20161.14108675037,14516.02609459203
Both,Neoplasms,83,17368.455019125286,20326.4567520944,14797.597580035657
Both,Neoplasms,84,17641.22204292961,20472.00392454019,15090.329466705085
Both,Neoplasms,85,17887.856923108724,20595.586576785947,15351.865164265022
Both,Neoplasms,86,18066.57141820944,20695.00868152988,15539.848082380195
Both,Neoplasms,87,18135.57728677859,20768.0742114702,15611.921630715313
Both,Neoplasms,88,18135.777245449197,20823.00792835026,15582.900571421114
Both,Neoplasms,89,18135.93281920757,20869.710377818057,15506.078389347684
Both,Neoplasms,90,18136.043979130452,20908.499208428828,15396.816578208773
Both,Neoplasms,91,18136.110696294567,20939.69206873777,15270.476631718127
Both,Neoplasms,92,18136.13294177667,20963.60660730011,15142.4200435895
Both,Neoplasms,93,18096.96369690292,20983.638106331895,15004.828076880714
Both,Neoplasms,94,17990.640824759903,21002.000001712542,14841.87492368105
Both,Neoplasms,95,17833.941619064975,21017.237172492325,14656.911471251438
Both,Neoplasms,96,17643.643373535495,21027.894497721492,14453.288606852815
Both,Neoplasms,97,17436.523381888812,21032.51685645032,14234.35721774611
Both,Neoplasms,98,17436.523381888812,21032.51685645032,14234.35721774611
Both,Neoplasms,99,17436.523381888812,21032.51685645032,14234.35721774611
Both,Neoplasms,100,17436.523381888812,21032.51685645032,14234.35721774611
Both,Neurological disorders,0,50.91419036133,79.83901168822001,30.512633458190003
Both,Neurological disorders,1,49.01073851074224,79.88270523834319,28.22471139518352
Both,Neurological disorders,2,47.263307303645284,80.21206383446972,26.12432392750544
Both,Neurological disorders,3,47.01367427406,80.81918485874999,25.82426857498
Both,Neurological disorders,4,1219.997814973505,1730.344434651369,777.2310945938534
Both,Neurological disorders,5,3986.620308187514,5597.636288785396,2573.338065694048
Both,Neurological disorders,6,7218.386260589599,10062.953071630534,4726.974921440926
Both,Neurological disorders,7,9786.80077885327,13506.55310755648,6550.971401399849
Both,Neurological disorders,8,11749.07789607961,15988.38534907449,8122.726930047034
Both,Neurological disorders,9,13737.678088623707,18446.203610610955,9802.586473326433
Both,Neurological disorders,10,15486.976128040083,20576.973509408297,11327.798083005004
Both,Neurological disorders,11,16731.34678588326,22077.66066270893,12435.60981084971
Both,Neurological disorders,12,17205.16483370776,22645.23068775527,12863.26970862751
Both,Neurological disorders,13,17049.343931481668,22497.014624672094,12726.502931327528
Both,Neurological disorders,14,16676.30736440233,22143.57632039683,12386.29840473325
Both,Neurological disorders,15,16227.694341868148,21721.73060239087,11947.79983680318
Both,Neurological disorders,16,15845.144073277515,21368.292298115608,11516.15093549581
Both,Neurological disorders,17,15670.295768028833,21220.076235032433,11196.49540876965
Both,Neurological disorders,18,15648.640721198266,21330.95916763401,10959.72888579608
Both,Neurological disorders,19,15631.397453450834,21595.37231460699,10725.738378052589
Both,Neurological disorders,20,15618.796012568211,21910.96219970378,10523.15466695682
Both,Neurological disorders,21,15611.066446332075,22175.375346676767,10380.60853392642
Both,Neurological disorders,22,15608.4388025241,22286.25827927834,10326.73076037903
Both,Neurological disorders,23,15712.779646309196,22269.913935717414,10341.150499489218
Both,Neurological disorders,24,15968.775604156694,22230.9389626106,10378.298603782405
Both,Neurological disorders,25,16290.886815804904,22184.420446321812,10429.00840370251
Both,Neurological disorders,26,16593.573420992143,22145.44547321499,10484.11322969347
Both,Neurological disorders,27,16791.29555945673,22129.101129654067,10534.44641219921
Both,Neurological disorders,28,16906.28881738585,22211.983386853983,10588.567552034425
Both,Neurological disorders,29,17011.69886129621,22409.62569248455,10652.705199349524
Both,Neurological disorders,30,17098.3509514204,22645.521347591995,10714.19610859199
Both,Neurological disorders,31,17157.07034799102,22843.163653222564,10760.377034209314
Both,Neurological disorders,32,17178.68231124065,22926.04591042248,10778.58473064898
Both,Neurological disorders,33,17104.47923701356,22830.033390612407,10757.660199002661
Both,Neurological disorders,34,16911.646683356506,22581.574171443768,10706.569576867802
Both,Neurological disorders,35,16644.84965380582,22240.035763308904,10642.837323450545
Both,Neurological disorders,36,16348.753151897829,21864.785676600182,10583.987897957039
Both,Neurological disorders,37,16068.02218116886,21515.19142170994,10547.54575959343
Both,Neurological disorders,38,15768.792655175597,21124.305210184244,10532.560615477702
Both,Neurological disorders,39,15418.49805766377,20650.58968842173,10523.411764979557
Both,Neurological disorders,40,15063.749747453287,20191.528019093643,10515.618055682724
Both,Neurological disorders,41,14751.15908336405,19844.60336487121,10504.698335170924
Both,Neurological disorders,42,14527.33742421597,19707.29888842568,10486.171451027889
Both,Neurological disorders,43,14364.38786551951,19718.17497406682,10261.331048899201
Both,Neurological disorders,44,14212.840509930433,19747.531703025652,9759.626601399876
Both,Neurological disorders,45,14086.947226986604,19790.461783355306,9168.810696567769
Both,Neurological disorders,46,14000.959886225877,19842.057923108903,8676.63592244074
Both,Neurological disorders,47,13969.13035718611,19897.41283033957,8470.85486705665
Both,Neurological disorders,48,14042.578373106562,19986.75844726794,8666.236739540678
Both,Neurological disorders,49,14217.723641839948,20119.409356300683,9132.147358541055
Both,Neurological disorders,50,14426.767994844311,20259.082225769962,9688.234226380217
Both,Neurological disorders,51,14601.913263577699,20369.493724007938,10154.144845380592
Both,Neurological disorders,52,14675.36127949815,20414.36051934678,10349.52671786462
Both,Neurological disorders,53,14630.292528301923,20276.582117468093,10308.001904029938
Both,Neurological disorders,54,14510.385054514385,19930.33858418464,10197.480173078147
Both,Neurological disorders,55,14338.587027837251,19476.267428025334,10039.040590837643
Both,Neurological disorders,56,14137.846617972244,19015.006157519085,9853.762223136815
Both,Neurological disorders,57,13931.111994621078,18647.19228119481,9662.72413580406
Both,Neurological disorders,58,13684.755127959514,18386.42471719743,9414.54973981441
Both,Neurological disorders,59,13371.622918586378,18161.470450150446,9084.013180805561
Both,Neurological disorders,60,13024.375931837983,17945.719088300637,8731.419626599882
Both,Neurological disorders,61,12675.674733050653,17712.56023989477,8417.074245019747
Both,Neurological disorders,62,12358.1798875607,17435.38351317962,8201.282203887531
Both,Neurological disorders,63,12031.166536831419,17018.47236419178,8056.789523936459
Both,Neurological disorders,64,11672.203200331454,16469.795699169925,7923.966716980444
Both,Neurological disorders,65,11341.39051040515,15918.271301663961,7814.555687462887
Both,Neurological disorders,66,11098.829099396848,15492.816955223789,7740.298339827192
Both,Neurological disorders,67,11004.61959965089,15322.35044339931,7712.93657851676
Both,Neurological disorders,68,11055.551828459505,15326.66104241576,7730.10475395388
Both,Neurological disorders,69,11182.629413327015,15338.983277694977,7774.950041682973
Both,Neurological disorders,70,11347.273701915918,15358.402806581744,7837.48358383064
Both,Neurological disorders,71,11510.906041888717,15384.005286420854,7907.7165225234785
Both,Neurological disorders,72,11634.94778090791,15414.8763745571,7975.65999988809
Both,Neurological disorders,73,11720.56358257188,15519.982890575602,8043.879472706826
Both,Neurological disorders,74,11796.465164569605,15722.608313826257,8120.181154731203
Both,Neurological disorders,75,11865.394455699487,15953.313291300992,8202.437323541566
Both,Neurological disorders,76,11930.093384759919,16142.65846999175,8288.520256718264
Both,Neurological disorders,77,11993.303880549309,16221.20449689046,8376.302231841639
Both,Neurological disorders,78,12049.0737809121,16206.138143085978,8459.943813294538
Both,Neurological disorders,79,12095.91899632058,16170.210684013755,8541.199385152668
Both,Neurological disorders,80,12143.28356451491,16127.329523185614,8629.331954535646
Both,Neurological disorders,81,12200.61152323525,16091.402064113392,8733.604528563113
Both,Neurological disorders,82,12277.34691022175,16076.33571030891,8863.28011435469
Both,Neurological disorders,83,12398.358668663948,16120.670542810565,9054.898970977298
Both,Neurological disorders,84,12575.235520500784,16242.88631969944,9321.0233680565
Both,Neurological disorders,85,12797.501171596541,16426.799960051394,9634.949328549885
Both,Neurological disorders,86,13054.679327815495,16656.228382942285,9969.972875415042
Both,Neurological disorders,87,13336.29369502192,16914.98850744797,10299.39003160956
Both,Neurological disorders,88,13679.87364324511,17319.881813739805,10640.857603011327
Both,Neurological disorders,89,14110.927353233212,17941.375953319668,11013.626727750618
Both,Neurological disorders,90,14600.946746928805,18693.78710225922,11393.384927163617
Both,Neurological disorders,91,15121.423746274455,19491.43143663012,11755.819722586506
Both,Neurological disorders,92,15643.85027321274,20248.62513250402,12076.61863535547
Both,Neurological disorders,93,16171.9828396957,20966.92460608598,12361.182344342918
Both,Neurological disorders,94,16727.510053917846,21704.56413252231,12629.576796424075
Both,Neurological disorders,95,17308.821982185436,22460.876676296557,12879.487414939333
Both,Neurological disorders,96,17914.308690804744,23235.195201892275,13108.599623229085
Both,Neurological disorders,97,18542.36024608204,24026.852673793008,13314.59884463373
Both,Neurological disorders,98,18542.36024608204,24026.852673793008,13314.598844633729
Both,Neurological disorders,99,18542.36024608204,24026.852673793008,13314.598844633729
Both,Neurological disorders,100,18542.36024608204,24026.852673793008,13314.598844633729
Both,Other non-communicable diseases,0,25932.137934099632,26820.484490004732,25251.51091476575
Both,Other non-communicable diseases,1,34020.43045479424,41040.10326952453,28163.800221542217
Both,Other non-communicable diseases,2,50142.52110030271,67768.73530579018,35218.12739773595
Both,Other non-communicable diseases,3,66176.02703134372,91098.05212132298,43704.75942958762
Both,Other non-communicable diseases,4,85073.289967603,113995.17928979298,56694.31090726034
Both,Other non-communicable diseases,5,105869.57205180309,136831.92617936854,73415.53150571098
Both,Other non-communicable diseases,6,122670.14329454732,154373.10905335593,87856.79197869447
Both,Other non-communicable diseases,7,129580.27370643908,161383.54417506146,94006.46307996564
Both,Other non-communicable diseases,8,122698.02082477987,155438.49142959775,88236.94142908746
Both,Other non-communicable diseases,9,106264.49227046006,140878.97512729545,74478.85133853178
Both,Other non-communicable diseases,10,86599.53317946637,122618.45816928768,58057.90510141694
Both,Other non-communicable diseases,11,70022.98868778556,105570.40345670767,44299.81501086126
Both,Other non-communicable diseases,12,62854.70393140434,94648.27389068856,38530.29335998307
Both,Other non-communicable diseases,13,62531.655875629884,88557.51481936236,39253.7752725118
Both,Other non-communicable diseases,14,62278.368131549796,83030.42051720383,41136.81021217469
Both,Other non-communicable diseases,15,62096.0058038215,78520.72727486049,43748.281982086846
Both,Other non-communicable diseases,16,61985.733997102405,75482.1713829797,46657.07438536334
Both,Other non-communicable diseases,17,61948.717816049946,74368.48913220888,49432.07122511927
Both,Other non-communicable diseases,18,63348.09833053643,75138.34196145929,52691.85606622522
Both,Other non-communicable diseases,19,66685.08263431188,77008.94873433684,56756.681395797925
Both,Other non-communicable diseases,20,70667.93486785033,79321.88187853103,60747.93440032168
Both,Other non-communicable diseases,21,74004.9191716258,81418.71382173135,63787.00226628079
Both,Other non-communicable diseases,22,75404.29968611228,82641.01699162729,64995.27218015953
Both,Other non-communicable diseases,23,75362.12273919434,83180.33728976901,64976.17329306331
Both,Other non-communicable diseases,24,75244.79397932046,83648.51776955544,64921.75364168999
Both,Other non-communicable diseases,25,75066.11652781045,84017.57658644918,64836.328740912635
Both,Other non-communicable diseases,26,74839.89350598418,84259.53189591285,64724.2141056043
Both,Other non-communicable diseases,27,74579.92803516149,84346.40185340904,64589.72525063801
Both,Other non-communicable diseases,28,74116.50918771353,84019.0622854477,64258.97838643295
Both,Other non-communicable diseases,29,73360.26898679112,83208.01743805685,63640.44549195858
Both,Other non-communicable diseases,30,72445.52497988356,82169.72809597639,62861.97573491339
Both,Other non-communicable diseases,31,71506.59471448015,81160.65504394611,62051.41828299588
Both,Other non-communicable diseases,32,70677.79573807023,80437.2590667059,61336.62230390455
Both,Other non-communicable diseases,33,69983.61753049227,80022.83548335447,60741.49887718572
Both,Other non-communicable diseases,34,69333.24147547875,79715.62952490705,60180.405834235135
Both,Other non-communicable diseases,35,68688.02297636005,79434.52684397825,59616.86247052546
Both,Other non-communicable diseases,36,68009.31743646649,79098.41309318261,59014.38808152934
Both,Other non-communicable diseases,37,67258.48025912845,78626.17392513475,58336.50196271941
Both,Other non-communicable diseases,38,66440.8642744314,77829.30662288947,57582.75470070782
Both,Other non-communicable diseases,39,65572.768350493,76654.75305710793,56763.64959694579
Both,Other non-communicable diseases,40,64631.96694769189,75224.56576181401,55859.13501916467
Both,Other non-communicable diseases,41,63596.234526406704,73660.7972710317,54849.15933509574
Both,Other non-communicable diseases,42,62443.34554701605,72085.50011878496,53713.67091247033
Both,Other non-communicable diseases,43,61059.219852664435,70402.64201345082,52261.855406631024
Both,Other non-communicable diseases,44,59421.64921562092,68510.80180999826,50458.27420737073
Both,Other non-communicable diseases,45,57646.215989950964,66523.94876233902,48515.93928409619
Both,Other non-communicable diseases,46,55848.50252972001,64556.052124384914,46647.86260621416
Both,Other non-communicable diseases,47,54144.09118899352,62721.08115004768,45067.0561431314
Both,Other non-communicable diseases,48,52414.62066708032,60943.9674807927,43722.03816905185
Both,Other non-communicable diseases,49,50582.64797412036,59144.70870550574,42445.59003129634
Both,Other non-communicable diseases,50,48825.13293042581,57429.87299922915,41277.11830894697
Both,Other non-communicable diseases,51,47319.03535630881,55906.028537005324,40256.02958108582
Both,Other non-communicable diseases,52,46241.31507208149,54679.74349387661,39421.730426795
Both,Other non-communicable diseases,53,45501.95810942642,53710.64998812191,38708.19191736054
Both,Other non-communicable diseases,54,44880.77608815449,52868.71505472985,38047.051317058394
Both,Other non-communicable diseases,55,44359.467210770315,52126.00924380745,37474.214494455526
Both,Other non-communicable diseases,56,43919.729679778575,51454.6031054617,37025.5873181189
Both,Other non-communicable diseases,57,43543.26169768392,50826.567189799585,36737.07565661548
Both,Other non-communicable diseases,58,43194.124614594286,50166.00242143391,36559.7409632425
Both,Other non-communicable diseases,59,42864.96748304873,49481.14948716839,36416.80516996181
Both,Other non-communicable diseases,60,42580.370059198525,48870.28858039643,36302.41486333736
Both,Other non-communicable diseases,61,42364.91209919499,48431.699894511425,36210.71662993309
Both,Other non-communicable diseases,62,42243.173359189386,48263.66362290678,36135.85705631295
Both,Other non-communicable diseases,63,42180.60567082295,48264.96012670196,36067.23829967861
Both,Other non-communicable diseases,64,42127.84383745504,48268.58016270478,36002.51341639321
Both,Other non-communicable diseases,65,42087.24207281412,48274.11951784112,35948.2053417628
Both,Other non-communicable diseases,66,42061.154590628685,48281.1739790369,35910.83701109343
Both,Other non-communicable diseases,67,42051.93560462721,48289.33933321803,35896.93135969118
Both,Other non-communicable diseases,68,42067.003068115046,48300.92194246233,35978.23594100547
Both,Other non-communicable diseases,69,42109.32791146328,48319.01961743461,36187.35134606981
Both,Other non-communicable diseases,70,42174.593813999025,48344.415317941246,36472.08006656646
Both,Other non-communicable diseases,71,42258.48445504938,48377.8920037886,36780.224594177664
Both,Other non-communicable diseases,72,42356.68351394142,48420.232634783024,37059.58742058566
Both,Other non-communicable diseases,73,42549.50576582217,48518.058307622545,37311.024090083934
Both,Other non-communicable diseases,74,42880.8855856774,48703.525495387585,37569.74905255034
Both,Other non-communicable diseases,75,43291.936052592355,48955.72022245814,37835.103158043676
Both,Other non-communicable diseases,76,43723.770245652246,49253.72851321422,38106.427256622716
Both,Other non-communicable diseases,77,44117.50124394232,49576.63639203579,38383.06219834627
Both,Other non-communicable diseases,78,44475.27792393031,49983.51132667989,38693.24165416571
Both,Other non-communicable diseases,79,44836.367777284664,50516.406974534235,39037.73529243709
Both,Other non-communicable diseases,80,45197.56180589166,51128.88864442486,39374.68795932629
Both,Other non-communicable diseases,81,45555.65101163758,51774.52164517782,39662.24450099915
Both,Other non-communicable diseases,82,45907.42639640873,52406.87128561914,39858.54976362153
Both,Other non-communicable diseases,83,46270.611997300875,53079.99709885476,39972.59451723989
Both,Other non-communicable diseases,84,46647.46539660908,53826.35180879368,40054.405903342675
Both,Other non-communicable diseases,85,47011.57791401859,54567.090510466616,40123.683325258666
Both,Other non-communicable diseases,86,47336.54086921469,55223.368298904265,40200.12618631666
Both,Other non-communicable diseases,87,47595.945581882595,55716.3402691373,40303.43388984542
Both,Other non-communicable diseases,88,47818.94526320834,56041.60979010062,40486.74993158378
Both,Other non-communicable diseases,89,48035.708601619524,56284.400344296264,40745.567881901385
Both,Other non-communicable diseases,90,48221.350132663785,56500.29719710566,41013.11225607335
Both,Other non-communicable diseases,91,48350.98439188876,56744.885613910235,41222.6075693748
Both,Other non-communicable diseases,92,48399.72591484204,57073.75086009142,41307.27833708081
Both,Other non-communicable diseases,93,48368.17444746978,57537.75609903165,41197.97113350325
Both,Other non-communicable diseases,94,48273.34868936838,58136.17531813074,40889.80764439576
Both,Other non-communicable diseases,95,48114.99160656094,58847.210018796235,40412.4250521961
Both,Other non-communicable diseases,96,47892.846165070565,59649.06170243566,39795.460539342064
Both,Other non-communicable diseases,97,47606.65533092033,60519.93187045654,39068.55128827142
Both,Other non-communicable diseases,98,47606.65533092034,60519.931870456545,39068.55128827142
Both,Other non-communicable diseases,99,47606.65533092034,60519.931870456545,39068.55128827142
Both,Other non-communicable diseases,100,47606.65533092034,60519.931870456545,39068.55128827142
Both,Skin and subcutaneous diseases,0,22997.91050783124,24933.466872833094,21267.11231946283
Both,Skin and subcutaneous diseases,1,22889.727950190627,25648.28624674782,20597.967813134746
Both,Skin and subcutaneous diseases,2,22790.412815307445,26940.713715805075,19539.723739996156
Both,Skin and subcutaneous diseases,3,22776.22493889556,27884.903900704223,19117.05933749685
Both,Skin and subcutaneous diseases,4,22973.28661258258,28459.26304850951,19313.830846521567
Both,Skin and subcutaneous diseases,5,23475.676226897398,28872.090587028106,19816.42604493724
Both,Skin and subcutaneous diseases,6,24150.200671720646,29269.87959242019,20493.265939756126
Both,Skin and subcutaneous diseases,7,24863.66683693297,29799.123140845928,21212.7715379905
Both,Skin and subcutaneous diseases,8,25850.09395276042,30744.127076009154,22184.04390064701
Both,Skin and subcutaneous diseases,9,27206.609440177075,32066.561483537578,23506.56705683828
Both,Skin and subcutaneous diseases,10,28594.68247518564,33428.965802477156,24884.336465735538
Both,Skin and subcutaneous diseases,11,29675.782233788806,34493.87947187387,26021.347586509986
Both,Skin and subcutaneous diseases,12,30111.37789198926,34923.84193077367,26621.59587833286
Both,Skin and subcutaneous diseases,13,30073.069295380385,34649.88024374578,26838.79947233812
Both,Skin and subcutaneous diseases,14,29970.84710237067,33980.41011188567,27019.505311509773
Both,Skin and subcutaneous diseases,15,29823.766708185492,33144.0539290287,27156.952072794124
Both,Skin and subcutaneous diseases,16,29650.883508050232,32369.434089010203,27244.378433137448
Both,Skin and subcutaneous diseases,17,29471.252897190257,31885.17298566553,27275.023069486047
Both,Skin and subcutaneous diseases,18,29210.076126878925,31629.72526098111,27066.356785872922
Both,Skin and subcutaneous diseases,19,28842.73670035965,31400.73732392169,26568.767955718544
Both,Skin and subcutaneous diseases,20,28463.563390812902,31215.619218790056,25974.871610050413
Both,Skin and subcutaneous diseases,21,28166.88497141917,31091.780989889026,25477.282779896035
Both,Skin and subcutaneous diseases,22,28047.030215358933,31046.63268152139,25268.61649628291
Both,Skin and subcutaneous diseases,23,28195.814284236876,31190.226963956782,25450.59333516887
Both,Skin and subcutaneous diseases,24,28581.661350675437,31565.560279406134,25914.972831318442
Both,Skin and subcutaneous diseases,25,29113.813704381697,32089.45833008422,26539.428453969165
Both,Skin and subcutaneous diseases,26,29701.513635062747,32678.7468182058,27201.633672358577
Both,Skin and subcutaneous diseases,27,30254.00343242568,33250.25144598564,27779.26195572421
Both,Skin and subcutaneous diseases,28,30811.86354419747,33870.3666110613,28278.717657139932
Both,Skin and subcutaneous diseases,29,31439.82908092533,34604.776036729454,28781.59670720149
Both,Skin and subcutaneous diseases,30,32083.37432654672,35369.23941369355,29278.359941429255
Both,Skin and subcutaneous diseases,31,32687.973564999087,36079.51643265703,29759.468195343594
Both,Skin and subcutaneous diseases,32,33199.10108021988,36651.36678432333,30215.38230446488
Both,Skin and subcutaneous diseases,33,33614.43037617692,37085.24142117444,30645.77998217598
Both,Skin and subcutaneous diseases,34,33981.45819892816,37456.39935562973,31058.680501173072
Both,Skin and subcutaneous diseases,35,34320.393695546285,37792.81236829866,31457.057035946505
Both,Skin and subcutaneous diseases,36,34651.44601310396,38122.45223979074,31843.882760986617
Both,Skin and subcutaneous diseases,37,34994.82429867387,38473.290750715474,32222.13085078375
Both,Skin and subcutaneous diseases,38,35331.62200737913,38825.92655364794,32571.265669122007
Both,Skin and subcutaneous diseases,39,35648.37545668974,39161.75723036082,32889.956815576974
Both,Skin and subcutaneous diseases,40,35973.45808719874,39509.95295525993,33209.98531832622
Both,Skin and subcutaneous diseases,41,36335.24333949918,39899.6839027511,33563.13220554731
Both,Skin and subcutaneous diseases,42,36762.10465418408,40360.12024724017,33981.178505417796
Both,Skin and subcutaneous diseases,43,37274.822960447746,40921.64214434454,34480.93177536768
Both,Skin and subcutaneous diseases,44,37876.85966534997,41591.15956639306,35060.9006712326
Both,Skin and subcutaneous diseases,45,38570.60892628201,42362.63741285872,35725.41786879862
Both,Skin and subcutaneous diseases,46,39358.464900635096,43230.04058321454,36478.81604385181
Both,Skin and subcutaneous diseases,47,40242.82174580049,44187.33397693352,37325.42787217823
Both,Skin and subcutaneous diseases,48,41370.04748291354,45344.3556967304,38440.469123950454
Both,Skin and subcutaneous diseases,49,42787.615944039026,46746.68018575026,39867.089516509106
Both,Skin and subcutaneous diseases,50,44349.58000296233,48291.87685411158,41411.52264639235
Both,Skin and subcutaneous diseases,51,45909.99253346878,49877.51511193288,42880.002110138346
Both,Skin and subcutaneous diseases,52,47322.90640934378,51401.16436933266,44078.76150428522
Both,Skin and subcutaneous diseases,53,48597.24285713367,52900.87568299727,44983.13707602287
Both,Skin and subcutaneous diseases,54,49834.386998386544,54445.005602987316,45751.31923526361
Both,Skin and subcutaneous diseases,55,51027.08754939028,55976.58177948271,46463.82282262918
Both,Skin and subcutaneous diseases,56,52168.0932264328,57438.63186266336,47201.1626787414
Both,Skin and subcutaneous diseases,57,53250.15274580199,58774.18350270917,48043.85364422202
Both,Skin and subcutaneous diseases,58,54178.9672101574,59881.61546937259,48948.29288210814
Both,Skin and subcutaneous diseases,59,54964.913400497324,60810.45962084128,49870.860061520434
Both,Skin and subcutaneous diseases,60,55757.75355061775,61730.47323994799,50892.0437822061
Both,Skin and subcutaneous diseases,61,56707.24989431471,62811.41360952544,52092.33264391232
Both,Skin and subcutaneous diseases,62,57963.16466538418,64223.03801240637,53552.21524638628
Both,Skin and subcutaneous diseases,63,60014.33851890605,66395.32183553584,55637.09135056559
Both,Skin and subcutaneous diseases,64,63011.27037499373,69431.72630330021,58473.97040918733
Both,Skin and subcutaneous diseases,65,66596.20986499361,73012.2374546942,61785.755559697944
Both,Skin and subcutaneous diseases,66,70411.40662025205,76816.84132871247,65295.349939543834
Both,Skin and subcutaneous diseases,67,74099.11027211543,80525.52396434978,68725.65668617144
Both,Skin and subcutaneous diseases,68,78103.79872153862,84579.66318447598,72497.79235532111
Both,Skin and subcutaneous diseases,69,82674.41624732802,89204.2194654712,76806.51889649883
Both,Skin and subcutaneous diseases,70,87159.91204760723,93754.55282659535,81035.20753779949
Both,Skin and subcutaneous diseases,71,90909.23532049992,97586.02328710842,84567.22950731796
Both,Skin and subcutaneous diseases,72,93271.33526412978,100053.99086627032,86785.95603314905
Both,Skin and subcutaneous diseases,73,94466.86831006153,101359.58748044033,87899.45247754188
Both,Skin and subcutaneous diseases,74,95295.20087019455,102281.87949509377,88665.61786326648
Both,Skin and subcutaneous diseases,75,95973.34711315423,103043.12860316479,89292.57390919908
Both,Skin and subcutaneous diseases,76,96718.32120756613,103865.5964975875,89988.442334216
Both,Skin and subcutaneous diseases,77,97747.13732205569,104971.544871296,90961.34485719344
Both,Skin and subcutaneous diseases,78,99245.43937749497,106510.06582611575,92409.4870214076
Both,Skin and subcutaneous diseases,79,101157.02683967765,108403.91802172571,94291.8150256394
Both,Skin and subcutaneous diseases,80,103336.14719461153,110535.86298784034,96457.56157202228
Both,Skin and subcutaneous diseases,81,105637.04792830446,112788.66225417412,98755.95936268964
Both,Skin and subcutaneous diseases,82,107913.97652676424,115045.07735044154,101036.24109977492
Both,Skin and subcutaneous diseases,83,110598.9277527539,117747.44679711887,103744.07208179886
Both,Skin and subcutaneous diseases,84,113796.30858712652,120983.16455250292,106989.34616558149
Both,Skin and subcutaneous diseases,85,116868.98484302516,124102.57530303895,110117.63889070516
Both,Skin and subcutaneous diseases,86,119179.82233359279,126456.02373517214,112474.52579675229
Both,Skin and subcutaneous diseases,87,120091.68687197244,127393.85453534772,113405.58242330524
Both,Skin and subcutaneous diseases,88,120008.26828451076,127405.98730394362,113242.07916188326
Both,Skin and subcutaneous diseases,89,119790.187497611,127415.43929023978,112818.14635268235
Both,Skin and subcutaneous diseases,90,119485.70697450098,127422.20165403442,112233.64945830009
Both,Skin and subcutaneous diseases,91,119143.08917840858,127426.26555512584,111588.45394133407
Both,Skin and subcutaneous diseases,92,118810.59657256171,127427.62215331224,110982.42526438185
Both,Skin and subcutaneous diseases,93,118479.76704961759,127407.758065836,110409.24387505218
Both,Skin and subcutaneous diseases,94,118112.38127170331,127353.45534133802,109797.81883228621
Both,Skin and subcutaneous diseases,95,117712.06585625147,127272.64828671448,109150.85851568026
Both,Skin and subcutaneous diseases,96,117282.44742069468,127173.27120886146,108471.07130483055
Both,Skin and subcutaneous diseases,97,116827.15258246551,127063.25841467516,107761.16557933332
Both,Skin and subcutaneous diseases,98,116827.15258246553,127063.25841467516,107761.16557933332
Both,Skin and subcutaneous diseases,99,116827.15258246553,127063.25841467516,107761.16557933332
Both,Skin and subcutaneous diseases,100,116827.15258246553,127063.25841467516,107761.16557933332
Both,Substance use disorders,0,95.78564077269,123.33389030955,73.43017855453
Both,Substance use disorders,1,68.84777133692427,88.64860546557193,52.77935295488679
Both,Substance use disorders,2,20.984423455432395,27.019609200122947,16.086857578715495
Both,Substance use disorders,3,0.0,0.0,0.0
Both,Substance use disorders,4,0.0,0.0,0.0
Both,Substance use disorders,5,0.0,0.0,0.0
Both,Substance use disorders,6,0.0,0.0,0.0
Both,Substance use disorders,7,0.0,0.0,0.0
Both,Substance use disorders,8,31.834243436663822,52.94166014209801,17.805032203590773
Both,Substance use disorders,9,119.04523524143427,195.39408554032443,67.55789029243152
Both,Substance use disorders,10,249.1953676564798,402.7984436525779,143.7652164836249
Both,Substance use disorders,11,409.84703292396887,650.5959019367568,240.9336529942735
Both,Substance use disorders,12,588.56262328607,914.22762785076,353.56984204148
Both,Substance use disorders,13,886.8359519229078,1288.0867029880615,592.1099525191719
Both,Substance use disorders,14,1346.4678219755544,1813.887589585192,1000.1870283139592
Both,Substance use disorders,15,1865.4811106275993,2388.0535260646375,1472.1030241319684
Both,Substance use disorders,16,2341.8986950626313,2907.0077508488816,1902.1598946793265
Both,Substance use disorders,17,2673.74345246424,3267.1735023604097,2184.65959466216
Both,Substance use disorders,18,2881.817504801834,3488.774810407291,2343.5850380937172
Both,Substance use disorders,19,3058.204501355978,3669.832510867237,2475.9834546490733
Both,Substance use disorders,20,3207.849610277,3823.465051267194,2585.7532725270958
Both,Substance use disorders,21,3335.6979997152253,3962.790879134109,2676.7929199266523
Both,Substance use disorders,22,3446.69483782098,4100.92844199493,2753.0008250466103
Both,Substance use disorders,23,3554.2707660450096,4255.985252943711,2824.206388567408
Both,Substance use disorders,24,3660.08061840449,4420.503384547599,2892.6411639729095
Both,Substance use disorders,25,3751.4058518993934,4569.253123543178,2950.8068086671183
Both,Substance use disorders,26,3815.52792352969,4677.004756667031,2991.2049800540403
Both,Substance use disorders,27,3839.7282902953502,4718.528570655741,3006.33733553768
Both,Substance use disorders,28,3836.695350183879,4713.541949753932,3001.894612554677
Both,Substance use disorders,29,3828.024136989631,4699.499586943663,2989.659640711853
Both,Substance use disorders,30,3814.356061422858,4677.777732067667,2971.2722156684795
Both,Substance use disorders,31,3796.332534193811,4649.752634968674,2948.3721330838307
Both,Substance use disorders,32,3774.59496601274,4616.80054548942,2922.59918861718
Both,Substance use disorders,33,3717.7922668870597,4549.003358186614,2884.4134017111464
Both,Substance use disorders,34,3609.4510275294774,4430.551761127722,2826.9661176906243
Both,Substance use disorders,35,3472.529179708185,4283.985194421625,2755.934121038296
Both,Substance use disorders,36,3329.984655191372,4131.843098177196,2676.9941962368466
Both,Substance use disorders,37,3204.77538574723,3996.66491250331,2595.8231277689597
Both,Substance use disorders,38,3096.8068792038976,3879.596939875913,2503.255759524881
Both,Substance use disorders,39,2990.6873052238366,3765.540055233044,2393.709521545259
Both,Substance use disorders,40,2886.4285883267216,3652.665557376719,2278.2350775383816
Both,Substance use disorders,41,2784.042653032228,3539.1447451089552,2167.8830912125363
Both,Substance use disorders,42,2683.54142386003,3423.1489172317697,2073.70422627601
Both,Substance use disorders,43,2584.1324989690943,3301.289208391205,1997.0605896901832
Both,Substance use disorders,44,2485.7270984678175,3174.749408759287,1929.0518039473295
Both,Substance use disorders,45,2389.392579800023,3048.559800427005,1865.3348060520775
Both,Substance use disorders,46,2296.1963004095333,2927.750665485353,1801.5665330090546
Both,Substance use disorders,47,2207.20561774017,2817.35228602532,1733.40392182289
Both,Substance use disorders,48,2122.164673574922,2718.7699092320718,1657.6116547348058
Both,Substance use disorders,49,2040.068435941159,2627.752973227165,1576.9977646400998
Both,Substance use disorders,50,1960.8605016492797,2540.8480465061834,1496.284214524513
Both,Substance use disorders,51,1884.484467509681,2454.601697564711,1420.1929673737861
Both,Substance use disorders,52,1810.88393033276,2365.56049489833,1353.44598617366
Both,Substance use disorders,53,1740.9567341481766,2271.708134328127,1297.7793990798352
Both,Substance use disorders,54,1674.5112286554906,2175.3400980249926,1248.996011089293
Both,Substance use disorders,55,1609.8567691699493,2079.47063400922,1202.9178004496966
Both,Substance use disorders,56,1545.3027110068,1987.1139903010983,1155.3667454087079
Both,Substance use disorders,57,1479.1584094812902,1901.28441492092,1102.16482421399
Both,Substance use disorders,58,1411.3282370298061,1824.6163906619802,1038.2919512715157
Both,Substance use disorders,59,1342.9310636113562,1754.6105339660203,966.0571033935307
Both,Substance use disorders,60,1274.0979908251202,1686.5802933260015,892.2758524371069
Both,Substance use disorders,61,1204.9601202702781,1615.839117234884,823.7637702593161
Both,Substance use disorders,62,1135.64855354601,1537.7004541856302,767.33642871723
Both,Substance use disorders,63,1063.7008665926685,1444.6373735048403,723.1850683704856
Both,Substance use disorders,64,989.0271538423078,1339.038374218224,685.1093608765552
Both,Substance use disorders,65,915.3172946316599,1231.090049367406,650.337524739263
Both,Substance use disorders,66,846.2611682974566,1130.9789919940097,616.0977784624331
Both,Substance use disorders,67,785.54865417643,1048.8917951396602,579.61834054989
Both,Substance use disorders,68,731.053656489969,982.6200702017321,537.2661229329884
Both,Substance use disorders,69,679.2948299333108,922.8661589971925,490.878482159775
Both,Substance use disorders,70,631.9291795539601,869.1827501970528,445.8893036591125
Both,Substance use disorders,71,590.6137103994217,821.1225324723249,407.7324728598633
Both,Substance use disorders,72,557.0054275172,778.23819449402,381.84187519089
Both,Substance use disorders,73,529.3656157138555,738.9628257399431,365.91408706494565
Both,Substance use disorders,74,504.83788649759526,702.489966022573,353.27275810864467
Both,Substance use disorders,75,483.4027349683943,669.5129795149323,342.79238357164195
Both,Substance use disorders,76,465.0406562262276,640.7252303900437,333.34745870359217
Both,Substance use disorders,77,449.73214537107,616.82008282093,323.81247875415
Both,Substance use disorders,78,435.6253453275938,595.0057322201621,313.2328216745387
Both,Substance use disorders,79,421.92595265821996,573.6926836740327,302.27660602890563
Both,Substance use disorders,80,410.2007929195462,555.3777658661447,292.25243798629225
Both,Substance use disorders,81,402.0166916681703,542.5578074801026,284.46892371573995
Both,Substance use disorders,82,398.94047446069,537.72963719951,280.23466938629
Both,Substance use disorders,83,399.25362183830725,540.0162845504728,278.49492293253473
Both,Substance use disorders,84,400.1216338488555,545.9200918351946,277.21462188682483
Both,Substance use disorders,85,401.437365308879,554.0068569014251,276.2319068148397
Both,Substance use disorders,86,403.0936710349224,562.8423775969135,275.3849182822583
Both,Substance use disorders,87,404.98340584353,570.99245176941,274.51179685476
Both,Substance use disorders,88,407.9778775581932,577.834279916622,273.7230443571051
Both,Substance use disorders,89,412.66896415596017,584.3546502788066,273.11417484672535
Both,Substance use disorders,90,418.5303756837105,591.5337423175373,272.500847238307
Both,Substance use disorders,91,425.03582218832383,600.3517354943871,271.69872044653647
Both,Substance use disorders,92,431.65901371668,611.78880927093,270.5234533861
Both,Substance use disorders,93,438.58454186208417,630.0120139706054,267.70113119614365
Both,Substance use disorders,94,446.29511773135835,657.3443611357735,262.4447087472189
Both,Substance use disorders,95,454.7116306416574,691.9999720563892,255.30014955112037
Both,Substance use disorders,96,463.7549699101363,732.1929680224064,246.81341711964254
Both,Substance use disorders,97,473.34602485395,776.13747032378,237.53047496458004
Both,Substance use disorders,98,473.34602485395,776.13747032378,237.53047496458
Both,Substance use disorders,99,473.34602485395,776.13747032378,237.53047496458
Both,Substance use disorders,100,473.34602485395,776.13747032378,237.53047496458
Female,Cardiovascular diseases,0,28.54060528788,36.62886877209,22.56132879389
Female,Cardiovascular diseases,1,27.84009559059834,35.956999586710715,22.051717838612163
Female,Cardiovascular diseases,2,26.3871763381933,34.52551525290319,20.90975759527497
Female,Cardiovascular diseases,3,24.85748995428,32.97096550014,19.60951275608
Female,Cardiovascular diseases,4,22.95247384850392,31.013632974914223,17.794128216550597
Female,Cardiovascular diseases,5,20.780855791597276,28.75414293695596,15.576026418849242
Female,Cardiovascular diseases,6,18.944490539926996,26.75572434425222,13.66556350035577
Female,Cardiovascular diseases,7,18.04523284986,25.58160615479,12.77309559845
Female,Cardiovascular diseases,8,17.836031927377256,25.042708779639735,12.640781118156445
Female,Cardiovascular diseases,9,17.66990744717141,24.588063503104554,12.5373910707121
Female,Cardiovascular diseases,10,17.548819868676944,24.2380655930205,12.463200502815532
Female,Cardiovascular diseases,11,17.474729651328317,24.013110317223635,12.41848446116531
Female,Cardiovascular diseases,12,17.44959725456,23.93359294355,12.40351799246
Female,Cardiovascular diseases,13,17.939288666011375,24.54150043703715,12.736332237677056
Female,Cardiovascular diseases,14,19.21500394707573,26.12132917407225,13.61153988827197
Female,Cardiovascular diseases,15,20.986704667818394,28.307238539515776,14.844288316660357
Female,Cardiovascular diseases,16,22.964352398304705,30.733387918228196,16.249724895257827
Female,Cardiovascular diseases,17,24.8579087086,33.03393669507,17.64299699648
Female,Cardiovascular diseases,18,26.613014043580254,35.145379906928426,19.000132236036244
Female,Cardiovascular diseases,19,28.3919026820987,37.274010383083485,20.435544719109025
Female,Cardiovascular diseases,20,30.22942694518658,39.458684196984734,21.97196155232363
Female,Cardiovascular diseases,21,32.16043915387513,41.73825742208173,23.632109842305336
Female,Cardiovascular diseases,22,34.2197916291956,44.15158613182404,25.438716695679407
Female,Cardiovascular diseases,23,36.44233669217922,46.73752639966123,27.414509219071128
Female,Cardiovascular diseases,24,38.86292666385723,49.53493429904285,29.58221451910577
Female,Cardiovascular diseases,25,41.516413865260866,52.58266590341848,31.96455970240861
Female,Cardiovascular diseases,26,44.43765061742138,55.91957728623767,34.58427187560493
Female,Cardiovascular diseases,27,47.66148924137,59.58452452095,37.464078145319995
Female,Cardiovascular diseases,28,51.62212626070924,63.92576739140694,41.13095198373073
Female,Cardiovascular diseases,29,56.586345124729206,69.19409264405111,45.88046435944676
Female,Cardiovascular diseases,30,62.33787854299255,75.28214679621883,51.38823862374243
Female,Cardiovascular diseases,31,68.66045922506193,82.08257636524637,57.32989812789206
Female,Cardiovascular diseases,32,75.33781988049999,89.48802786847,63.381066223169995
Female,Cardiovascular diseases,33,82.13554478370652,97.48671608762997,69.15993466477612
Female,Cardiovascular diseases,34,89.34296532276325,106.41702712342014,74.94347749470771
Female,Cardiovascular diseases,35,97.52943487775572,116.69686447160736,81.39549149443526
Female,Cardiovascular diseases,36,107.26430682876945,128.74413162795835,89.17977344542919
Female,Cardiovascular diseases,37,119.11693455589,142.97673208824,98.96012012916
Female,Cardiovascular diseases,38,136.98449963855398,162.5255927932263,115.43899643345324
Female,Cardiovascular diseases,39,162.20004642817855,188.6446000669439,140.04073666552722
Female,Cardiovascular diseases,40,191.48672246282015,218.93609648003834,168.51194173594163
Female,Cardiovascular diseases,41,221.56767528053518,251.0024246031552,196.599212555256
Female,Cardiovascular diseases,42,249.16605241938,282.44592700694,220.04915003403
Female,Cardiovascular diseases,43,273.0585492232634,312.94658428112893,237.51472283448626
Female,Cardiovascular diseases,44,295.4380323478932,344.19631605906886,252.1140863431324
Female,Cardiovascular diseases,45,318.1519062990243,376.8153734768214,266.2916215569554
Female,Cardiovascular diseases,46,343.0475755824116,411.42400767044785,282.49170947294226
Female,Cardiovascular diseases,47,371.97244470381,448.64246977601,303.15873108808
Female,Cardiovascular diseases,48,406.8129425430579,487.8656242389642,332.75501270438855
Female,Cardiovascular diseases,49,447.4512619155896,529.1145752888957,371.76318085439135
Female,Cardiovascular diseases,50,492.7284532305545,573.948933738059,416.6580668808309
Female,Cardiovascular diseases,51,541.4855668971016,623.9283103987091,463.91450212644963
Female,Cardiovascular diseases,52,592.5636533243801,680.6123160831,510.0073179339899
Female,Cardiovascular diseases,53,644.3838794703453,746.6636219640544,551.9985514236604
Female,Cardiovascular diseases,54,698.3764708278997,823.5315676347093,592.3299581256642
Female,Cardiovascular diseases,55,757.8960656086135,910.9557665377921,635.5459469977359
Female,Cardiovascular diseases,56,826.297302024057,1008.6758321160299,686.1909269976097
Female,Cardiovascular diseases,57,906.9348182858,1116.43137781215,748.8093070830199
Female,Cardiovascular diseases,58,1010.8062438029165,1239.4908532376426,837.7008937669627
Female,Cardiovascular diseases,59,1142.2756911407196,1382.2549428639134,957.7089727508123
Female,Cardiovascular diseases,60,1294.7475232451395,1543.161612423563,1099.1931717748694
Female,Cardiovascular diseases,61,1461.626103062106,1720.6488276491914,1252.5131185794348
Female,Cardiovascular diseases,62,1636.31579353755,1913.1545542734,1408.02844090481
Female,Cardiovascular diseases,63,1830.2200228353513,2140.2590185629206,1570.641761470566
Female,Cardiovascular diseases,64,2050.9658963098505,2408.4131874053387,1748.4652152463493
Female,Cardiovascular diseases,65,2286.293292692667,2696.3611374645334,1936.6726983475728
Female,Cardiovascular diseases,66,2523.94209071542,2982.846945404384,2130.438106889649
Female,Cardiovascular diseases,67,2751.65216910973,3246.61468788877,2324.93533698799
Female,Cardiovascular diseases,68,2969.6679568256877,3479.490908648112,2530.512169872035
Female,Cardiovascular diseases,69,3186.197116063468,3696.280281548269,2750.6107289324837
Female,Cardiovascular diseases,70,3400.9243754298095,3910.1940784562744,2970.046423526641
Female,Cardiovascular diseases,71,3613.5344635314564,4134.443571239162,3173.634663011812
Female,Cardiovascular diseases,72,3823.7121089751495,4382.2400317639695,3346.1908567453
Female,Cardiovascular diseases,73,4027.9088541812116,4671.191926696035,3480.6403471080775
Female,Cardiovascular diseases,74,4226.391007051762,4995.346160589462,3591.366871938457
Female,Cardiovascular diseases,75,4424.565444416237,5332.571662144428,3695.3734337797537
Female,Cardiovascular diseases,76,4627.839043104074,5660.737360061108,3809.663035175286
Female,Cardiovascular diseases,77,4841.61867994471,5957.71218303968,3951.23867866837
Female,Cardiovascular diseases,78,5069.803333296634,6208.259929955088,4155.2719455241695
Female,Cardiovascular diseases,79,5309.427481758179,6429.030911225814,4418.267272862017
Female,Cardiovascular diseases,80,5555.601252518533,6645.7238228673405,4699.226947006492
Female,Cardiovascular diseases,81,5803.434772766886,6884.037360895152,4957.153254282163
Female,Cardiovascular diseases,82,6048.0381696924305,7169.67022132473,5151.0484810136095
Female,Cardiovascular diseases,83,6295.187948059823,7603.3620795430825,5278.647596181708
Female,Cardiovascular diseases,84,6548.144032275293,8181.628058154553,5377.433112520746
Female,Cardiovascular diseases,85,6798.241678990386,8773.83002400064,5466.028631985408
Female,Cardiovascular diseases,86,7036.816144856651,9249.329843922831,5563.057756530378
Female,Cardiovascular diseases,87,7255.20268652563,9477.48938476262,5687.14408811034
Female,Cardiovascular diseases,88,7452.358501642746,9524.005252941788,5882.291949206242
Female,Cardiovascular diseases,89,7635.93142012055,9550.430073818623,6143.675047119288
Female,Cardiovascular diseases,90,7810.292647011294,9569.909742639393,6416.671061034549
Female,Cardiovascular diseases,91,7979.813387367225,9595.590154650365,6646.657670137095
Female,Cardiovascular diseases,92,8148.86484624059,9640.6172050978,6779.012553612
Female,Cardiovascular diseases,93,8317.66106340876,9768.532980054304,6840.798829429269
Female,Cardiovascular diseases,94,8483.440787725496,10015.960753693265,6893.65581704572
Female,Cardiovascular diseases,95,8646.112287857646,10355.668203412148,6934.825497876639
Female,Cardiovascular diseases,96,8805.583832472046,10760.4230066084,6961.549853337314
Female,Cardiovascular diseases,97,8961.76369023554,11202.99284067949,6971.07086484303
Female,Cardiovascular diseases,98,8961.76369023554,11202.99284067949,6971.070864843031
Female,Cardiovascular diseases,99,8961.76369023554,11202.99284067949,6971.070864843031
Female,Cardiovascular diseases,100,8961.76369023554,11202.99284067949,6971.070864843031
Female,Chronic respiratory diseases,0,0.0,0.0,0.0
Female,Chronic respiratory diseases,1,788.9690695262373,1195.1548568920975,428.3091849073565
Female,Chronic respiratory diseases,2,2091.589374639954,3183.593301847318,1132.5107097934506
Female,Chronic respiratory diseases,3,2631.33784648294,4012.6792266285,1423.2961773911102
Female,Chronic respiratory diseases,4,2409.115327194882,3714.3703091082516,1296.380240412552
Female,Chronic respiratory diseases,5,1906.1555581523987,3036.6350534404487,1008.9268914370932
Female,Chronic respiratory diseases,6,1368.0202225880262,2305.260704964504,700.877823405058
Female,Chronic respiratory diseases,7,1040.2710037343,1846.03450901983,512.1747292567701
Female,Chronic respiratory diseases,8,913.0512622866866,1654.548696337408,436.3344539895027
Female,Chronic respiratory diseases,9,810.8620782180975,1503.0433224635879,373.74902432213486
Female,Chronic respiratory diseases,10,730.8017136772381,1382.2773699608344,324.6729057773997
Female,Chronic respiratory diseases,11,669.9684308128138,1283.0098213916137,289.36056387803035
Female,Chronic respiratory diseases,12,625.46049177353,1195.99965931839,268.06646414676
Female,Chronic respiratory diseases,13,590.7407733020206,1114.0642197598168,254.65802029829158
Female,Chronic respiratory diseases,14,561.2625991348302,1038.5470693537209,243.21965019491486
Female,Chronic respiratory diseases,15,537.1099019115305,972.9965365913299,234.33132558074334
Female,Chronic respiratory diseases,16,518.3666142716934,920.9609499638707,228.57301819989056
Female,Chronic respiratory diseases,17,505.11666885489,885.98863796257,226.52469979646995
Female,Chronic respiratory diseases,18,494.912373658915,861.9669917659578,227.030759345232
Female,Chronic respiratory diseases,19,485.32229966712947,840.346112368076,228.4280179138162
Female,Chronic respiratory diseases,20,476.45477399745516,821.0183929834203,230.53509538566954
Female,Chronic respiratory diseases,21,468.4181237678137,803.8762268264867,233.17061164423907
Female,Chronic respiratory diseases,22,461.3206760961268,788.8120071117708,236.15318657297183
Female,Chronic respiratory diseases,23,455.2707581003162,775.7181270537684,239.30144005531486
Female,Chronic respiratory diseases,24,450.3766968983035,764.4869798669755,242.43399197471516
Female,Chronic respiratory diseases,25,446.74681960801047,755.0109587658876,245.36946221461974
Female,Chronic respiratory diseases,26,444.48945334735873,747.1824569650005,247.92647065847567
Female,Chronic respiratory diseases,27,443.71292523427,740.89386767881,249.92363718973
Female,Chronic respiratory diseases,28,444.33428538503676,735.4053623861886,251.37828642107172
Female,Chronic respiratory diseases,29,445.996172828657,730.3500525959419,252.56806256747456
Female,Chronic respiratory diseases,30,448.3952980521109,726.179741567466,253.70206491581254
Female,Chronic respiratory diseases,31,451.2283715423785,723.3462325601567,254.9893927529597
Female,Chronic respiratory diseases,32,454.19210378644,722.30132883341,256.63914536579
Female,Chronic respiratory diseases,33,457.25433085726263,725.586335185688,258.6274459884057
Female,Chronic respiratory diseases,34,460.83642306645135,734.5002431832496,260.97319498272253
Female,Chronic respiratory diseases,35,465.3153922589428,747.6313862371861,263.9496573273345
Female,Chronic respiratory diseases,36,471.0682502796735,763.5680977585891,267.8300980008356
Female,Chronic respiratory diseases,37,478.47200897358,780.89871115855,272.88778198182
Female,Chronic respiratory diseases,38,494.10963239718893,804.681673991986,284.6132845345257
Female,Chronic respiratory diseases,39,521.3381943156288,838.1754796785683,306.0727190276871
Female,Chronic respiratory diseases,40,555.6958711367392,877.2685304265186,333.9026575966426
Female,Chronic respiratory diseases,41,592.7208392683598,917.8492284440587,364.73967237673077
Female,Chronic respiratory diseases,42,627.9512751183299,955.80597593941,395.22033550329
Female,Chronic respiratory diseases,43,666.6336817464622,994.7558742954883,430.5263309081557
Female,Chronic respiratory diseases,44,711.8717970875753,1037.4409772030524,473.3501265648512
Female,Chronic respiratory diseases,45,755.9896498620182,1078.4371153320892,516.5944706712468
Female,Chronic respiratory diseases,46,791.31126879014,1112.320119352586,553.162111425213
Female,Chronic respiratory diseases,47,810.1606825922901,1133.66581993453,575.95579702462
Female,Chronic respiratory diseases,48,817.6700652116612,1146.3988806266768,588.9540687239655
Female,Chronic respiratory diseases,49,823.9287854621765,1157.5733286246111,600.3676397360467
Female,Chronic respiratory diseases,50,828.6966643702801,1166.4590400685645,609.4475161961843
Female,Chronic respiratory diseases,51,831.7335229624165,1172.3258910987672,615.4447042396987
Female,Chronic respiratory diseases,52,832.79918226503,1174.44375785545,617.61021000191
Female,Chronic respiratory diseases,53,829.9376092168947,1169.6907144836086,614.1646563301628
Female,Chronic respiratory diseases,54,823.1138581021104,1158.3565341353712,605.9483360359964
Female,Chronic respiratory diseases,55,814.9693809651097,1144.828641461669,596.1417602010237
Female,Chronic respiratory diseases,56,808.1456298503255,1133.4944611134315,587.9254399068572
Female,Chronic respiratory diseases,57,805.2840568021901,1128.74141774159,584.47988623511
Female,Chronic respiratory diseases,58,843.3676069998097,1168.1883957824439,616.4704400695526
Female,Chronic respiratory diseases,59,941.1382384515268,1269.8128836625847,699.0470029391914
Female,Chronic respiratory diseases,60,1073.8759224456294,1408.5402120183817,812.116926893493
Female,Chronic respiratory diseases,61,1216.8606302704045,1559.2957114862036,935.5875639819235
Female,Chronic respiratory diseases,62,1345.37233321414,1697.00471270242,1049.36626625395
Female,Chronic respiratory diseases,63,1470.9108555613097,1833.6385459332685,1171.1187849723726
Female,Chronic respiratory diseases,64,1610.0539859084367,1986.235939276056,1314.6497244455356
Female,Chronic respiratory diseases,65,1745.6986420118815,2137.323320113755,1454.0747162912203
Female,Chronic respiratory diseases,66,1860.7417416280057,2269.427115829339,1563.509392127208
Female,Chronic respiratory diseases,67,1938.0802025131704,2365.07375380578,1617.06938357128
Female,Chronic respiratory diseases,68,1989.517556590631,2436.319963529187,1632.7218889275862
Female,Chronic respiratory diseases,69,2035.8404666848373,2502.679505474046,1645.470394212933
Female,Chronic respiratory diseases,70,2073.4205469039393,2557.864353505897,1654.9849626140874
Female,Chronic respiratory diseases,71,2098.6294113560903,2595.586481490278,1660.9356573178172
Female,Chronic respiratory diseases,72,2107.83867414944,2609.55786329273,1662.99254151089
Female,Chronic respiratory diseases,73,2096.611657166558,2591.770767296959,1651.9722028185522
Female,Chronic respiratory diseases,74,2066.762148577922,2545.8776221471194,1622.6975304771556
Female,Chronic respiratory diseases,75,2024.0374619235465,2483.0806420994186,1580.848040090126
Female,Chronic respiratory diseases,76,1974.1849107434477,2414.5820414100663,1532.103247260889
Female,Chronic respiratory diseases,77,1922.95180857764,2351.58403433527,1482.14266759287
Female,Chronic respiratory diseases,78,1857.8431724803531,2289.4414052446114,1416.0039534453683
Female,Chronic respiratory diseases,79,1772.1914306818,2220.4786639036074,1327.2574395007387
Female,Chronic respiratory diseases,80,1680.4850134859716,2151.3526126623765,1234.3816648469892
Female,Chronic respiratory diseases,81,1597.2123511968582,2088.7200538710354,1155.85516857213
Female,Chronic respiratory diseases,82,1536.86187411845,2039.2377898797,1110.15648976417
Female,Chronic respiratory diseases,83,1492.6351214293156,1997.5093963434886,1089.2434799494024
Female,Chronic respiratory diseases,84,1450.8887315440804,1956.8445987204448,1072.4296992979248
Female,Chronic respiratory diseases,85,1415.8437836208193,1921.9594240650736,1059.2272498634534
Female,Chronic respiratory diseases,86,1391.7213568176073,1897.5698994318805,1049.1482336997033
Female,Chronic respiratory diseases,87,1382.74253029252,1888.3920518753705,1041.70475286039
Female,Chronic respiratory diseases,88,1384.6375821846962,1890.2968684206041,1036.5202982609164
Female,Chronic respiratory diseases,89,1389.8046553933584,1895.7518168805468,1032.8810925168189
Female,Chronic respiratory diseases,90,1397.4666262167077,1904.3676454915615,1029.793335232014
Female,Chronic respiratory diseases,91,1406.8463709529444,1915.7551024900115,1026.2632260104187
Female,Chronic respiratory diseases,92,1417.16676590027,1929.52493611226,1021.29696445595
Female,Chronic respiratory diseases,93,1430.7278784223847,1960.738851728025,1013.9191418412163
Female,Chronic respiratory diseases,94,1449.690696246941,2020.414711491435,1004.0955712440414
Female,Chronic respiratory diseases,95,1473.0694762180663,2102.0974988154667,992.2442849761642
Female,Chronic respiratory diseases,96,1499.8784751798898,2199.332197113099,978.7833153493241
Female,Chronic respiratory diseases,97,1529.13194997654,2305.66378979731,964.1306946752599
Female,Chronic respiratory diseases,98,1529.13194997654,2305.66378979731,964.13069467526
Female,Chronic respiratory diseases,99,1529.13194997654,2305.66378979731,964.13069467526
Female,Chronic respiratory diseases,100,1529.13194997654,2305.66378979731,964.13069467526
Female,"Communicable, maternal, neonatal, and nutritional diseases",0,797312.1709316908,893664.5528252908,683476.5993193323
Female,"Communicable, maternal, neonatal, and nutritional diseases",1,779380.584801752,890147.1608779569,657208.7794593101
Female,"Communicable, maternal, neonatal, and nutritional diseases",2,742874.3580886078,876249.0490579886,607762.7187119828
Female,"Communicable, maternal, neonatal, and nutritional diseases",3,705376.7276264336,856588.8125270673,564417.2890105894
Female,"Communicable, maternal, neonatal, and nutritional diseases",4,663040.9729958079,823130.2918311285,524837.8517785749
Female,"Communicable, maternal, neonatal, and nutritional diseases",5,617312.3650070035,774428.9487743652,487392.1691024231
Female,"Communicable, maternal, neonatal, and nutritional diseases",6,575968.0931309512,724438.9902715022,455511.27287546603
Female,"Communicable, maternal, neonatal, and nutritional diseases",7,546785.3468385818,687114.6232372641,432626.19499103574
Female,"Communicable, maternal, neonatal, and nutritional diseases",8,526777.4048391138,660524.9273029617,415665.1787802701
Female,"Communicable, maternal, neonatal, and nutritional diseases",9,508674.10663047055,635210.6660062663,400156.4200168539
Female,"Communicable, maternal, neonatal, and nutritional diseases",10,493827.4828666407,613833.572121442,387430.8792579396
Female,"Communicable, maternal, neonatal, and nutritional diseases",11,483589.5642016133,599055.3784227534,378819.51706067927
Female,"Communicable, maternal, neonatal, and nutritional diseases",12,479312.3812893769,593537.8176844651,375653.29398222535
Female,"Communicable, maternal, neonatal, and nutritional diseases",13,478647.777577006,594064.5627814978,375875.3990088914
Female,"Communicable, maternal, neonatal, and nutritional diseases",14,478246.5835328794,595320.6472436527,376405.0340724797
Female,"Communicable, maternal, neonatal, and nutritional diseases",15,477959.31034294236,596819.844827515,377037.17914837535
Female,"Communicable, maternal, neonatal, and nutritional diseases",16,477636.4691931397,598075.9292896697,377566.8142119636
Female,"Communicable, maternal, neonatal, and nutritional diseases",17,477128.5712694168,598602.6743867025,377788.9192386297
Female,"Communicable, maternal, neonatal, and nutritional diseases",18,476335.27636246046,598285.4023038893,377766.68391785235
Female,"Communicable, maternal, neonatal, and nutritional diseases",19,475274.0803470179,597381.6052170779,377698.5880977046
Female,"Communicable, maternal, neonatal, and nutritional diseases",20,473972.24853512447,595963.3118687096,377582.54699146264
Female,"Communicable, maternal, neonatal, and nutritional diseases",21,472457.04623881576,594102.5510012266,377416.4758124029
Female,"Communicable, maternal, neonatal, and nutritional diseases",22,470755.73877012724,591871.3513570705,377198.28977380163
Female,"Communicable, maternal, neonatal, and nutritional diseases",23,468895.5914410942,589341.741678683,376925.90408893523
Female,"Communicable, maternal, neonatal, and nutritional diseases",24,466903.8695637522,586585.750708506,376597.23397107987
Female,"Communicable, maternal, neonatal, and nutritional diseases",25,464807.83845013677,583675.4071889811,376210.19463351206
Female,"Communicable, maternal, neonatal, and nutritional diseases",26,462634.7634122832,580682.7398625502,375762.701289508
Female,"Communicable, maternal, neonatal, and nutritional diseases",27,460411.90976222703,577679.7774716549,375252.66915234405
Female,"Communicable, maternal, neonatal, and nutritional diseases",28,457635.922560525,573835.6307197519,371798.38046562724
Female,"Communicable, maternal, neonatal, and nutritional diseases",29,454155.8752613597,568822.6272297484,364341.09919314575
Female,"Communicable, maternal, neonatal, and nutritional diseases",30,450527.6757672046,563467.6211232622,355613.2131284472
Female,"Communicable, maternal, neonatal, and nutritional diseases",31,447307.2319805339,558597.4665219109,348347.1100650794
Female,"Communicable, maternal, neonatal, and nutritional diseases",32,445050.45180382143,555039.0175473125,345275.1777965902
Female,"Communicable, maternal, neonatal, and nutritional diseases",33,443768.9489755664,552759.0518698216,345227.69334878324
Female,"Communicable, maternal, neonatal, and nutritional diseases",34,442899.07595147355,550981.4599366006,345203.1460899277
Female,"Communicable, maternal, neonatal, and nutritional diseases",35,442133.84870982467,549418.7650344799,345186.24232726946
Female,"Communicable, maternal, neonatal, and nutritional diseases",36,441166.2832289016,547783.4904502894,345161.6883680543
Female,"Communicable, maternal, neonatal, and nutritional diseases",37,439689.3954869864,545788.1594708593,345114.1905195282
Female,"Communicable, maternal, neonatal, and nutritional diseases",38,435670.48391015275,543339.6031202,341972.36271348887
Female,"Communicable, maternal, neonatal, and nutritional diseases",39,428566.95911887346,540579.8623508825,334504.77526981756
Female,"Communicable, maternal, neonatal, and nutritional diseases",40,420307.0053830288,537574.2753425784,325456.06907788495
Female,"Communicable, maternal, neonatal, and nutritional diseases",41,412818.8069724991,534388.1802749588,317570.8850270617
Female,"Communicable, maternal, neonatal, and nutritional diseases",42,408030.5481571646,531086.9153276954,313593.86400671845
Female,"Communicable, maternal, neonatal, and nutritional diseases",43,405704.16771294986,527738.0891568676,312738.9986245275
Female,"Communicable, maternal, neonatal, and nutritional diseases",44,404047.326659009,524273.37836923846,312237.45657585416
Female,"Communicable, maternal, neonatal, and nutritional diseases",45,402656.7926300658,520554.223070506,311859.6413816085
Female,"Communicable, maternal, neonatal, and nutritional diseases",46,401129.3332608446,516442.0633663678,311375.95656270086
Female,"Communicable, maternal, neonatal, and nutritional diseases",47,399061.7161860693,511798.3393625213,310556.8056400412
Female,"Communicable, maternal, neonatal, and nutritional diseases",48,395972.3494730345,506158.62756526837,307726.0422728023
Female,"Communicable, maternal, neonatal, and nutritional diseases",49,391965.04310222086,499440.5665391718,302487.37764188857
Female,"Communicable, maternal, neonatal, and nutritional diseases",50,387514.6675781316,492078.68947732105,296531.0015508073
Female,"Communicable, maternal, neonatal, and nutritional diseases",51,383096.0934052702,484507.5295728052,291547.1038030661
Female,"Communicable, maternal, neonatal, and nutritional diseases",52,379184.1910881399,477161.62001871376,289225.8742021724
Female,"Communicable, maternal, neonatal, and nutritional diseases",53,376010.04582650773,469864.8837174311,288905.5856629092
Female,"Communicable, maternal, neonatal, and nutritional diseases",54,373236.78018965817,462326.09767272684,288731.9133350981
Female,"Communicable, maternal, neonatal, and nutritional diseases",55,370487.320736371,454807.07622976793,288606.15037480503
Female,"Communicable, maternal, neonatal, and nutritional diseases",56,367384.59402542573,447569.6337337212,288429.58993809536
Female,"Communicable, maternal, neonatal, and nutritional diseases",57,363551.5266156021,440875.5845297537,288103.52518103505
Female,"Communicable, maternal, neonatal, and nutritional diseases",58,357852.7977613277,434815.22633657913,284939.9269162815
Female,"Communicable, maternal, neonatal, and nutritional diseases",59,350242.5050545562,429172.4326060745,277853.8998425666
Female,"Communicable, maternal, neonatal, and nutritional diseases",60,341977.7025603561,423749.3812831517,269151.43794506806
Female,"Communicable, maternal, neonatal, and nutritional diseases",61,334315.4443437963,418348.25031272264,261138.53520896327
Female,"Communicable, maternal, neonatal, and nutritional diseases",62,328512.7844699454,412771.2176396992,256121.18561942969
Female,"Communicable, maternal, neonatal, and nutritional diseases",63,324474.1091741954,406522.4212899396,253731.4950420055
Female,"Communicable, maternal, neonatal, and nutritional diseases",64,321088.52441390156,399732.8635498174,251902.75482106712
Female,"Communicable, maternal, neonatal, and nutritional diseases",65,318090.1638370776,393145.0187550183,250392.73716004958
Female,"Communicable, maternal, neonatal, and nutritional diseases",66,315213.1610917372,387501.3612412275,248959.21426238786
Female,"Communicable, maternal, neonatal, and nutritional diseases",67,312191.6498258939,383544.3653441304,247359.95833151697
Female,"Communicable, maternal, neonatal, and nutritional diseases",68,309225.18786109606,381228.66769963014,245729.2184439957
Female,"Communicable, maternal, neonatal, and nutritional diseases",69,306490.21877018467,379656.9715863595,244228.453896296
Female,"Communicable, maternal, neonatal, and nutritional diseases",70,303686.20482811274,378293.85130409803,242656.25222172288
Female,"Communicable, maternal, neonatal, and nutritional diseases",71,300512.60830983333,376603.8811526254,240811.20095358108
Female,"Communicable, maternal, neonatal, and nutritional diseases",72,296668.8914902994,374051.6354317215,238491.88762517556
Female,"Communicable, maternal, neonatal, and nutritional diseases",73,290732.6752264754,367465.7297947737,234668.53358920108
Female,"Communicable, maternal, neonatal, and nutritional diseases",74,282618.4898348124,356198.1552350138,229162.54730913774
Female,"Communicable, maternal, neonatal, and nutritional diseases",75,274031.1617794927,343498.5490619875,223049.29698446812
Female,"Communicable, maternal, neonatal, and nutritional diseases",76,266675.5175246988,332616.5485852406,217404.15081467488
Female,"Communicable, maternal, neonatal, and nutritional diseases",77,262256.3835346132,326801.791114319,213302.47699924075
Female,"Communicable, maternal, neonatal, and nutritional diseases",78,259982.36945566602,324748.45788989944,210304.9972778446
Female,"Communicable, maternal, neonatal, and nutritional diseases",79,258005.33152508494,323030.58346182824,207454.3805229073
Female,"Communicable, maternal, neonatal, and nutritional diseases",80,256444.9660932487,321717.5851034058,205048.91563302427
Female,"Communicable, maternal, neonatal, and nutritional diseases",81,255420.96951053588,320878.88008793216,203386.89150679111
Female,"Communicable, maternal, neonatal, and nutritional diseases",82,255053.0381273252,320583.8856887076,202766.59704280327
Female,"Communicable, maternal, neonatal, and nutritional diseases",83,256031.40625762945,321390.939050907,204408.66616327688
Female,"Communicable, maternal, neonatal, and nutritional diseases",84,258548.6586134934,323466.36619376903,208491.87851180343
Female,"Communicable, maternal, neonatal, and nutritional diseases",85,261978.01714234377,326291.5677016897,213751.7415690414
Female,"Communicable, maternal, neonatal, and nutritional diseases",86,265692.70379160723,329347.944159065,218923.76281564924
Female,"Communicable, maternal, neonatal, and nutritional diseases",87,269065.9405087107,332116.8961502908,222743.44973228555
Female,"Communicable, maternal, neonatal, and nutritional diseases",88,272136.9996761315,334417.7184323738,225558.9080397745
Female,"Communicable, maternal, neonatal, and nutritional diseases",89,275329.3212220829,336600.0774805461,228336.23029533887
Female,"Communicable, maternal, neonatal, and nutritional diseases",90,278592.37841259496,338940.9314565414,230737.9042342345
Female,"Communicable, maternal, neonatal, and nutritional diseases",91,281875.6445136979,341717.23852209386,232426.41759171747
Female,"Communicable, maternal, neonatal, and nutritional diseases",92,285128.5927914218,345205.95683893724,233064.25810304383
Female,"Communicable, maternal, neonatal, and nutritional diseases",93,288351.23562689335,350157.9471299222,233050.17545386645
Female,"Communicable, maternal, neonatal, and nutritional diseases",94,291577.2663530875,356924.89970831026,232951.59690962473
Female,"Communicable, maternal, neonatal, and nutritional diseases",95,294806.6796638072,365185.01712145074,232684.0265752543
Female,"Communicable, maternal, neonatal, and nutritional diseases",96,298039.4702528553,374616.50191669364,232162.9685556909
Female,"Communicable, maternal, neonatal, and nutritional diseases",97,301275.6328140347,384897.5566413885,231303.92695587015
Female,"Communicable, maternal, neonatal, and nutritional diseases",98,301275.6328140347,384897.5566413885,231303.92695587015
Female,"Communicable, maternal, neonatal, and nutritional diseases",99,301275.6328140347,384897.5566413885,231303.92695587015
Female,"Communicable, maternal, neonatal, and nutritional diseases",100,301275.6328140347,384897.5566413885,231303.92695587015
Female,Diabetes and kidney diseases,0,44.07248879514,52.90652387848,37.141387389360005
Female,Diabetes and kidney diseases,1,43.29128991928272,62.13112150746791,30.418310161959905
Female,Diabetes and kidney diseases,2,42.57412373816784,79.08902573175497,19.943812474328332
Female,Diabetes and kidney diseases,3,42.47167142658,92.71313933599,15.81635757448
Female,Diabetes and kidney diseases,4,46.431591912062814,104.50252989906653,19.39956569268804
Female,Diabetes and kidney diseases,5,55.143416980125,115.59441469443274,27.337349004909775
Female,Diabetes and kidney diseases,6,63.85524204818718,123.83153517376007,35.411945947541625
Female,Diabetes and kidney diseases,7,67.81516253366999,127.05663278872,39.40559495698
Female,Diabetes and kidney diseases,8,66.81530792530023,125.35558129621184,39.8132492536101
Female,Diabetes and kidney diseases,9,64.43103924380311,121.29922773715391,40.02721488750137
Female,Diabetes and kidney diseases,10,61.58529920459688,116.45777348924608,40.17575953957659
Female,Diabetes and kidney diseases,11,59.20103052309976,112.40141993018815,40.387150890758534
Female,Diabetes and kidney diseases,12,58.20117591473,110.70036843768,40.78965662197
Female,Diabetes and kidney diseases,13,64.2886631974574,113.77740741949181,46.881559977926386
Female,Diabetes and kidney diseases,14,79.17283162011098,121.52893612485339,60.754460923393346
Female,Diabetes and kidney diseases,15,97.78624104439787,131.7355721936541,77.42660221936914
Female,Diabetes and kidney diseases,16,115.0614513320252,142.17793326578317,91.91622662685195
Female,Diabetes and kidney diseases,17,125.9310223447,150.63663698112998,99.24157690684
Female,Diabetes and kidney diseases,18,131.1442081461703,156.73455564237705,101.01760754639733
Female,Diabetes and kidney diseases,19,135.05905142678697,161.80452656123637,102.2698056331021
Female,Diabetes and kidney diseases,20,138.02129498816115,166.19211489114142,103.13221282872362
Female,Diabetes and kidney diseases,21,140.37668163190418,170.24288578552546,103.73887079503127
Female,Diabetes and kidney diseases,22,142.47095415962735,174.30240439782196,104.22382119379442
Female,Diabetes and kidney diseases,23,144.64985537294194,178.71623588146434,104.72110568678242
Female,Diabetes and kidney diseases,24,147.2591280734592,183.8299453898859,105.36476593576461
Female,Diabetes and kidney diseases,25,150.64451506279048,189.9890980765201,106.28884360251037
Female,Diabetes and kidney diseases,26,155.15175914254698,197.53925909480034,107.62738034878906
Female,Diabetes and kidney diseases,27,161.12660311434,206.82599359816,109.51441783637
Female,Diabetes and kidney diseases,28,174.9507693383669,223.430914578471,120.88015411335428
Female,Diabetes and kidney diseases,29,199.89321255033698,250.3976626676864,146.3385376306346
Female,Diabetes and kidney diseases,30,231.63052411512962,284.26484447936133,179.5492356541678
Female,Diabetes and kidney diseases,31,265.8392953976242,321.57106662705087,214.17191544991064
Female,Diabetes and kidney diseases,32,298.1961177627,358.85493572431,243.86624428382
Female,Diabetes and kidney diseases,33,328.78065027748556,398.6593095379759,267.3059778163204
Female,Diabetes and kidney diseases,34,360.58201399475894,443.8205165699844,288.76097977007487
Female,Diabetes and kidney diseases,35,393.6409932578734,491.31736953653905,310.2850795043982
Female,Diabetes and kidney diseases,36,427.9983724101825,538.1286811538431,333.93210637860494
Female,Diabetes and kidney diseases,37,463.6949357950399,581.2332641381,361.75588975201
Female,Diabetes and kidney diseases,38,500.81785793856113,618.2584019163996,398.4444158728127
Female,Diabetes and kidney diseases,39,539.4842603861127,651.3652668555294,443.81848604585997
Female,Diabetes and kidney diseases,40,579.7798480099249,684.3335050812393,492.6311522154368
Female,Diabetes and kidney diseases,41,621.7903256822273,720.9427627192795,539.6354663258284
Female,Diabetes and kidney diseases,42,665.60139827525,764.9726858954,579.5844803213199
Female,Diabetes and kidney diseases,43,711.3939824049017,823.8368298555887,610.4774865246618
Female,Diabetes and kidney diseases,44,759.3218953800606,897.4667692203373,636.4155220967933
Female,Diabetes and kidney diseases,45,809.4301931124094,978.4191791771516,661.3042562392828
Female,Diabetes and kidney diseases,46,861.7639315136315,1059.2507349135374,689.0493581536988
Female,Diabetes and kidney diseases,47,916.36816649541,1132.5181116170002,723.55649704161
Female,Diabetes and kidney diseases,48,973.4220306066926,1195.6829789977,770.0077085501857
Female,Diabetes and kidney diseases,49,1033.1771593802177,1253.9190856271925,828.1487065851109
Female,Diabetes and kidney diseases,50,1095.7873632033559,1311.3512249850758,893.730677735726
Female,Diabetes and kidney diseases,51,1161.4064524634766,1372.1041905509485,962.5048085913721
Female,Diabetes and kidney diseases,52,1230.18823754795,1440.30277580441,1030.22228574139
Female,Diabetes and kidney diseases,53,1303.376155189574,1518.0786069001992,1097.7752872255853
Female,Diabetes and kidney diseases,54,1381.2924490214998,1603.7883663979308,1168.1349380968038
Female,Diabetes and kidney diseases,55,1462.7091397816255,1695.894432384513,1240.1708454639456
Female,Diabetes and kidney diseases,56,1546.3982482078495,1792.8591829468564,1312.7526164359112
Female,Diabetes and kidney diseases,57,1631.13179503807,1893.1449961718704,1384.7498581216
Female,Diabetes and kidney diseases,58,1719.759565638576,2002.4162023702893,1459.526983660713
Female,Diabetes and kidney diseases,59,1813.2151030863095,2122.2903619954845,1537.8386021529495
Female,Diabetes and kidney diseases,60,1907.3960646851488,2245.1596983483223,1614.6396146472075
Female,Diabetes and kidney diseases,61,1998.2001077389727,2363.416434729669,1684.884922192385
Female,Diabetes and kidney diseases,62,2081.52488955166,2469.45279444039,1743.52942583738
Female,Diabetes and kidney diseases,63,2160.699550825738,2563.825050597011,1794.2445809821336
Female,Diabetes and kidney diseases,64,2239.011005346215,2652.564648608719,1842.2306915563029
Female,Diabetes and kidney diseases,65,2312.2935700406983,2736.2765702153742,1884.7359314033583
Female,Diabetes and kidney diseases,66,2376.3815618367917,2815.565797156835,1919.0084743667705
Female,Diabetes and kidney diseases,67,2427.1092976621,2891.03731117296,1942.2964942900096
Female,Diabetes and kidney diseases,68,2470.452980370649,2972.3373196642124,1958.669814415935
Female,Diabetes and kidney diseases,69,2512.1194483574404,3059.532018304266,1973.3050023522426
Female,Diabetes and kidney diseases,70,2547.5389718615406,3138.8563712427976,1985.1103484896585
Female,Diabetes and kidney diseases,71,2572.141821122019,3196.5453426294866,1992.994143218909
Female,Diabetes and kidney diseases,72,2581.3582663779403,3218.8338966140104,1995.86467693072
Female,Diabetes and kidney diseases,73,2577.662553982773,3217.5961967812286,1990.402152071997
Female,Diabetes and kidney diseases,74,2567.2945307739083,3213.972866913306,1975.483844171428
Female,Diabetes and kidney diseases,75,2551.332867716307,3208.0985614558776,1953.3136532424126
Female,Diabetes and kidney diseases,76,2530.8562357749283,3200.1079348545773,1926.09547929835
Female,Diabetes and kidney diseases,77,2506.94330591473,3190.13564155504,1896.03322235264
Female,Diabetes and kidney diseases,78,2461.5560826232318,3142.951186714851,1853.0261078156589
Female,Diabetes and kidney diseases,79,2384.3706056369174,3039.3454239456587,1790.539761159792
Female,Diabetes and kidney diseases,80,2288.0365987941905,2903.485030374194,1716.1276824914542
Female,Diabetes and kidney diseases,81,2185.2037859334564,2759.5366831271876,1637.343371917059
Female,Diabetes and kidney diseases,82,2088.52189089312,2631.66705933137,1561.74032954302
Female,Diabetes and kidney diseases,83,1993.5538724379867,2516.917218487676,1485.8214329728191
Female,Diabetes and kidney diseases,84,1891.699594079043,2399.1760190059604,1404.4128504404785
Female,Diabetes and kidney diseases,85,1789.3641367739654,2282.881836376334,1322.5530179982238
Female,Diabetes and kidney diseases,86,1692.9525814804322,2172.4730460889073,1245.280371698279
Female,Diabetes and kidney diseases,87,1608.87000915612,2072.38802363379,1177.63334759287
Female,Diabetes and kidney diseases,88,1535.173786574976,1974.4810705394896,1118.6796512668243
Female,Diabetes and kidney diseases,89,1466.1950911551771,1874.7523185570747,1063.9988075544018
Female,Diabetes and kidney diseases,90,1402.749719820744,1783.8588885105012,1013.3969813819737
Female,Diabetes and kidney diseases,91,1345.653469495698,1712.4579012237243,966.6803376759126
Female,Diabetes and kidney diseases,92,1295.72213710406,1671.2064775207002,923.65504136259
Female,Diabetes and kidney diseases,93,1251.0179866435076,1649.8792058915353,883.4745120152551
Female,Diabetes and kidney diseases,94,1209.6130563535107,1631.7400384757925,845.6632727115045
Female,Diabetes and kidney diseases,95,1172.3378045207794,1617.6801415716125,810.584143634231
Female,Diabetes and kidney diseases,96,1140.0226894320226,1608.590681477135,778.5999449663286
Female,Diabetes and kidney diseases,97,1113.4981693739498,1605.3628244905,750.0734968906901
Female,Diabetes and kidney diseases,98,1113.49816937395,1605.3628244905,750.0734968906901
Female,Diabetes and kidney diseases,99,1113.49816937395,1605.3628244905,750.0734968906901
Female,Diabetes and kidney diseases,100,1113.49816937395,1605.3628244905,750.0734968906901
Female,Digestive diseases,0,188.30828261884,203.42294845127003,174.74260765665
Female,Digestive diseases,1,229.2865356683058,252.96663071623604,207.2376007919912
Female,Digestive diseases,2,305.7539982106828,345.88739089672896,267.98758032300145
Female,Digestive diseases,3,370.93147131978,426.42886814764,320.09551331562
Female,Digestive diseases,4,419.9102818387109,488.51085570171574,359.6191327162411
Female,Digestive diseases,5,459.15835952740645,539.2179474343864,391.50878434230845
Female,Digestive diseases,6,500.9750911316437,593.3087717532811,425.51694243780156
Female,Digestive diseases,7,557.6598633972001,665.54195706603,471.3960812467
Female,Digestive diseases,8,637.7228881509075,764.9841679995723,535.6125160902961
Female,Digestive diseases,9,743.1022429993519,893.3365576816866,619.5972084588622
Female,Digestive diseases,10,876.239113357942,1054.3094872712618,725.549601849847
Female,Digestive diseases,11,1039.574684642085,1251.6133179271867,855.6691397607
Female,Digestive diseases,12,1235.55014226719,1488.95841080835,1012.15526568887
Female,Digestive diseases,13,1557.5129112944792,1878.6863606001255,1270.1963207952365
Female,Digestive diseases,14,2045.257618209106,2468.1840372627435,1662.0955965316707
Female,Digestive diseases,15,2620.896250562374,3163.7297148673765,2125.7249618321107
Female,Digestive diseases,16,3206.540795905587,3871.601667485198,2598.956285630494
Female,Digestive diseases,17,3724.30324179005,4498.07816918738,3019.6614368607597
Female,Digestive diseases,18,4181.837782656487,5049.199476887377,3396.867223608594
Female,Digestive diseases,19,4637.01506852188,5592.801508483872,3778.153874111985
Female,Digestive diseases,20,5087.271770301907,6127.856029525884,4159.223387533321
Female,Digestive diseases,21,5530.044558912249,6653.334805562433,4535.777763034993
Female,Digestive diseases,22,5962.770105268587,7168.209602142537,4903.518999779386
Female,Digestive diseases,23,6382.885080286601,7671.4521848152135,5258.149096928891
Female,Digestive diseases,24,6787.826154881974,8162.034319129486,5595.370053645895
Female,Digestive diseases,25,7175.029999970383,8638.927770634367,5910.883869092786
Female,Digestive diseases,26,7541.933286467512,9101.104304878885,6200.392542431956
Female,Digestive diseases,27,7885.97268528904,9547.53568741205,6459.598072825789
Female,Digestive diseases,28,8205.891180100129,9980.20598717916,6686.711073509524
Female,Digestive diseases,29,8504.711668201957,10398.950664072985,6889.058447104528
Female,Digestive diseases,30,8786.290690964233,10799.518570063745,7076.016626852388
Female,Digestive diseases,31,9054.484789756669,11177.658557121671,7256.96204599469
Female,Digestive diseases,32,9313.15050594897,11529.11947721699,7441.27113777302
Female,Digestive diseases,33,9561.729856650038,11855.015914723417,7629.885012091156
Female,Digestive diseases,34,9798.811167344837,12161.299681224078,7816.655099684216
Female,Digestive diseases,35,10026.97044196717,12450.975469503299,8000.32331504081
Female,Digestive diseases,36,10248.78368445085,12727.04797234541,8179.631572649546
Female,Digestive diseases,37,10466.82689872968,12992.52188253474,8353.32178699903
Female,Digestive diseases,38,10678.094213098451,13245.136496352781,8515.002160380367
Female,Digestive diseases,39,10881.176235056357,13484.113321536783,8665.805227956158
Female,Digestive diseases,40,11081.04368734381,13714.680368054704,8815.759403522243
Female,Digestive diseases,41,11282.667292701213,13942.065645874502,8974.893100874475
Female,Digestive diseases,42,11491.01777386898,14171.49716496414,9153.234733808693
Female,Digestive diseases,43,11697.438228440576,14391.036818355828,9353.36868041568
Female,Digestive diseases,44,11898.763193971428,14597.220893758411,9571.655892543045
Female,Digestive diseases,45,12108.200553144876,14807.98899315479,9808.789644621873
Female,Digestive diseases,46,12338.958188644267,15041.280718527869,10065.463211083246
Female,Digestive diseases,47,12604.24398315294,15315.035671860547,10342.36986635825
Female,Digestive diseases,48,12931.362106873461,15661.079138584735,10659.099494533255
Female,Digestive diseases,49,13321.954384017368,16080.35158180859,11020.376871420056
Female,Digestive diseases,50,13750.735178281473,16544.46537002939,11404.597609037897
Female,Digestive diseases,51,14192.418853362578,17025.03287174441,11790.157319406004
Female,Digestive diseases,52,14621.71977295749,17493.66645545093,12155.45161454362
Female,Digestive diseases,53,15048.656321886763,17963.050575557183,12502.14992406131
Female,Digestive diseases,54,15490.213166863818,18452.40246952099,12844.882918352223
Female,Digestive diseases,55,15931.554094424762,18943.133680414005,13181.488070609443
Female,Digestive diseases,56,16357.842891105698,19416.6557513079,13509.802854026066
Female,Digestive diseases,57,16754.24334344273,19854.38022527433,13827.66474179518
Female,Digestive diseases,58,17124.14868248342,20268.91178171665,14128.89874922336
Female,Digestive diseases,59,17479.547842259286,20675.22352959691,14415.515248532865
Female,Digestive diseases,60,17818.498163782348,21058.279656324787,14697.62974829032
Female,Digestive diseases,61,18139.05698806462,21403.044349309966,14985.35775706235
Female,Digestive diseases,62,18439.28165611814,21694.481795962132,15288.81478341558
Female,Digestive diseases,63,18718.634611013447,21931.58864525806,15628.138490142112
Female,Digestive diseases,64,18980.767175915753,22134.23165310154,15997.333411043754
Female,Digestive diseases,65,19230.020011979057,22318.680167292732,16367.31536120168
Female,Digestive diseases,66,19470.73378035737,22501.20353563185,16709.000155697075
Female,Digestive diseases,67,19707.24914220469,22698.07110591906,16993.30360961112
Female,Digestive diseases,68,19972.249306225232,22940.78818870158,17250.703481636872
Female,Digestive diseases,69,20263.303957461398,23218.667894815993,17508.867834932014
Female,Digestive diseases,70,20532.0834715745,23484.69127249658,17734.497941274672
Female,Digestive diseases,71,20730.258224225858,23691.83936997759,17894.295072442976
Female,Digestive diseases,72,20809.49859107679,23793.093235493303,17954.96050021505
Female,Digestive diseases,73,20812.80354030956,23823.146671677918,17952.728274965786
Female,Digestive diseases,74,20815.38687890941,23847.619112311248,17946.426003521265
Female,Digestive diseases,75,20817.241240742136,23865.880052346005,17936.64529233637
Female,Digestive diseases,76,20818.359259673525,23877.29898673488,17923.977747865996
Female,Digestive diseases,77,20818.73356956937,23881.245410430573,17909.01497656503
Female,Digestive diseases,78,20776.051131581356,23818.779536740614,17867.98361113515
Female,Digestive diseases,79,20670.938399551917,23663.459321126855,17793.15249604967
Female,Digestive diseases,80,20537.79724638295,23463.400871773494,17709.176555420938
Female,Digestive diseases,81,20411.02954497636,23266.72029686472,17640.710713361306
Female,Digestive diseases,82,20325.037168234052,23121.53370458472,17612.40989398313
Female,Digestive diseases,83,20270.997331732407,23014.60716678481,17621.48895218095
Female,Digestive diseases,84,20220.424149361257,22909.16210640547,17643.139014037293
Female,Digestive diseases,85,20178.22484149265,22817.997658264667,17668.97941044647
Female,Digestive diseases,86,20149.30662849865,22753.912957180357,17690.629472302808
Female,Digestive diseases,87,20138.5767307513,22729.707137970483,17699.70853050063
Female,Digestive diseases,88,20142.041302179052,22742.898251214538,17696.6517595382
Female,Digestive diseases,89,20152.045283075346,22780.355752142623,17689.362536473942
Female,Digestive diseases,90,20168.00407335974,22838.905882548595,17680.66249604241
Female,Digestive diseases,91,20189.333072951787,22915.37488422633,17673.37327297815
Female,Digestive diseases,92,20215.44768177105,23006.5889989697,17670.31650201572
Female,Digestive diseases,93,20284.833532199184,23187.791837277786,17673.257855705167
Female,Digestive diseases,94,20425.370095038645,23514.84467402546,17681.577438902073
Female,Digestive diseases,95,20620.563527840128,23955.500247570257,17694.518534799266
Female,Digestive diseases,96,20853.91998815436,24477.511296269706,17711.324426589585
Female,Digestive diseases,97,21108.94563353205,25048.630558481334,17731.23839746586
Female,Digestive diseases,98,21108.94563353205,25048.630558481334,17731.23839746586
Female,Digestive diseases,99,21108.94563353205,25048.630558481334,17731.23839746586
Female,Digestive diseases,100,21108.94563353205,25048.630558481334,17731.23839746586
Female,Injuries,0,14345.755855447109,16717.054256809923,12407.10412863717
Female,Injuries,1,14452.04803515029,17295.85750628756,12248.178369479412
Female,Injuries,2,14758.830248579417,18437.90438076611,12080.69717136856
Female,Injuries,3,15159.17496751135,19553.93494636028,12043.573184952447
Female,Injuries,4,15778.246824383777,20739.169922258356,12284.060885583556
Female,Injuries,5,16613.299745437103,21968.281075944673,12838.408248914464
Female,Injuries,6,17434.02611154232,23054.120808364773,13455.941667101544
Female,Injuries,7,18010.11830357044,23809.54152046422,13885.98753230117
Female,Injuries,8,18358.284403471676,24296.658131528206,14114.692781326641
Female,Injuries,9,18652.234253115723,24705.929076752505,14302.827172940586
Female,Injuries,10,18897.162873252837,25042.722030948495,14461.651332223346
Female,Injuries,11,19098.265284633257,25312.404668927586,14602.42588425527
Female,Injuries,12,19260.73650800724,25520.344665501172,14736.411454116713
Female,Injuries,13,19406.494170800524,25697.771853611466,14880.12061757996
Female,Injuries,14,19544.540805496927,25862.211414859878,15028.52871008236
Female,Injuries,15,19660.698790433813,25998.4740470466,15160.590496201863
Female,Injuries,16,19740.79050394855,26091.37044797183,15255.260740516404
Female,Injuries,17,19770.63832437849,26125.71131543575,15291.494207603931
Female,Injuries,18,19751.84944532785,26076.3962730532,15289.762603374498
Female,Injuries,19,19698.19858172224,25937.686368038827,15284.481285058131
Female,Injuries,20,19613.7593938811,25723.434433592556,15275.520494212733
Female,Injuries,21,19502.60554212388,25447.493302914296,15262.750472396205
Female,Injuries,22,19368.81068677004,25123.71580920397,15246.04146116645
Female,Injuries,23,19216.44848813902,24765.954785661503,15225.263702081367
Female,Injuries,24,19049.592606550275,24388.06306548681,15200.287436698858
Female,Injuries,25,18872.316702323256,24003.893481879808,15170.982906576828
Female,Injuries,26,18688.694435777412,23627.29886804042,15137.220353273175
Female,Injuries,27,18502.79946723219,23272.13205716856,15098.8700183458
Female,Injuries,28,18263.872074266128,22889.50295072173,14894.223394364397
Female,Injuries,29,17949.732311001375,22451.828476357034,14459.900061934908
Female,Injuries,30,17607.323502572835,22004.922006573783,13943.262394669639
Female,Injuries,31,17283.588974115388,21594.596913871304,13491.67276618088
Female,Injuries,32,17025.47205076392,21266.66657074891,13252.49355008093
Female,Injuries,33,16806.801814018272,20986.24968722239,13174.233287979532
Female,Injuries,34,16588.55851871449,20710.138862683703,13108.877317705981
Female,Injuries,35,16398.412249991798,20471.65830369641,13059.00320720191
Female,Injuries,36,16264.033092989423,20304.13221682409,13027.188524408939
Female,Injuries,37,16213.09113284658,20240.8848086303,13016.0108372687
Female,Injuries,38,16243.402555777098,20287.91151607602,13034.14562066569
Female,Injuries,39,16330.969552507095,20423.04251668573,13086.602370414284
Female,Injuries,40,16470.741214944217,20637.35412786824,13170.459685850907
Female,Injuries,41,16657.66663499613,20921.92266703237,13282.796166311986
Female,Injuries,42,16886.69490457049,21267.82445158693,13420.690411133952
Female,Injuries,43,17634.14091969884,22289.345387569047,13860.950526564155
Female,Injuries,44,19148.975149222148,24296.81007479356,14760.904051660249
Female,Injuries,45,21085.130044262212,26825.352871335832,15938.408734974126
Female,Injuries,46,23096.538055940822,29410.108135271235,17211.322325057674
Female,Injuries,47,24837.13163537977,31586.21022467515,18397.50257046277
Female,Injuries,48,26378.991056807216,33411.56259334454,19596.236136062736
Female,Injuries,49,27955.206572336607,35206.625319129984,20932.26314503698
Female,Injuries,50,29461.225599917652,36900.36769618729,22261.621533396527
Female,Injuries,51,30792.49555750007,38421.75901867222,23440.349237152375
Female,Injuries,52,31844.46386303358,39699.76858074058,24324.48419231556
Female,Injuries,53,32738.151568644284,40825.75579001116,25014.314054808245
Female,Injuries,54,33600.30129479892,41892.544082001456,25664.44982918279
Female,Injuries,55,34334.942811958106,42831.29879271535,26212.414474395486
Female,Injuries,56,34846.10589058248,43573.18525815672,26595.730949402638
Female,Injuries,57,35037.8203011327,44049.368814329435,26751.92221316054
Female,Injuries,58,35037.608365517226,44356.5192489353,26771.675107847605
Female,Injuries,59,35036.97324772018,44625.62569956883,26787.247704227135
Female,Injuries,60,35035.91598131566,44839.33252707296,26798.519804132775
Female,Injuries,61,35034.437599877725,44980.28409229062,26805.371209398156
Female,Injuries,62,35032.53913698048,45031.12475606474,26807.68172185692
Female,Injuries,63,34762.32383114761,44839.82290029254,26624.53358977349
Female,Injuries,64,34121.01297809397,44367.33177299224,26187.79573634378
Female,Injuries,65,33356.28469718038,43765.77303418827,25666.527975798646
Female,Injuries,66,32715.817107767634,43187.26834390506,25229.79012236894
Female,Injuries,67,32447.28832921654,42783.93936216704,25046.641990285512
Female,Injuries,68,32512.505276904576,42556.96045051264,25064.339840090797
Female,Injuries,69,32668.022613699126,42383.45779988851,25106.542405011096
Female,Injuries,70,32853.640080195844,42229.48081443139,25156.91320830306
Female,Injuries,71,33009.1574169904,42061.078898278036,25199.115773223355
Female,Injuries,72,33074.374364678435,41844.30145556522,25216.81362302864
Female,Injuries,73,33010.96259208004,41544.443361331134,25190.099811332133
Female,Injuries,74,32846.1650209422,41170.73251375714,25122.216000026132
Female,Injuries,75,32618.13827125091,40755.11785169476,25031.548624785908
Female,Injuries,76,32365.038962992174,40329.5483139955,24936.484121286747
Female,Injuries,77,32125.02371615199,39925.97283951084,24855.40892520392
Female,Injuries,78,31846.64941677101,39483.830496231596,24778.581679004645
Female,Injuries,79,31502.07852168422,38981.81886040866,24693.64690215088
Female,Injuries,80,31164.876007069128,38510.77463328362,24615.069845810005
Female,Injuries,81,30908.606849103227,38161.53451609808,24557.3157611494
Female,Injuries,82,30806.83602396404,38024.93521009366,24534.84989933645
Female,Injuries,83,30854.822520294914,38089.76332058993,24551.22879952659
Female,Injuries,84,30986.734019402742,38266.7193951731,24598.21266564266
Female,Injuries,85,31184.4985364603,38529.51104848467,24672.572246003114
Female,Injuries,86,31430.04408664038,38851.84589516614,24771.078288926416
Female,Injuries,87,31705.29868511577,39207.431549859015,24890.50154273103
Female,Injuries,88,32110.476385748927,39650.49237455144,25285.82535077174
Female,Injuries,89,32715.515341157097,40257.39906433856,26058.091152841298
Female,Injuries,90,33456.929714645245,41035.07873352243,26973.1568419151
Female,Injuries,91,34271.233669518326,41990.45849640509,27796.880310968554
Female,Injuries,92,35094.9413690813,43130.46546728857,28295.11945297706
Female,Injuries,93,35945.12346190461,44794.06242369905,28542.427973769576
Female,Injuries,94,36876.29715952574,47218.747559096686,28759.851934260703
Female,Injuries,95,37881.146469700216,50259.25111168456,28932.98776005433
Female,Injuries,96,38952.35540018356,53770.303319665756,29047.431876754323
Female,Injuries,97,40082.6079587313,57606.63442124334,29088.78070996457
Female,Injuries,98,40082.6079587313,57606.63442124334,29088.78070996457
Female,Injuries,99,40082.6079587313,57606.63442124334,29088.78070996457
Female,Injuries,100,40082.6079587313,57606.63442124334,29088.78070996457
Female,Mental disorders,0,939.28504895253,2409.5826381151796,273.01382968157003
Female,Mental disorders,1,687.179076612636,1833.6807284304844,254.698455253526
Female,Mental disorders,2,455.7375282350282,1124.4758652491046,237.884341024502
Female,Mental disorders,3,422.67444989536995,912.77502302298,235.48232470607
Female,Mental disorders,4,841.2649106792351,1463.7287859321698,524.6017793123395
Female,Mental disorders,5,1868.3540361721643,2801.6509293483095,1241.3323325164556
Female,Mental disorders,6,3160.91844108616,4454.132735304258,2159.732268396379
Female,Mental disorders,7,4375.93474013322,5948.76548583287,3053.85987103007
Female,Mental disorders,8,5566.109456208294,7298.857687428073,3980.6424899991116
Female,Mental disorders,9,6903.071656460707,8740.640175494895,5057.35660184661
Female,Mental disorders,10,8222.18177198403,10136.08772543284,6148.584181092816
Female,Mental disorders,11,9358.80023387183,11347.175112641426,7118.907202257975
Female,Mental disorders,12,10148.28747321768,12235.87711252015,7832.907639862339
Female,Mental disorders,13,10700.046784092998,12915.094075436353,8374.983930728406
Female,Mental disorders,14,11204.427809308962,13549.210149878354,8885.692292397423
Female,Mental disorders,15,11618.210503068774,14077.42580842714,9313.851370467775
Female,Mental disorders,16,11898.174819575646,14438.94152366369,9608.27981053784
Female,Mental disorders,17,12001.10071303278,14572.95776816899,9717.796258206
Female,Mental disorders,18,11943.123043078826,14502.58826343094,9671.069181247038
Female,Mental disorders,19,11783.697149590207,14308.847482167874,9542.902731497466
Female,Mental disorders,20,11544.58370712679,14017.787023806413,9351.31908064827
Female,Mental disorders,21,11247.54339024844,13655.458487773181,9114.340400390429
Female,Mental disorders,22,10914.336873515022,13247.913473494802,8849.988862414923
Female,Mental disorders,23,10566.724831486401,12821.203580397898,8576.28663841273
Female,Mental disorders,24,10226.467938722442,12401.380407909091,8311.255900074833
Female,Mental disorders,25,9915.326869783014,12014.495555455007,8072.918819092212
Female,Mental disorders,26,9655.062299227977,11686.600622462265,7879.297567155847
Female,Mental disorders,27,9467.4349016172,11443.74720835749,7748.41431595672
Female,Mental disorders,28,9320.561959275788,11245.01993592023,7654.331775055341
Female,Mental disorders,29,9178.263885404007,11048.285456868509,7565.206406214879
Female,Mental disorders,30,9055.856050874449,10877.76841403667,7490.201009430303
Female,Mental disorders,31,8968.653826559706,10757.693450259047,7438.478384696581
Female,Mental disorders,32,8931.972583332381,10712.285208369987,7419.201332008681
Female,Mental disorders,33,8927.235384148824,10726.297530636806,7430.968645371601
Female,Mental disorders,34,8924.68898916523,10759.711529888456,7459.02916185241
Female,Mental disorders,35,8922.884315053961,10799.592754801713,7492.520746039182
Female,Mental disorders,36,8920.372278487375,10833.00675405336,7520.581262519991
Female,Mental disorders,37,8915.70379613783,10847.01907632018,7532.348575882911
Female,Mental disorders,38,8886.178628645132,10806.66644747865,7509.386182510622
Female,Mental disorders,39,8820.009758899541,10702.270724862137,7449.199222330359
Female,Mental disorders,40,8732.117936949106,10558.825154332757,7364.838025247019
Female,Mental disorders,41,8637.423912841874,10401.322981752626,7269.352921165506
Female,Mental disorders,42,8550.848436625889,10254.75745298386,7175.79423999072
Female,Mental disorders,43,8465.293535900562,10101.56802812092,7061.817944791629
Female,Mental disorders,44,8370.689826497532,9924.30557271436,6916.614244768538
Female,Mental disorders,45,8277.500940813192,9748.130440810433,6770.534839023353
Female,Mental disorders,46,8196.19051124394,9598.202986455392,6653.931426657979
Female,Mental disorders,47,8137.22217018617,9499.68356369549,6597.15570677432
Female,Mental disorders,48,8101.2959479881665,9447.312041951576,6584.441586992471
Female,Mental disorders,49,8076.563172257845,9411.693416027078,6577.301865735437
Female,Mental disorders,50,8054.664421281041,9381.785728042101,6572.00657830949
Female,Mental disorders,51,8027.24027334359,9346.54702011677,6564.825760020906
Female,Mental disorders,52,7985.93130673133,9294.93533437119,6552.0294461759595
Female,Mental disorders,53,7878.117001066329,9191.746103090376,6481.905466980137
Female,Mental disorders,54,7691.148214723653,9033.31888955596,6336.598128650741
Female,Mental disorders,55,7476.622594118619,8855.927932382994,6163.162180511758
Female,Mental disorders,56,7286.137785666551,8695.847470186527,6008.652371887179
Female,Mental disorders,57,7171.29143578277,8589.351741581611,5920.12345210099
Female,Mental disorders,58,7121.876176025076,8532.501858385573,5887.923278995425
Female,Mental disorders,59,7087.51086308526,8491.045264740294,5866.61584468
Female,Mental disorders,60,7059.532481079634,8455.785697747657,5849.5800998796385
Female,Mental disorders,61,7029.278014124504,8417.526894509536,5830.194995319262
Female,Mental disorders,62,6988.084446336181,8367.07259212781,5801.83948172379
Female,Mental disorders,63,6930.65884892758,8298.703895352963,5757.554713075456
Female,Mental disorders,64,6859.967660216161,8215.412792385901,5697.523348568036
Female,Mental disorders,65,6779.736914975047,8121.069345504159,5625.836596743779
Female,Mental disorders,66,6693.692647977365,8019.543616985259,5546.585666144929
Female,Mental disorders,67,6605.56089399624,7914.705669106729,5463.86176531373
Female,Mental disorders,68,6503.490169043553,7791.92798938346,5365.639111808517
Female,Mental disorders,69,6384.193591508211,7647.484593407603,5247.345243153535
Female,Mental disorders,70,6264.244099728886,7501.597835572577,5124.251347839902
Female,Mental disorders,71,6160.2146320442425,7374.4900702718005,5011.628614358732
Female,Mental disorders,72,6088.67812679295,7286.38365189869,4924.74823120114
Female,Mental disorders,73,6046.707272042904,7233.606245069787,4859.025074607801
Female,Mental disorders,74,6015.930249469399,7194.082832862001,4800.1522755161395
Female,Mental disorders,75,5989.753237822201,7160.431747359308,4748.818404462395
Female,Mental disorders,76,5961.582415851075,7125.271320645683,4705.7120319828055
Female,Mental disorders,77,5924.82396230579,7081.219884805099,4671.521728613609
Female,Mental disorders,78,5869.189386099398,7024.278762888642,4641.816814958891
Female,Mental disorders,79,5797.103995322647,6958.102505317315,4613.647529449646
Female,Mental disorders,80,5721.044667491842,6886.789285229977,4589.923819362481
Female,Mental disorders,81,5653.488280123288,6814.437275765483,4573.555631974003
Female,Mental disorders,82,5606.91171073329,6745.14465006269,4567.452914560819
Female,Mental disorders,83,5577.058988350339,6668.539489675327,4568.950577856951
Female,Mental disorders,84,5551.40365785679,6581.88574343231,4572.595069716511
Female,Mental disorders,85,5530.016870549746,6500.735385385273,4577.11364309624
Female,Mental disorders,86,5512.969777726307,6440.640389585851,4581.233550952885
Female,Mental disorders,87,5500.33353068358,6417.152730085681,4583.68204624319
Female,Mental disorders,88,5490.093254497064,6435.121151377725,4584.82099025996
Female,Mental disorders,89,5480.724412252508,6481.626184448089,4585.818122002796
Female,Mental disorders,90,5473.0336622623845,6545.567483088116,4586.609510988623
Female,Mental disorders,91,5467.827662839164,6615.844701089151,4587.131226734371
Female,Mental disorders,92,5465.91307229532,6681.3574922425405,4587.31933875697
Female,Mental disorders,93,5466.6592277897325,6742.631594069891,4575.686953311879
Female,Mental disorders,94,5469.077883656148,6807.442764178127,4544.071766617901
Female,Mental disorders,95,5473.439323969328,6875.565686486555,4497.396733136983
Female,Mental disorders,96,5480.013832804041,6946.775044914486,4440.584807331071
Female,Mental disorders,97,5489.07169423505,7020.845523381231,4378.55894366211
Female,Mental disorders,98,5489.07169423505,7020.845523381231,4378.55894366211
Female,Mental disorders,99,5489.07169423505,7020.845523381231,4378.55894366211
Female,Mental disorders,100,5489.07169423505,7020.845523381231,4378.55894366211
Female,Musculoskeletal disorders,0,0.0,0.0,0.0
Female,Musculoskeletal disorders,1,0.0,0.0,0.0
Female,Musculoskeletal disorders,2,0.0,0.0,0.0
Female,Musculoskeletal disorders,3,0.0,0.0,0.0
Female,Musculoskeletal disorders,4,81.61290577867598,102.8915582756921,63.063156626531935
Female,Musculoskeletal disorders,5,287.3233339957668,362.37139913481894,222.20462860082682
Female,Musculoskeletal disorders,6,558.4388509728667,704.6472716254564,432.3524190649333
Female,Musculoskeletal disorders,7,836.2670230315699,1055.92692479568,648.4345311609
Female,Musculoskeletal disorders,8,1145.6667166423356,1450.1998327157933,891.2527782970417
Female,Musculoskeletal disorders,9,1522.2681377146307,1932.5794278781977,1188.6117814078261
Female,Musculoskeletal disorders,10,1923.5358617285622,2445.959396964117,1505.9437549245308
Female,Musculoskeletal disorders,11,2306.9344641642365,2933.2334266547728,1808.6809132784329
Female,Musculoskeletal disorders,12,2629.92852050176,3337.29520363139,2062.25547090081
Female,Musculoskeletal disorders,13,2893.39796121403,3658.970763104261,2268.7486744382213
Female,Musculoskeletal disorders,14,3131.550513102551,3945.28216189904,2456.1051827804445
Female,Musculoskeletal disorders,15,3351.842446140342,4208.417119119995,2628.552328723581
Female,Musculoskeletal disorders,16,3561.730030300419,4460.563353871388,2790.3174450637352
Female,Musculoskeletal disorders,17,3768.6695355558,4713.90858525749,2945.62786459701
Female,Musculoskeletal disorders,18,3970.281119738337,4966.71322300996,3091.72226348895
Female,Musculoskeletal disorders,19,4161.125742638261,5210.589062987467,3225.3477492605452
Female,Musculoskeletal disorders,20,4344.070877166149,5447.750903484779,3349.9943017410706
Female,Musculoskeletal disorders,21,4521.983996232588,5680.4135427966685,3469.1519007597994
Female,Musculoskeletal disorders,22,4697.732572748158,5910.791779217908,3586.310526146006
Female,Musculoskeletal disorders,23,4874.18407962344,6141.100411043267,3704.9601577289627
Female,Musculoskeletal disorders,24,5054.205989769018,6373.5542365675155,3828.5907753379456
Female,Musculoskeletal disorders,25,5240.665776095472,6610.3680540854275,3960.692358802227
Female,Musculoskeletal disorders,26,5436.4309115133865,6853.756661891771,4104.7548879510805
Female,Musculoskeletal disorders,27,5644.36886893334,7105.934858281319,4264.26834261378
Female,Musculoskeletal disorders,28,5868.823278617641,7364.589203776766,4448.34856883713
Female,Musculoskeletal disorders,29,6108.443865126198,7627.904290447732,4657.699145887184
Female,Musculoskeletal disorders,30,6357.557242816003,7898.8419639093745,4883.191653422085
Female,Musculoskeletal disorders,31,6610.490026044047,8180.364069776851,5115.697671099979
Female,Musculoskeletal disorders,32,6861.56882916732,8475.43245366532,5346.08877857901
Female,Musculoskeletal disorders,33,7114.521697784702,8802.286282796218,5578.785111869751
Female,Musculoskeletal disorders,34,7373.169844894923,9160.31753263244,5820.063220025635
Female,Musculoskeletal disorders,35,7631.9796359547445,9524.217261151342,6063.579302269104
Female,Musculoskeletal disorders,36,7885.417436420933,9868.676526330279,6302.989557822592
Female,Musculoskeletal disorders,37,8127.94961175025,10168.38638614661,6531.95018590854
Female,Musculoskeletal disorders,38,8357.506533964628,10422.075421636726,6751.28304542538
Female,Musculoskeletal disorders,39,8578.257158458538,10651.374695709232,6965.600104368331
Female,Musculoskeletal disorders,40,8794.025725747559,10865.328989149803,7174.242725605011
Female,Musculoskeletal disorders,41,9008.63647634726,11072.98308274411,7376.552272003041
Female,Musculoskeletal disorders,42,9225.91365077322,11283.38175727783,7571.870106430039
Female,Musculoskeletal disorders,43,9449.082959191735,11489.816714700912,7767.820977132865
Female,Musculoskeletal disorders,44,9675.595063792493,11686.37480148072,7965.322400572553
Female,Musculoskeletal disorders,45,9900.611633126135,11883.293515179048,8153.654891937998
Female,Musculoskeletal disorders,46,10119.294335743314,12090.810353357687,8322.098966418089
Female,Musculoskeletal disorders,47,10326.80484019468,12319.16281357843,8459.93513920171
Female,Musculoskeletal disorders,48,10526.865876720722,12602.404003575593,8563.53108486018
Female,Musculoskeletal disorders,49,10723.36068035631,12936.559938341166,8645.857530508521
Female,Musculoskeletal disorders,50,10911.691676843666,13274.827476323455,8721.099570151198
Female,Musculoskeletal disorders,51,11087.261291925,13570.403475970757,8803.442297792673
Female,Musculoskeletal disorders,52,11245.47195134253,13776.48479573138,8907.07080743741
Female,Musculoskeletal disorders,53,11385.887041953898,13908.038279242039,9057.486981537657
Female,Musculoskeletal disorders,54,11513.899009269622,14015.696817428765,9251.078533629789
Female,Musculoskeletal disorders,55,11633.65386701124,14106.156339673851,9458.359304344469
Female,Musculoskeletal disorders,56,11749.297628900284,14186.112775359581,9649.843134312368
Female,Musculoskeletal disorders,57,11864.97630865828,14262.26205386824,9796.04386416415
Female,Musculoskeletal disorders,58,11976.91901188136,14327.579969501041,9898.309437169719
Female,Musculoskeletal disorders,59,12082.504166197352,14379.05401185565,9983.085081685029
Female,Musculoskeletal disorders,60,12187.60176837533,14429.39765325902,10058.530565969808
Female,Musculoskeletal disorders,61,12298.081815184378,14491.324366038118,10132.80565828379
Female,Musculoskeletal disorders,62,12419.81430339357,14577.547622519902,10214.070126886709
Female,Musculoskeletal disorders,63,12556.803682312931,14749.200547911589,10300.508700704951
Female,Musculoskeletal disorders,64,12706.590481741703,15024.429708933667,10386.756819655186
Female,Musculoskeletal disorders,65,12865.348819182778,15351.468740183005,10475.650318482569
Female,Musculoskeletal disorders,66,13029.25281213906,15678.551276256467,10570.025031932251
Female,Musculoskeletal disorders,67,13194.47657811345,15953.91095175092,10672.71679474939
Female,Musculoskeletal disorders,68,13391.124061166713,16206.986746959528,10809.662040011297
Female,Musculoskeletal disorders,69,13622.003664111138,16474.616377585688,10980.334806706162
Female,Musculoskeletal disorders,70,13842.346192576922,16716.131581341626,11147.877338445442
Female,Musculoskeletal disorders,71,14007.382452194253,16890.864095939563,11275.431878840604
Female,Musculoskeletal disorders,72,14072.34324859332,16958.14565909171,11326.14067150311
Female,Musculoskeletal disorders,73,14063.478635839903,16952.471042125653,11324.988217963868
Female,Musculoskeletal disorders,74,14039.37116693684,16936.581998828082,11321.590729127052
Female,Musculoskeletal disorders,75,14003.750395919917,16912.1807405999,11316.03801266402
Female,Musculoskeletal disorders,76,13960.345876824922,16880.969478842002,11308.41987624613
Female,Musculoskeletal disorders,77,13912.88716368764,16844.6504249553,11298.826127544738
Female,Musculoskeletal disorders,78,13852.332750026071,16783.848177879772,11231.163545669922
Female,Musculoskeletal disorders,79,13769.314108052484,16683.69166270008,11077.69180361631
Female,Musculoskeletal disorders,80,13667.070259844055,16552.63958003417,10881.03004988209
Female,Musculoskeletal disorders,81,13548.840227477967,16399.150630499964,10683.797432965457
Female,Musculoskeletal disorders,82,13417.8630330314,16231.6835147154,10528.6131013646
Female,Musculoskeletal disorders,83,13259.15973777318,16027.055051077528,10423.827312626105
Female,Musculoskeletal disorders,84,13061.573210199333,15766.545284354188,10338.556589233334
Female,Musculoskeletal disorders,85,12834.075183227842,15465.307754719477,10256.569477089643
Female,Musculoskeletal disorders,86,12585.63738977669,15138.4960023475,10161.634522098391
Female,Musculoskeletal disorders,87,12325.23156276386,14801.26356741236,10037.520270162931
Female,Musculoskeletal disorders,88,12034.275148612745,14414.87965592362,9851.399614881686
Female,Musculoskeletal disorders,89,11702.148823070966,13964.75683908137,9597.990195494114
Female,Musculoskeletal disorders,90,11349.76916304285,13502.2637048455,9302.377676365157
Female,Musculoskeletal disorders,91,10998.05274543273,13078.768841175899,8989.647721859745
Female,Musculoskeletal disorders,92,10667.91614714493,12745.640836032451,8684.88599634281
Female,Musculoskeletal disorders,93,10358.777287022098,12482.888778568542,8387.013386237626
Female,Musculoskeletal disorders,94,10056.276008206092,12241.98772144428,8078.535319888957
Female,Musculoskeletal disorders,95,9760.661774050062,12031.505197879645,7759.91427454397
Female,Musculoskeletal disorders,96,9472.184047907165,11860.008741094614,7431.612727449835
Female,Musculoskeletal disorders,97,9191.092293130549,11736.06588430917,7094.09315585372
Female,Musculoskeletal disorders,98,9191.09229313055,11736.06588430917,7094.09315585372
Female,Musculoskeletal disorders,99,9191.09229313055,11736.06588430917,7094.09315585372
Female,Musculoskeletal disorders,100,9191.09229313055,11736.06588430917,7094.09315585372
Female,Neoplasms,0,1006.90095139592,1311.37416381708,769.54047436453
Female,Neoplasms,1,987.1921711715804,1272.3131386476375,760.7346855578317
Female,Neoplasms,2,942.2476568882752,1196.0797839530471,733.6212393042026
Female,Neoplasms,3,890.3542081847,1123.10963899635,697.47313858111
Female,Neoplasms,4,815.8618650087526,1042.7907416837643,634.4342064423146
Female,Neoplasms,5,723.4758702574019,957.7540582439709,546.034522346922
Female,Neoplasms,6,644.2334331853326,888.7579198152621,465.71487536396603
Female,Neoplasms,7,609.17176304723,856.56065753593,426.91605456248
Female,Neoplasms,8,606.8210685543099,850.3389663432703,420.6838490896394
Female,Neoplasms,9,605.0125158984507,845.4498222105694,415.7885734848794
Female,Neoplasms,10,603.7347505553303,841.9219778301051,412.25780490562266
Female,Neoplasms,11,602.9764180006273,839.784185894156,410.119120509292
Female,Neoplasms,12,602.7261637100199,839.065199095,409.40009745331
Female,Neoplasms,13,622.7110801096134,868.0791773003974,422.09012628927104
Female,Neoplasms,14,675.2239622772667,944.4233375532383,455.5508737363866
Female,Neoplasms,15,749.1020096662893,1052.0510183084955,502.8683312035057
Female,Neoplasms,16,833.1824217299906,1174.9155580211418,557.1284900994772
Female,Neoplasms,17,916.30239792168,1296.97029514615,611.41734183315
Female,Neoplasms,18,1000.5922310720301,1425.1116119925523,666.6699947654179
Female,Neoplasms,19,1094.910101693924,1574.3033920692185,728.2774195950824
Female,Neoplasms,20,1198.1850407639865,1740.6002256308789,796.0094012378537
Female,Neoplasms,21,1309.3460792588426,1920.0567029322629,869.6357246094421
Female,Neoplasms,22,1427.3222481551172,2108.7274142280994,948.9261746255581
Female,Neoplasms,23,1551.0425784294362,2302.6669497731195,1033.650536201912
Female,Neoplasms,24,1679.4361010584237,2497.929899822052,1123.5785942542136
Female,Neoplasms,25,1811.431847018705,2690.570854629626,1218.4801336981736
Female,Neoplasms,26,1945.9588472869054,2876.644404450572,1318.1249394495023
Female,Neoplasms,27,2081.9461328396496,3052.20513953962,1422.28279642391
Female,Neoplasms,28,2224.7971289060233,3214.6402783929816,1546.2587043881026
Female,Neoplasms,29,2378.426527697272,3369.5439094015182,1694.9290980594767
Female,Neoplasms,30,2539.5302606632617,3525.2809276619278,1852.4209147797785
Female,Neoplasms,31,2704.8042592538554,3690.2162282709123,2002.861091890754
Female,Neoplasms,32,2870.94445491892,3872.71470632517,2130.37656673415
Female,Neoplasms,33,3039.1806491070192,4089.3194466629793,2229.2977488432966
Female,Neoplasms,34,3211.872391073692,4337.131707378713,2312.4148392905195
Female,Neoplasms,35,3387.4102339792666,4595.353643453216,2391.544462726052
Female,Neoplasms,36,3564.1847309840696,4843.187409867334,2478.503243800131
Female,Neoplasms,37,3740.5864352484305,5059.83516160191,2585.10780716299
Female,Neoplasms,38,3916.793387910297,5234.733764366406,2735.5280443279457
Female,Neoplasms,39,4093.885671754078,5384.420177236171,2927.5133474697104
Female,Neoplasms,40,4271.606902409791,5528.746695240889,3133.249592230616
Female,Neoplasms,41,4449.700695507452,5687.565613410234,3324.922654252992
Female,Neoplasms,42,4627.9106666770795,5880.729226773889,3474.71840917917
Female,Neoplasms,43,4804.036803066254,6151.515861497357,3577.3396158248165
Female,Neoplasms,44,4978.251193476995,6496.69083524931,3657.090737542391
Female,Neoplasms,45,5153.855606020984,6866.336930314183,3730.560206779408
Female,Neoplasms,46,5334.1518088099,7210.536928976408,3814.3364559833853
Female,Neoplasms,47,5522.44156995542,7479.37361352042,3925.00791760184
Female,Neoplasms,48,5719.594094676336,7665.337886561376,4095.950769771509
Female,Neoplasms,49,5923.918339769728,7812.12791692921,4328.529312705189
Female,Neoplasms,50,6134.875700714714,7946.6373862305145,4591.314161964483
Female,Neoplasms,51,6351.927572990412,8095.759976071887,4852.875933110996
Female,Neoplasms,52,6574.53535207594,8286.38936805992,5081.7852417063295
Female,Neoplasms,53,6803.295743843454,8560.1655384205,5269.6343290550485
Female,Neoplasms,54,7039.014921072129,8912.723507003542,5438.689212522251
Female,Neoplasms,55,7281.468479601608,9301.949520851693,5603.53117176035
Female,Neoplasms,56,7530.432015271534,9685.729827007588,5778.741486421753
Female,Neoplasms,57,7785.68112392155,10021.95067251388,5978.90143615887
Female,Neoplasms,58,8049.532399564852,10294.67126607874,6223.396273618239
Female,Neoplasms,59,8322.59325058757,10534.365063052492,6506.606908942376
Female,Neoplasms,60,8602.075494388751,10768.539680441001,6805.608108027662
Female,Neoplasms,61,8885.190948367446,11024.702735250123,7097.474636770474
Female,Neoplasms,62,9169.1514299227,11330.36184448572,7359.28126106719
Female,Neoplasms,63,9462.029138641896,11748.157137029522,7590.972641252355
Female,Neoplasms,64,9765.75057027933,12272.955607416512,7809.576121213409
Female,Neoplasms,65,10068.308986484419,12830.605171132442,8017.790492176079
Female,Neoplasms,66,10357.69764890659,13346.953743663058,8218.314545366087
Female,Neoplasms,67,10621.90981919526,13747.849240494108,8413.847072009161
Female,Neoplasms,68,10861.746385625556,14067.896002189711,8601.910014235902
Female,Neoplasms,69,11087.422438496718,14373.329567072942,8781.210056772574
Female,Neoplasms,70,11301.052542494312,14637.444647267976,8956.223104738394
Female,Neoplasms,71,11504.751262303918,14833.535954898989,9131.425063252578
Female,Neoplasms,72,11700.63316261111,14934.89820209016,9311.29183743434
Female,Neoplasms,73,11894.387059425135,14970.114508836852,9499.887376635525
Female,Neoplasms,74,12085.494416788399,14991.414817434286,9694.268040279769
Female,Neoplasms,75,12266.758771436216,15007.564073456424,9888.398348593979
Female,Neoplasms,76,12430.983660103888,15027.32722247723,10076.242821805059
Female,Neoplasms,77,12570.97261952673,15059.469210070669,10251.76598013992
Female,Neoplasms,78,12688.173206757716,15148.195076046228,10420.1158289783
Female,Neoplasms,79,12791.625416436707,15300.113876326186,10586.140235313725
Female,Neoplasms,80,12885.521441679355,15467.596580653686,10743.353511793786
Female,Neoplasms,81,12974.0534756013,15603.014158771879,10885.26997106607
Female,Neoplasms,82,13061.41371131819,15658.73758042391,11005.40392577817
Female,Neoplasms,83,13159.48325577319,15634.868913784627,11117.114259054635
Female,Neoplasms,84,13265.831507534494,15577.951324106338,11228.645118023138
Female,Neoplasms,85,13363.183097155288,15510.01742674838,11325.838711335933
Female,Neoplasms,86,13434.26265518876,15453.099837070093,11394.537247645289
Female,Neoplasms,87,13461.7948121881,15429.23117043081,11420.58293560346
Female,Neoplasms,88,13456.919677683385,15434.810770837412,11392.907708064833
Female,Neoplasms,89,13444.363171780184,15450.546752165392,11323.416727807467
Female,Neoplasms,90,13427.228640894904,15474.934884577015,11232.412048369128
Female,Neoplasms,91,13408.61943144396,15506.470938234545,11140.195723287585
Female,Neoplasms,92,13391.63888984376,15543.65068330024,11067.0698061006
Female,Neoplasms,93,13376.234558565806,15611.143178674722,11011.75721783119
Female,Neoplasms,94,13360.300070335945,15727.57200060739,10959.811056851566
Female,Neoplasms,95,13343.857906952102,15882.3646952837,10911.778642723291
Female,Neoplasms,96,13326.930550212206,16064.948808889103,10868.207295007935
Female,Neoplasms,97,13309.540481914191,16264.751887609045,10829.64433326706
Female,Neoplasms,98,13309.54048191419,16264.751887609047,10829.64433326706
Female,Neoplasms,99,13309.54048191419,16264.751887609047,10829.64433326706
Female,Neoplasms,100,13309.54048191419,16264.751887609047,10829.64433326706
Female,Neurological disorders,0,50.878306543019995,80.03934403356,29.969384892620003
Female,Neurological disorders,1,48.603351669395835,79.562422881742,27.742639584516482
Female,Neurological disorders,2,46.51486850672448,79.12459362761399,25.698414383634564
Female,Neurological disorders,3,46.2165137692,79.06204659131,25.40638221208
Female,Neurological disorders,4,1361.4677280218964,1941.7663813916758,904.5403233480513
Female,Neurological disorders,5,4459.09706681876,6298.080439909776,2994.7626613554844
Female,Neurological disorders,6,8066.918074217955,11300.305803321107,5475.304168133658
Female,Neurological disorders,7,10912.74429427764,15100.74405280118,7525.39561558185
Female,Neurological disorders,8,13055.791625267177,17759.86925871539,9212.52301501575
Female,Neurological disorders,9,15214.872685404132,20364.511662974553,10977.826698930461
Female,Neurological disorders,10,17107.196098668977,22606.507104072312,12561.018920994382
Female,Neurological disorders,11,18449.97048904221,24177.691420502306,13701.811934875908
Female,Neurological disorders,12,18960.40448050429,24769.90045075816,14139.91799424344
Female,Neurological disorders,13,18766.687345211976,24586.580372185144,13951.894547119888
Female,Neurological disorders,14,18304.746484130315,24149.432492511027,13498.79840069161
Female,Neurological disorders,15,17753.397714452196,23627.67534580321,12947.090847372181
Female,Neurological disorders,16,17291.45685337053,23190.527466129097,12463.233179575178
Female,Neurological disorders,17,17097.73971807822,23007.20738755608,12213.68668971417
Female,Neurological disorders,18,17108.728416415226,23010.079704705186,12144.682269824716
Female,Neurological disorders,19,17139.38171427686,23018.681582815097,12089.675156450372
Female,Neurological disorders,20,17186.23041593906,23032.990411879735,12045.963158766717
Female,Neurological disorders,21,17245.805325677746,23052.98358189299,12010.844085949326
Female,Neurological disorders,22,17314.63724776886,23078.63848284878,11981.615747173779
Female,Neurological disorders,23,17389.256986488326,23109.93250474101,11955.575951615649
Female,Neurological disorders,24,17466.19534611208,23146.84303756359,11930.022508450513
Female,Neurological disorders,25,17541.983130916047,23189.347471310422,11902.253226853949
Female,Neurological disorders,26,17613.15114517616,23237.423195975418,11869.565916001531
Female,Neurological disorders,27,17676.23019316836,23291.04760155248,11829.25838506884
Female,Neurological disorders,28,17743.380990447185,23466.36164551107,11783.519937249823
Female,Neurological disorders,29,17819.80908194818,23802.867847562276,11735.634053028116
Female,Neurological disorders,30,17891.612516018755,24185.58594106243,11684.539807513838
Female,Neurological disorders,31,17944.889341006332,24499.535659367866,11629.176275817099
Female,Neurological disorders,32,17965.73760525832,24629.73673583494,11568.48253304801
Female,Neurological disorders,33,17897.012387460938,24509.674444682165,11493.948353703048
Female,Neurological disorders,34,17717.583935852042,24200.068731398296,11404.96497468135
Female,Neurological disorders,35,17467.573053106535,23776.79133624498,11312.323664697033
Female,Neurological disorders,36,17187.100541899294,23315.71399948389,11226.815692464212
Female,Neurological disorders,37,16916.28720490522,22892.70846137669,11159.232326697
Female,Neurological disorders,38,16621.930931964835,22451.74244571698,11114.53732893269
Female,Neurological disorders,39,16272.917699096393,21940.99730291638,11082.887776183667
Female,Neurological disorders,40,15912.500438241372,21442.665213163567,11052.864910376664
Female,Neurological disorders,41,15583.932081341249,21038.938356647213,11013.049973438436
Female,Neurological disorders,42,15330.4655603375,20812.008913555997,10952.02420729572
Female,Neurological disorders,43,15124.728251059447,20707.536049195394,10685.41354817728
Female,Neurological disorders,44,14925.52094667419,20619.124360956237,10158.743803248506
Female,Neurological disorders,45,14755.356705129874,20550.884177155214,9555.446020841091
Female,Neurological disorders,46,14636.748584374647,20506.92582610902,9058.951249286736
Female,Neurological disorders,47,14592.209642356647,20491.35963613436,8852.690536917129
Female,Neurological disorders,48,14654.019309579406,20591.882001851965,9042.049272546315
Female,Neurological disorders,49,14801.41159295675,20831.58918164011,9493.597026738991
Female,Neurological disorders,50,14977.331415052295,21117.691299451762,10032.54112045283
Female,Neurological disorders,51,15124.723698429641,21357.3984792399,10484.088874645504
Female,Neurological disorders,52,15186.5333656524,21457.92084495751,10673.44761027469
Female,Neurological disorders,53,15131.107796204058,21290.626601831325,10624.412641310195
Female,Neurological disorders,54,14985.176514838822,20869.683529405753,10495.109015320302
Female,Neurological disorders,55,14779.257662026375,20316.50111311024,10312.238653660414
Female,Neurological disorders,56,14543.869378236397,19752.488838374236,10102.503477685927
Female,Neurological disorders,57,14309.52980393857,19299.0561906272,9892.60540875224
Female,Neurological disorders,58,14049.097611279627,18960.30581852719,9634.071393212973
Female,Neurological disorders,59,13734.906547697348,18650.956421695464,9301.84872720636
Female,Neurological disorders,60,13396.687366597995,18358.341562006284,8957.769856764717
Female,Neurological disorders,61,13064.170821387832,18069.794801333905,8663.667227920365
Female,Neurological disorders,62,12767.08766547312,17772.64970155258,8481.373286705619
Female,Neurological disorders,63,12470.255904233929,17417.87589267791,8379.830351072547
Female,Neurological disorders,64,12152.101454392277,17013.917472215304,8290.661897074431
Female,Neurological disorders,65,11862.766936367347,16634.319703273755,8219.722107895414
Female,Neurological disorders,66,11652.394970578318,16352.62784896224,8172.865166719634
Female,Neurological disorders,67,11571.12817744438,16242.38717238974,8155.94525673123
Female,Neurological disorders,68,11623.688482906595,16250.808928945251,8162.385907120345
Female,Neurological disorders,69,11754.116963254633,16273.334670288099,8180.162425369759
Female,Neurological disorders,70,11921.534964430595,16305.855103932761,8206.956662102573
Female,Neurological disorders,71,12085.063832376574,16344.26093739371,8240.450467941886
Female,Neurological disorders,72,12203.824913034668,16384.442878185422,8278.3256935108
Female,Neurological disorders,73,12279.291364720499,16441.48219050269,8340.730686397135
Female,Neurological disorders,74,12343.218524115404,16521.095698459492,8438.30285158645
Female,Neurological disorders,75,12400.15100471005,16605.127449449064,8554.457625798452
Female,Neurological disorders,76,12454.633419995109,16675.42149086464,8672.61044575286
Female,Neurological disorders,77,12511.21038346124,16713.82187009946,8776.17674816938
Female,Neurological disorders,78,12564.720768678268,16726.412985619714,8857.385841835281
Female,Neurological disorders,79,12612.16909591416,16733.786709347827,8927.581519531619
Female,Neurological disorders,80,12661.348448706793,16739.548298861402,8998.850943968795
Female,Neurological disorders,81,12720.051910594057,16747.303011738026,9083.281277857202
Female,Neurological disorders,82,12796.072565113838,16760.6561055553,9192.95968390724
Female,Neurological disorders,83,12908.108908998867,16801.25749042116,9366.536978278411
Female,Neurological disorders,84,13064.740351033613,16885.199615743026,9614.248921571016
Female,Neurological disorders,85,13258.581342833564,17007.751548047698,9905.560093156635
Female,Neurological disorders,86,13482.246336014214,17164.182353861983,10209.935072406864
Female,Neurological disorders,87,13728.34978219105,17349.76109971268,10496.83843869329
Female,Neurological disorders,88,14026.865641844568,17696.51248768686,10768.54432404223
Female,Neurological disorders,89,14398.572907294212,18277.96528839976,11045.49175742999
Female,Neurological disorders,90,14822.293577913884,19001.64467117041,11324.392663653132
Female,Neurological disorders,91,15276.84965307749,19775.07580531785,11601.958967508224
Female,Neurological disorders,92,15741.06313215894,20505.78386016113,11874.90259379183
Female,Neurological disorders,93,16220.700675198077,21195.91613996611,12143.296948972531
Female,Neurological disorders,94,16733.999992164565,21908.656320614766,12409.386516377797
Female,Neurological disorders,95,17278.489657327045,22643.08412885029,12673.139836092516
Female,Neurological disorders,96,17851.698244954154,23398.27929141589,12934.525448201586
Female,Neurological disorders,97,18451.15432931453,24173.32153505476,13193.5118927899
Female,Neurological disorders,98,18451.15432931453,24173.32153505476,13193.5118927899
Female,Neurological disorders,99,18451.15432931453,24173.32153505476,13193.5118927899
Female,Neurological disorders,100,18451.15432931453,24173.32153505476,13193.5118927899
Female,Other non-communicable diseases,0,35495.416932071974,36478.32926733821,34630.57393783469
Female,Other non-communicable diseases,1,41506.65391844796,48911.22231584776,35600.50829316432
Female,Other non-communicable diseases,2,54224.92046069484,72591.72653785834,39613.30617630395
Female,Other non-communicable diseases,3,67931.99123923822,94043.28500224388,45336.23098269643
Female,Other non-communicable diseases,4,85952.4587909715,116254.58640167171,56661.749053605876
Female,Other non-communicable diseases,5,107103.81061772785,139018.4945797938,73574.46895401033
Female,Other non-communicable diseases,6,124698.68613928097,156762.98835395067,88948.06965141551
Female,Other non-communicable diseases,7,132049.7247754045,163916.04654148282,95656.23011332708
Female,Other non-communicable diseases,8,125585.77435017242,158139.32135414786,90413.86407771664
Female,Other non-communicable diseases,9,110171.73872077283,144074.1123048815,77912.83737741483
Female,Other non-communicable diseases,10,91774.34135665077,126617.86916279164,62992.2571222159
Female,Other non-communicable diseases,11,76360.30572725118,110668.04169698615,50491.23042191409
Female,Other non-communicable diseases,12,69896.35530201909,101122.07967657287,45248.86438630365
Female,Other non-communicable diseases,13,70115.39036969338,96598.84781629687,46274.27929396978
Female,Other non-communicable diseases,14,70701.3698186289,92626.29996312642,48872.93276629359
Female,Other non-communicable diseases,15,71547.60501769456,89465.5195845042,52328.43792726312
Female,Other non-communicable diseases,16,72547.40733575929,87377.5901478729,55924.40790086647
Female,Other non-communicable diseases,17,73594.088141692,86623.5951206752,58944.45581109169
Female,Other non-communicable diseases,18,75009.85329151052,87187.5834003723,61591.72531169756
Female,Other non-communicable diseases,19,77064.33844228093,88718.40873097867,64467.339075669755
Female,Other non-communicable diseases,20,79571.99966444475,90974.361849767,67451.87875583673
Female,Other non-communicable diseases,21,82347.29302844337,93713.73349400997,70425.92600502692
Female,Other non-communicable diseases,22,85204.67460471822,96694.81440098025,73270.06247606878
Female,Other non-communicable diseases,23,87958.60046371081,99675.89530795054,75864.86982179077
Female,Other non-communicable diseases,24,90423.52667586252,102415.26695219353,78090.9296950213
Female,Other non-communicable diseases,25,92413.90931161481,104671.22007098186,79828.82374858884
Female,Other non-communicable diseases,26,93744.20444140912,106202.04540158823,80959.13363532184
Female,Other non-communicable diseases,27,94228.86813568692,106766.0336812853,81362.44100804874
Female,Other non-communicable diseases,28,94183.690569069,106742.95277920578,81330.3503745747
Female,Other non-communicable diseases,29,94061.0010702105,106678.7906333253,81245.21623838016
Female,Other non-communicable diseases,30,93880.0644406043,106581.16808418112,81123.74524580663
Female,Other non-communicable diseases,31,93660.14548174324,106457.70597231039,80982.64404319545
Female,Other non-communicable diseases,32,93420.5089951202,106316.02513825032,80838.61927688812
Female,Other non-communicable diseases,33,93124.10708317693,106108.65205805609,80698.20729334284
Female,Other non-communicable diseases,34,92725.07670640302,105787.7662742747,80543.16940793404
Female,Other non-communicable diseases,35,92229.45995336313,105360.46822718119,80353.04972037724
Female,Other non-communicable diseases,36,91643.29891262183,104833.85835705054,80107.39233038816
Female,Other non-communicable diseases,37,90972.63567274378,104215.03710415776,79785.74133768238
Female,Other non-communicable diseases,38,90123.47520344696,103298.56648988734,79114.55410357544
Female,Other non-communicable diseases,39,89018.74531451252,101947.59139115039,77929.7075160869
Female,Other non-communicable diseases,40,87689.8723545999,100272.0865315118,76374.87496498838
Female,Other non-communicable diseases,41,86168.28267236847,98382.02663453648,74593.72984005159
Female,Other non-communicable diseases,42,84485.40261647767,96387.38642378931,72729.94553104814
Female,Other non-communicable diseases,43,82379.95202254604,94080.66010629329,70509.38653578685
Female,Other non-communicable diseases,44,79732.35155195656,91317.93964719768,67753.8075633098
Female,Other non-communicable diseases,45,76786.5787920152,88304.59640725696,64750.71732023864
Female,Other non-communicable diseases,46,73786.61133002808,85246.00174722556,61787.624513194976
Female,Other non-communicable diseases,47,70976.42675330116,82347.52702785794,59152.03784880044
Female,Other non-communicable diseases,48,68128.39117088103,79435.25069460669,56654.24977587109
Female,Other non-communicable diseases,49,65079.188417425765,76371.78876941989,54087.48979915089
Female,Other non-communicable diseases,50,62169.27266865863,73417.31897779516,51713.67220915332
Female,Other non-communicable diseases,51,59739.0981003029,70832.01904523018,49794.71129639188
Female,Other non-communicable diseases,52,58129.11888808184,68876.06669722256,48592.52135138004
Female,Other non-communicable diseases,53,57159.99501111683,67422.28568819021,47908.12312547644
Female,Other non-communicable diseases,54,56387.65974067426,66161.70043738237,47354.970972235504
Female,Other non-communicable diseases,55,55755.47719069484,65081.789667543766,46913.629585464325
Female,Other non-communicable diseases,56,55206.81147511931,64170.03210141905,46564.66365897004
Female,Other non-communicable diseases,57,54685.02670788843,63413.906461752915,46288.63788655977
Female,Other non-communicable diseases,58,54171.13294409394,62799.4991551641,46068.85183717551
Female,Other non-communicable diseases,59,53690.60490024509,62290.413283509835,45890.956354335256
Female,Other non-communicable diseases,60,53253.50368240882,61840.40261239255,45739.04304371011
Female,Other non-communicable diseases,61,52869.89039665206,61403.22090741465,45597.203510971216
Female,Other non-communicable diseases,62,52549.82614904174,60932.6219341786,45449.52936178968
Female,Other non-communicable diseases,63,52256.29467058745,60346.01207459495,45274.07118195199
Female,Other non-communicable diseases,64,51968.39632184857,59674.188005897246,45081.11798415708
Female,Other non-communicable diseases,65,51720.36715321681,59040.988936672315,44903.11901444476
Female,Other non-communicable diseases,66,51546.44321508385,58570.254075507,44772.52351885483
Female,Other non-communicable diseases,67,51480.86055784137,58385.82263098816,44721.78074342712
Female,Other non-communicable diseases,68,51484.359555827665,58390.38375235786,44752.72428748288
Female,Other non-communicable diseases,69,51494.6637326457,58403.70292890563,44835.739705963075
Female,Other non-communicable diseases,70,51511.483862584166,58425.23387928949,44956.10417833703
Female,Other non-communicable diseases,71,51534.53071993181,58454.43032216741,45099.094884074104
Female,Other non-communicable diseases,72,51563.51507897734,58490.74597619743,45249.98900264366
Female,Other non-communicable diseases,73,51752.05483512625,58627.59084092054,45444.617939879514
Female,Other non-communicable diseases,74,52178.304357895286,58926.83725217124,45705.59132172502
Female,Other non-communicable diseases,75,52728.77913274,59340.63243304787,45998.35365781384
Female,Other non-communicable diseases,76,53289.99464511597,59821.12360664872,46288.34945777961
Female,Other non-communicable diseases,77,53748.466380478734,60320.45799607211,46541.02323125601
Female,Other non-communicable diseases,78,54112.47965923265,60936.35287709098,46784.330604159106
Female,Other non-communicable diseases,79,54461.325241986466,61727.63691077311,47043.0442682362
Female,Other non-communicable diseases,80,54788.02677450226,62588.12439815898,47277.83433186773
Female,Other non-communicable diseases,81,55085.60790254217,63411.62964028911,47449.37090343418
Female,Other non-communicable diseases,82,55347.09227186833,64091.96693820402,47518.324091316
Female,Other non-communicable diseases,83,55602.03653433399,64699.37942050459,47522.43441102786
Female,Other non-communicable diseases,84,55861.29761214709,65318.660559449716,47525.65372690022
Female,Other non-communicable diseases,85,56089.849556601795,65865.45017156693,47527.96917053725
Female,Other non-communicable diseases,86,56252.66641899225,66255.38807338374,47529.3678735431
Female,Other non-communicable diseases,87,56314.72225061259,66404.11408142767,47529.8369675219
Female,Other non-communicable diseases,88,56255.4017125848,66336.2374634862,47475.371808096505
Female,Other non-communicable diseases,89,56094.286286580165,66174.37783608731,47325.0742660911
Female,Other non-communicable diseases,90,55856.645254716794,65981.19053886927,47098.59124591188
Female,Other non-communicable diseases,91,55567.74789911282,65819.33091147037,46815.569651965
Female,Other non-communicable diseases,92,55252.86350188634,65751.4542935289,46495.65638865666
Female,Other non-communicable diseases,93,54851.00355260903,65796.94595827904,46032.0088246762
Female,Other non-communicable diseases,94,54301.75864146761,65927.88230303397,45335.212858530955
Female,Other non-communicable diseases,95,53631.26670150281,66135.95535355047,44451.058189354044
Female,Other non-communicable diseases,96,52865.665665755325,66412.85713558529,43425.33451627862
Female,Other non-communicable diseases,97,52031.0934672659,66750.27967489527,42303.83153843779
Female,Other non-communicable diseases,98,52031.0934672659,66750.27967489527,42303.83153843779
Female,Other non-communicable diseases,99,52031.0934672659,66750.27967489527,42303.83153843779
Female,Other non-communicable diseases,100,52031.0934672659,66750.27967489527,42303.83153843779
Female,Sense organ diseases,0,530.7204966834499,745.08392669381,342.80076157849
Female,Sense organ diseases,1,381.4655631546274,535.5434008482277,246.3946397068777
Female,Sense organ diseases,2,116.26861342726656,163.2306940941516,75.09973607504152
Female,Sense organ diseases,3,0.0,0.0,0.0
Female,Sense organ diseases,4,0.0,0.0,0.0
Female,Sense organ diseases,5,0.0,0.0,0.0
Female,Sense organ diseases,6,0.0,0.0,0.0
Female,Sense organ diseases,7,0.0,0.0,0.0
Female,Sense organ diseases,8,0.0,0.0,0.0
Female,Sense organ diseases,9,0.0,0.0,0.0
Female,Sense organ diseases,10,0.0,0.0,0.0
Female,Sense organ diseases,11,0.0,0.0,0.0
Female,Sense organ diseases,12,0.0,0.0,0.0
Female,Sense organ diseases,13,0.0,0.0,0.0
Female,Sense organ diseases,14,0.0,0.0,0.0
Female,Sense organ diseases,15,0.0,0.0,0.0
Female,Sense organ diseases,16,0.0,0.0,0.0
Female,Sense organ diseases,17,0.0,0.0,0.0
Female,Sense organ diseases,18,0.0,0.0,0.0
Female,Sense organ diseases,19,0.0,0.0,0.0
Female,Sense organ diseases,20,0.0,0.0,0.0
Female,Sense organ diseases,21,0.0,0.0,0.0
Female,Sense organ diseases,22,0.0,0.0,0.0
Female,Sense organ diseases,23,0.0,0.0,0.0
Female,Sense organ diseases,24,0.0,0.0,0.0
Female,Sense organ diseases,25,0.0,0.0,0.0
Female,Sense organ diseases,26,0.0,0.0,0.0
Female,Sense organ diseases,27,0.0,0.0,0.0
Female,Sense organ diseases,28,0.0,0.0,0.0
Female,Sense organ diseases,29,0.0,0.0,0.0
Female,Sense organ diseases,30,0.0,0.0,0.0
Female,Sense organ diseases,31,0.0,0.0,0.0
Female,Sense organ diseases,32,0.0,0.0,0.0
Female,Sense organ diseases,33,0.0,0.0,0.0
Female,Sense organ diseases,34,0.0,0.0,0.0
Female,Sense organ diseases,35,0.0,0.0,0.0
Female,Sense organ diseases,36,0.0,0.0,0.0
Female,Sense organ diseases,37,0.0,0.0,0.0
Female,Sense organ diseases,38,0.0,0.0,0.0
Female,Sense organ diseases,39,0.0,0.0,0.0
Female,Sense organ diseases,40,0.0,0.0,0.0
Female,Sense organ diseases,41,0.0,0.0,0.0
Female,Sense organ diseases,42,0.0,0.0,0.0
Female,Sense organ diseases,43,0.0,0.0,0.0
Female,Sense organ diseases,44,0.0,0.0,0.0
Female,Sense organ diseases,45,0.0,0.0,0.0
Female,Sense organ diseases,46,0.0,0.0,0.0
Female,Sense organ diseases,47,0.0,0.0,0.0
Female,Sense organ diseases,48,0.0,0.0,0.0
Female,Sense organ diseases,49,0.0,0.0,0.0
Female,Sense organ diseases,50,0.0,0.0,0.0
Female,Sense organ diseases,51,0.0,0.0,0.0
Female,Sense organ diseases,52,0.0,0.0,0.0
Female,Sense organ diseases,53,0.0,0.0,0.0
Female,Sense organ diseases,54,0.0,0.0,0.0
Female,Sense organ diseases,55,0.0,0.0,0.0
Female,Sense organ diseases,56,0.0,0.0,0.0
Female,Sense organ diseases,57,0.0,0.0,0.0
Female,Sense organ diseases,58,0.0,0.0,0.0
Female,Sense organ diseases,59,0.0,0.0,0.0
Female,Sense organ diseases,60,0.0,0.0,0.0
Female,Sense organ diseases,61,0.0,0.0,0.0
Female,Sense organ diseases,62,0.0,0.0,0.0
Female,Sense organ diseases,63,0.0,0.0,0.0
Female,Sense organ diseases,64,0.0,0.0,0.0
Female,Sense organ diseases,65,0.0,0.0,0.0
Female,Sense organ diseases,66,0.0,0.0,0.0
Female,Sense organ diseases,67,0.0,0.0,0.0
Female,Sense organ diseases,68,0.0,0.0,0.0
Female,Sense organ diseases,69,0.0,0.0,0.0
Female,Sense organ diseases,70,0.0,0.0,0.0
Female,Sense organ diseases,71,0.0,0.0,0.0
Female,Sense organ diseases,72,0.0,0.0,0.0
Female,Sense organ diseases,73,0.0,0.0,0.0
Female,Sense organ diseases,74,0.0,0.0,0.0
Female,Sense organ diseases,75,0.0,0.0,0.0
Female,Sense organ diseases,76,0.0,0.0,0.0
Female,Sense organ diseases,77,0.0,0.0,0.0
Female,Sense organ diseases,78,0.0,0.0,0.0
Female,Sense organ diseases,79,0.0,0.0,0.0
Female,Sense organ diseases,80,0.0,0.0,0.0
Female,Sense organ diseases,81,0.0,0.0,0.0
Female,Sense organ diseases,82,0.0,0.0,0.0
Female,Sense organ diseases,83,0.0,0.0,0.0
Female,Sense organ diseases,84,0.0,0.0,0.0
Female,Sense organ diseases,85,0.0,0.0,0.0
Female,Sense organ diseases,86,0.0,0.0,0.0
Female,Sense organ diseases,87,0.0,0.0,0.0
Female,Sense organ diseases,88,0.0,0.0,0.0
Female,Sense organ diseases,89,0.0,0.0,0.0
Female,Sense organ diseases,90,0.0,0.0,0.0
Female,Sense organ diseases,91,0.0,0.0,0.0
Female,Sense organ diseases,92,0.0,0.0,0.0
Female,Sense organ diseases,93,0.0,0.0,0.0
Female,Sense organ diseases,94,0.0,0.0,0.0
Female,Sense organ diseases,95,0.0,0.0,0.0
Female,Sense organ diseases,96,0.0,0.0,0.0
Female,Sense organ diseases,97,0.0,0.0,0.0
Female,Sense organ diseases,98,0.0,0.0,0.0
Female,Sense organ diseases,99,0.0,0.0,0.0
Female,Sense organ diseases,100,0.0,0.0,0.0
Female,Skin and subcutaneous diseases,0,21660.40766656221,23568.98656391762,20082.70703480337
Female,Skin and subcutaneous diseases,1,21712.291654409786,24355.95434593898,19611.161418145944
Female,Skin and subcutaneous diseases,2,21950.377113358216,25815.499663391674,18966.278953260484
Female,Skin and subcutaneous diseases,3,22295.46013942578,27032.17160600384,18744.51603647036
Female,Skin and subcutaneous diseases,4,22816.408841641613,27963.933562874325,19049.85591458882
Female,Skin and subcutaneous diseases,5,23577.979616500816,28734.727277002345,19816.602946169813
Female,Skin and subcutaneous diseases,6,24487.494002540065,29485.096623973877,20820.848227051734
Female,Skin and subcutaneous diseases,7,25452.273538296024,30355.58547937487,21838.68285307298
Female,Skin and subcutaneous diseases,8,26718.73401531352,31608.54038297673,23031.89839013887
Female,Skin and subcutaneous diseases,9,28349.254483009547,33182.890116095456,24530.210188879813
Female,Skin and subcutaneous diseases,10,29975.10136672903,34734.05191663387,26061.595022221893
Female,Skin and subcutaneous diseases,11,31227.54109181689,35917.44302249484,27354.02966309117
Female,Skin and subcutaneous diseases,12,31737.84008361806,36388.480671581194,28135.4908844137
Female,Skin and subcutaneous diseases,13,31750.231048300036,36162.37225777258,28506.09976314037
Female,Skin and subcutaneous diseases,14,31757.074459957454,35623.190655613565,28777.582352494443
Female,Skin and subcutaneous diseases,15,31761.828395825905,34979.65132400443,28995.322889810537
Female,Skin and subcutaneous diseases,16,31767.950933141,34440.469721845424,29204.70561242329
Female,Skin and subcutaneous diseases,17,31778.90014913834,34214.36130803681,29451.11475766734
Female,Skin and subcutaneous diseases,18,31843.458110183423,34284.7250504387,29722.661635131528
Female,Skin and subcutaneous diseases,19,32001.125776039542,34485.000197710615,29982.06906381386
Female,Skin and subcutaneous diseases,20,32241.439564038967,34798.96262995194,30236.63854516268
Female,Skin and subcutaneous diseases,21,32553.935891513982,35210.38822726204,30493.671580626346
Female,Skin and subcutaneous diseases,22,32928.15117579687,35703.052869740306,30760.4696716532
Female,Skin and subcutaneous diseases,23,33353.62183421991,36260.7324374861,31044.334319691603
Female,Skin and subcutaneous diseases,24,33819.88428411538,36867.2028105988,31352.567026189892
Female,Skin and subcutaneous diseases,25,34316.47494281556,37506.2398691778,31692.469292596426
Female,Skin and subcutaneous diseases,26,34832.930227652745,38161.61949332245,32071.34262035955
Female,Skin and subcutaneous diseases,27,35358.78655595919,38817.11756313214,32496.48851092762
Female,Skin and subcutaneous diseases,28,36066.52640675006,39668.07299636443,33092.93129002964
Female,Skin and subcutaneous diseases,29,37018.956704709366,40783.88416372191,33891.29443759196
Female,Skin and subcutaneous diseases,30,38041.10053567272,41959.41612472141,34757.27818635889
Female,Skin and subcutaneous diseases,31,38957.98098547567,42989.53393887981,35556.58276907475
Female,Skin and subcutaneous diseases,32,39594.62113995384,43669.10266571399,36154.90841848385
Female,Skin and subcutaneous diseases,33,39993.691576002275,44050.58932112529,36576.578874091545
Female,Skin and subcutaneous diseases,34,40325.10470823653,44346.68228685564,36941.8611960448
Female,Skin and subcutaneous diseases,35,40604.74637907295,44592.57867118278,37260.370598050446
Female,Skin and subcutaneous diseases,36,40848.50243092785,44823.475582384446,37541.72229381525
Female,Skin and subcutaneous diseases,37,41072.25870621755,45074.57012873835,37795.53149704604
Female,Skin and subcutaneous diseases,38,41259.36714882827,45326.9401357562,38005.35261556126
Female,Skin and subcutaneous diseases,39,41405.52590911812,45557.21311654278,38171.753497866586
Female,Skin and subcutaneous diseases,40,41545.14013921126,45793.910710765515,38329.8695186996
Female,Skin and subcutaneous diseases,41,41712.61499123186,46065.5545580918,38514.83605279792
Female,Skin and subcutaneous diseases,42,41942.35561730407,46400.66629818903,38761.78847489913
Female,Skin and subcutaneous diseases,43,42301.70542749365,46833.69222384916,39116.382320007266
Female,Skin and subcutaneous diseases,44,42818.81202371116,47377.67981249477,39593.58116042465
Female,Skin and subcutaneous diseases,45,43469.286845847906,48029.05248073923,40182.4824268364
Female,Skin and subcutaneous diseases,46,44228.74133379526,48784.2336451959,40872.1835499276
Female,Skin and subcutaneous diseases,47,45072.786927444555,49639.64672247816,41651.7819603833
Female,Skin and subcutaneous diseases,48,46188.468452117,50752.88960431485,42752.546418782455
Female,Skin and subcutaneous diseases,49,47660.038366235734,52193.63078136936,44252.183999872366
Female,Skin and subcutaneous diseases,50,49308.91955934498,53826.39956865689,45909.449605590686
Female,Skin and subcutaneous diseases,51,50956.53492098899,55515.725281192645,47483.09813787505
Female,Skin and subcutaneous diseases,52,52424.307340711995,57126.137233991845,48731.88449866312
Female,Skin and subcutaneous diseases,53,53768.21754565926,58768.089737475624,49660.09228107378
Female,Skin and subcutaneous diseases,54,55113.01202020736,60532.11778408549,50465.38759512559
Female,Skin and subcutaneous diseases,55,56383.262289747465,62252.871711867134,51196.599118105696
Female,Skin and subcutaneous diseases,56,57503.53987967079,63765.00185886624,51902.55552730127
Female,Skin and subcutaneous diseases,57,58398.41631536851,64903.158563128534,52632.08549999947
Female,Skin and subcutaneous diseases,58,59029.05103898782,65647.31715181627,53325.04089593797
Female,Skin and subcutaneous diseases,59,59492.687377645525,66186.2284029756,53949.12042151695
Female,Skin and subcutaneous diseases,60,59918.02268418722,66667.70583097808,54594.923024017306
Female,Skin and subcutaneous diseases,61,60433.75431145847,67239.56295019524,55353.04765071997
Female,Skin and subcutaneous diseases,62,61168.579612304886,68049.61327499864,56314.09324890584
Female,Skin and subcutaneous diseases,63,62497.45782681882,69425.26307147798,57739.72763453421
Female,Skin and subcutaneous diseases,64,64535.76997250692,71441.99644518242,59703.15166787127
Female,Skin and subcutaneous diseases,65,67022.84606833622,73869.74366967271,62012.263862658314
Female,Skin and subcutaneous diseases,66,69698.0161332737,76478.4350185096,64474.96273263661
Female,Skin and subcutaneous diseases,67,72300.61018628642,79038.0007652538,66899.14679154746
Female,Skin and subcutaneous diseases,68,75233.1326906174,81940.49594775568,69646.94687068039
Female,Skin and subcutaneous diseases,69,78682.33903709946,85353.32814050645,72857.02118163412
Female,Skin and subcutaneous diseases,70,82063.93563608424,88709.45642202812,76002.0593086138
Female,Skin and subcutaneous diseases,71,84793.62889792335,91441.83987084268,78554.75083582448
Female,Skin and subcutaneous diseases,72,86287.12523296842,92983.43756547217,79987.78534747128
Female,Skin and subcutaneous diseases,73,86831.47472954182,93597.84550633038,80549.80637181166
Female,Skin and subcutaneous diseases,74,87180.9044851227,94005.64365574873,80917.3876705479
Female,Skin and subcutaneous diseases,75,87451.88642379786,94325.2670351258,81205.11417805226
Female,Skin and subcutaneous diseases,76,87760.89246965415,94675.15066586007,81527.570828697
Female,Skin and subcutaneous diseases,77,88224.39454677838,95173.72956935006,81999.34255685436
Female,Skin and subcutaneous diseases,78,88950.30077895851,95868.2716825682,82694.89061946842
Female,Skin and subcutaneous diseases,79,89936.5470632648,96725.92623408238,83598.25808549614
Female,Skin and subcutaneous diseases,80,91134.64698370751,97744.95018268429,84688.40260732919
Female,Skin and subcutaneous diseases,81,92496.11412429684,98923.60048716565,85944.28183735917
Female,Skin and subcutaneous diseases,82,93972.46206904307,100260.13410631818,87344.85342797774
Female,Skin and subcutaneous diseases,83,95953.40440639004,102168.71428994075,89393.61852118901
Female,Skin and subcutaneous diseases,84,98540.57616665315,104752.55545139546,92198.28451147811
Female,Skin and subcutaneous diseases,85,101253.37309665,107543.49129481876,95144.11842995817
Female,Skin and subcutaneous diseases,86,103611.19094319823,110073.35552434715,97616.38730774235
Female,Skin and subcutaneous diseases,87,105133.42545311547,111873.98184411712,99000.35817594372
Female,Skin and subcutaneous diseases,88,105982.23707315967,113039.04739985763,99582.65194549477
Female,Skin and subcutaneous diseases,89,106666.52302572588,114009.90868483926,100058.8470264784
Female,Skin and subcutaneous diseases,90,107225.78422108732,114839.91842451096,100427.64669873349
Female,Skin and subcutaneous diseases,91,107699.52156951721,115582.42934432162,100687.75424209893
Female,Skin and subcutaneous diseases,92,108127.23598128882,116290.7941697202,100837.8729364136
Female,Skin and subcutaneous diseases,93,108532.43058047208,116981.0961474318,100926.73665090554
Female,Skin and subcutaneous diseases,94,108905.55937264912,117629.2548271989,101001.70318861495
Female,Skin and subcutaneous diseases,95,109236.54959036136,118228.37738899647,101059.41173009876
Female,Skin and subcutaneous diseases,96,109515.32846615025,118771.57101279942,101096.50145591392
Female,Skin and subcutaneous diseases,97,109731.82323255728,119251.94287858272,101109.61154661744
Female,Skin and subcutaneous diseases,98,109731.82323255728,119251.94287858272,101109.61154661744
Female,Skin and subcutaneous diseases,99,109731.82323255728,119251.94287858272,101109.61154661744
Female,Skin and subcutaneous diseases,100,109731.82323255728,119251.94287858272,101109.61154661744
Female,Substance use disorders,0,82.08528693479,105.92439153332,62.74003377598
Female,Substance use disorders,1,59.0003785475906,76.13519342210324,45.095605815596706
Female,Substance use disorders,2,17.98299209156016,23.20558977591503,13.744893553383925
Female,Substance use disorders,3,0.0,0.0,0.0
Female,Substance use disorders,4,0.0,0.0,0.0
Female,Substance use disorders,5,0.0,0.0,0.0
Female,Substance use disorders,6,0.0,0.0,0.0
Female,Substance use disorders,7,0.0,0.0,0.0
Female,Substance use disorders,8,26.435838595878348,41.9673786279546,15.370463353753493
Female,Substance use disorders,9,98.89622492258744,155.31027866280303,58.214084880749674
Female,Substance use disorders,10,207.11046478873837,321.1898463310222,123.6292117795921
Female,Substance use disorders,11,340.80786400294215,520.7672278590888,206.71419124888436
Female,Substance use disorders,12,489.7177283738099,735.20356947348,302.56737048723
Female,Substance use disorders,13,749.7681244066245,1059.0979674567461,506.8164672308605
Female,Substance use disorders,14,1156.2341946425022,1528.9524349856367,854.2066666950112
Female,Substance use disorders,15,1607.8658589438044,2038.782493627929,1248.5125172967919
Female,Substance use disorders,16,2003.4130371728932,2482.6036649513976,1593.5085674533118
Female,Substance use disorders,17,2241.62564919213,2754.4314705238203,1792.96936558168
Female,Substance use disorders,18,2363.0747445108686,2899.958335634971,1883.9056511002295
Female,Substance use disorders,19,2475.2761237129653,3034.804704514403,1967.178703050775
Female,Substance use disorders,20,2577.396833272537,3157.8781271395587,2042.3388792856513
Female,Substance use disorders,21,2668.6039196637,3268.0861534878795,2108.9365376571927
Female,Substance use disorders,22,2748.0644293605706,3364.336333536809,2166.5220360177336
Female,Substance use disorders,23,2814.9454088372645,3445.5362172637892,2214.645732219608
Female,Substance use disorders,24,2868.413904567898,3510.5933546462634,2252.85798411515
Female,Substance use disorders,25,2907.6369630265876,3558.415295661673,2280.7091495566956
Female,Substance use disorders,26,2931.7816306874497,3587.9095902874606,2297.749586396577
Female,Substance use disorders,27,2940.0149540246,3597.9837885010697,2303.52965248713
Female,Substance use disorders,28,2933.312054397272,3593.260967098416,2298.3556239470886
Female,Substance use disorders,29,2915.0932637011083,3580.102978083041,2284.504211242225
Female,Substance use disorders,30,2888.19344421484,3560.025534243817,2264.481423745431
Female,Substance use disorders,31,2855.447458217197,3534.5443483696217,2240.7932708295994
Female,Substance use disorders,32,2819.6901679869097,3505.1751332493304,2215.94576186762
Female,Substance use disorders,33,2770.1823292188383,3452.7826489007844,2187.396858920076
Female,Substance use disorders,34,2699.949790301763,3366.857781901829,2151.5583230779675
Female,Substance use disorders,35,2617.475052555298,3261.855434881349,2109.366862259816
Female,Substance use disorders,36,2531.240617299056,3152.230510468225,2061.7591843841433
Female,Substance use disorders,37,2449.7289858526497,3052.43791129134,2009.67199736947
Female,Substance use disorders,38,2372.971482537712,2964.156540639257,1945.5092995848145
Female,Substance use disorders,39,2295.2827907393653,2877.748744775416,1866.361059724457
Female,Substance use disorders,40,2216.570450372462,2790.6945907910135,1780.192941194811
Female,Substance use disorders,41,2136.7420013518495,2700.474145777246,1694.9706074022906
Female,Substance use disorders,42,2055.70498359238,2604.56747682531,1618.65972175331
Female,Substance use disorders,43,1972.1503357793174,2498.2806874444063,1552.7348428280834
Female,Substance use disorders,44,1886.0963911128044,2382.789380583842,1491.5137822463728
Female,Substance use disorders,45,1799.4417812800064,2264.3778724949775,1432.2270829739111
Female,Substance use disorders,46,1714.0851379680896,2149.3304794291703,1372.1052879764325
Female,Substance use disorders,47,1631.9250928642198,2043.93151763778,1308.37894021967
Female,Substance use disorders,48,1552.945064929191,1949.3208852279556,1238.1408780590693
Female,Substance use disorders,49,1475.775257812336,1860.7167186457937,1163.1033701309661
Female,Substance use disorders,50,1400.2844802336294,1775.5206916510729,1087.426104822429
Female,Substance use disorders,51,1326.3415409130462,1691.134478003572,1015.2687705205273
Female,Substance use disorders,52,1253.81524857056,1604.9597514630702,950.79105561233
Female,Substance use disorders,53,1181.6291649040438,1513.9743069323845,894.6389201097941
Female,Substance use disorders,54,1109.7995024494294,1419.9102715159106,843.3209110674205
Female,Substance use disorders,55,1039.834046183781,1327.300817275796,794.7905974360937
Female,Substance use disorders,56,973.2405810841632,1240.6791162741868,747.0015481666987
Female,Substance use disorders,57,911.52689212764,1164.57834057323,697.90733221012
Female,Substance use disorders,58,853.7424128544291,1098.7893130253576,643.6083299305576
Female,Substance use disorders,59,798.4016735513701,1038.973910248693,585.4686564276551
Female,Substance use disorders,60,746.2101043154605,983.4718849539184,529.3374827554628
Female,Substance use disorders,61,697.8731352436978,930.6229898517164,481.06397996803105
Female,Substance use disorders,62,654.09619643308,878.7669776527699,446.49731911941
Female,Substance use disorders,63,614.0886265803884,826.4291049421118,424.04420067625864
Female,Substance use disorders,64,576.7025394091722,774.5396013159535,406.59045937521773
Female,Substance use disorders,65,542.10752755658,725.0456790017453,391.70396767531054
Female,Substance use disorders,66,510.4731836597597,679.8945502269372,376.95259803556024
Female,Substance use disorders,67,481.9691003558599,641.03342721898,359.90422291499
Female,Substance use disorders,68,455.4292004571627,606.8794962192615,337.8869419815089
Female,Substance use disorders,69,430.1981400794559,575.0967923378602,312.4491684557182
Female,Substance use disorders,70,407.2116118151468,546.5028011052622,287.48924512567913
Female,Substance use disorders,71,387.4053082566424,521.9150080519535,266.90551477945263
Female,Substance use disorders,72,371.71492199635,502.15089870842,254.5963202051
Female,Substance use disorders,73,358.9457615291615,485.9798952409657,248.51484287403792
Female,Substance use disorders,74,347.4835781248569,471.66740009963496,243.77762924162687
Female,Substance use disorders,75,337.63472853817564,459.27486924052545,240.02806957184384
Female,Substance use disorders,76,329.705569523857,448.86375861973454,236.9095541286659
Female,Substance use disorders,77,324.00245783664,440.49552419336,234.06547317607
Female,Substance use disorders,78,319.60452155331075,433.09683814894225,231.1369049942933
Female,Substance use disorders,79,315.60742881474744,426.0487904273912,228.23984179490864
Female,Substance use disorders,80,312.342346471829,420.094463614858,225.73004473889628
Female,Substance use disorders,81,310.1404413754336,415.97694029749385,223.96327498723664
Female,Substance use disorders,82,309.33288037643996,414.43930306145,223.29529370091
Female,Substance use disorders,83,310.50850098199743,418.5190281709603,223.509099456191
Female,Substance use disorders,84,313.59962857180074,428.80683929845503,224.05470803452255
Female,Substance use disorders,85,317.95266180554637,442.3756901423795,224.7884064046376
Female,Substance use disorders,86,322.9139993429306,456.2985344011794,225.56648153526913
Female,Substance use disorders,87,327.83003984365,467.6483257733,226.24522039515
Female,Substance use disorders,88,332.9484358002946,475.57526140147564,226.9149226161011
Female,Substance use disorders,89,338.8448610543833,482.1099314603771,227.67144883851552
Female,Substance use disorders,90,345.3577462890057,488.64587919635477,228.3794275439843
Female,Substance use disorders,91,352.32552218725135,496.57664785575895,228.90348721409876
Female,Substance use disorders,92,359.58661943221,507.29578068494,229.10825633045
Female,Substance use disorders,93,367.24627787244884,524.4909902056535,227.98140895724143
Female,Substance use disorders,94,375.48738170631344,549.8673279596818,224.8901028192719
Female,Substance use disorders,95,384.26482814156054,581.8443457234154,220.26819188902564
Female,Substance use disorders,96,393.5335143859471,618.8415952732446,214.54953013898694
Female,Substance use disorders,97,403.24833764723,659.2786283855601,208.16797154164
Female,Substance use disorders,98,403.24833764723,659.2786283855601,208.16797154164
Female,Substance use disorders,99,403.24833764723,659.2786283855601,208.16797154164
Female,Substance use disorders,100,403.24833764723,659.2786283855601,208.16797154164
Male,Cardiovascular diseases,0,38.22560634371,47.83810823101,30.601668626579997
Male,Cardiovascular diseases,1,37.03404742302272,46.71810413106469,29.34307441812865
Male,Cardiovascular diseases,2,34.638489392698084,44.405514794322436,26.88850003234378
Male,Cardiovascular diseases,3,32.22315579304,41.98453141032,24.54235050757
Male,Cardiovascular diseases,4,29.322651112507916,38.92493969473147,21.923629080558133
Male,Cardiovascular diseases,5,26.095986713340928,35.417614433383804,19.128991630863343
Male,Cardiovascular diseases,6,23.47594652532847,32.53024619375674,16.904844506116877
Male,Cardiovascular diseases,7,22.39531447826,31.33052554333,15.99759405395
Male,Cardiovascular diseases,8,22.489577821008066,31.45744232206828,16.070788918715856
Male,Cardiovascular diseases,9,22.758454230537794,31.818786680208852,16.279076757298764
Male,Cardiovascular diseases,10,23.18107327877749,32.38544965064028,16.605512436126745
Male,Cardiovascular diseases,11,23.73656453765546,33.12832226625113,17.033150821627817
Male,Cardiovascular diseases,12,24.4040575791,34.01829555993,17.54504678023
Male,Cardiovascular diseases,13,26.07668118124581,36.23432389110957,18.734652029961037
Male,Cardiovascular diseases,14,29.22415240561071,40.36727562813503,20.93656428075862
Male,Cardiovascular diseases,15,33.190483249197705,45.50591281726371,23.74555738691569
Male,Cardiovascular diseases,16,37.3196857090098,50.73899750475292,26.756405202725173
Male,Cardiovascular diseases,17,40.95577178205,55.15529173686,29.56388158248
Male,Cardiovascular diseases,18,43.93274951350708,58.58521022142184,32.030532171456
Male,Cardiovascular diseases,19,46.601073578927725,61.56648330018948,34.346166429106546
Male,Cardiovascular diseases,20,49.079425920851754,64.24884647029141,36.596453930990954
Male,Cardiovascular diseases,21,51.48648848181898,66.78203522885617,38.8670642526685
Male,Cardiovascular diseases,22,53.94094320436924,69.31578507301224,41.243666969698474
Male,Cardiovascular diseases,23,56.56147203104237,71.99983149988812,43.81193165764017
Male,Cardiovascular diseases,24,59.46675690437818,74.98391000661233,46.65752789205288
Male,Cardiovascular diseases,25,62.775479766916504,78.41775609031338,49.86612524849589
Male,Cardiovascular diseases,26,66.60632256119717,82.45110524811979,53.523393302528504
Male,Cardiovascular diseases,27,71.07796722976,87.23369297716,57.715001629709995
Male,Cardiovascular diseases,28,77.14279824087848,93.77757636690713,63.37227224948072
Male,Cardiovascular diseases,29,85.34435528551917,102.69382449274576,71.01216694020334
Male,Cardiovascular diseases,30,95.18805314026163,113.53069083067183,80.0988149158206
Male,Cardiovascular diseases,31,106.17930658168538,125.83642885668128,90.09634539027523
Male,Cardiovascular diseases,32,117.82353038637,139.15929204677,100.46888757751
Male,Cardiovascular diseases,33,130.0802218157314,154.07266191566356,110.88450881547449
Male,Cardiovascular diseases,34,143.62937794108433,171.49055023782876,121.89993275859177
Male,Cardiovascular diseases,35,159.0571632538566,191.4721558788731,134.3122730955148
Male,Cardiovascular diseases,36,176.9497422454759,214.0766777044043,148.91864351489656
Male,Cardiovascular diseases,37,197.89327940737,239.36331458003,166.51615770539
Male,Cardiovascular diseases,38,225.66713103082515,269.47052408989805,191.87260411074922
Male,Cardiovascular diseases,39,261.769924073719,305.6584346445643,226.59899354394133
Male,Cardiovascular diseases,40,303.3667290273662,346.6687513492486,266.7572732474389
Male,Cardiovascular diseases,41,347.62261638308166,391.24317930917067,308.4093904637143
Male,Cardiovascular diseases,42,391.70265663218,438.12342362955,347.61729243524
Male,Cardiovascular diseases,43,434.5052598351772,488.03265120765997,382.3313957399983
Male,Cardiovascular diseases,44,478.13343351324204,542.5849612624849,415.179362630615
Male,Cardiovascular diseases,45,524.5591443486684,601.858457381812,449.2390088615287
Male,Cardiovascular diseases,46,575.7543590237497,665.931243153428,487.5881501871776
Male,Cardiovascular diseases,47,633.69104422078,734.8814221651201,533.304602362
Male,Cardiovascular diseases,48,702.025920429007,808.4859400508294,592.9003078689886
Male,Cardiovascular diseases,49,781.5581763402892,887.9236748757675,667.2851468436866
Male,Cardiovascular diseases,50,869.9734809408358,975.3756288746258,751.1338415193571
Male,Cardiovascular diseases,51,964.9575032168561,1073.022804282096,839.1211141292638
Male,Cardiovascular diseases,52,1064.19591215456,1183.0462033328702,925.92168690667
Male,Cardiovascular diseases,53,1167.017990204,1315.8206620310148,1007.1102507321143
Male,Cardiovascular diseases,54,1276.1399742325293,1474.6771905807946,1086.4293093740375
Male,Cardiovascular diseases,55,1394.3279648523064,1651.2310525171993,1170.8053043975553
Male,Cardiovascular diseases,56,1524.3480626754902,1837.0975113752181,1267.1646773677842
Male,Cardiovascular diseases,57,1668.96636831424,2023.89183068984,1382.43386984984
Male,Cardiovascular diseases,58,1836.2517620481524,2207.2745378589557,1536.203909453495
Male,Cardiovascular diseases,59,2028.9259792143991,2393.5347203842766,1733.0464591296204
Male,Cardiovascular diseases,60,2241.734403011504,2590.230481956525,1957.3589134549788
Male,Cardiovascular diseases,61,2469.42241663799,2804.919926266422,2193.5386670063344
Male,Cardiovascular diseases,62,2706.73540329238,3045.16115700469,2425.9831143604497
Male,Cardiovascular diseases,63,2970.7715941391484,3344.0499739634142,2663.0140156375346
Male,Cardiovascular diseases,64,3267.4999013452684,3703.4245100003045,2915.61163864031
Male,Cardiovascular diseases,65,3574.9717296130084,4083.9563684045156,3172.161139469308
Male,Cardiovascular diseases,66,3871.2384836446395,4446.3171524652025,3421.047674225061
Male,Cardiovascular diseases,67,4134.351568142431,4751.17846547152,3650.656399008101
Male,Cardiovascular diseases,68,4367.5609332709455,4995.185331486004,3875.1772959699956
Male,Cardiovascular diseases,69,4588.083441192036,5210.389186132482,4103.568537698748
Male,Cardiovascular diseases,70,4794.920864603907,5410.571250042051,4316.367565949538
Male,Cardiovascular diseases,71,4987.074976204759,5609.512743845808,4494.111822477549
Male,Cardiovascular diseases,72,5163.5475486928,5820.99488817485,4617.33874903796
Male,Cardiovascular diseases,73,5317.922331386326,6047.21703049935,4690.322526039689
Male,Cardiovascular diseases,74,5453.180966029499,6279.128422207365,4740.555413537253
Male,Cardiovascular diseases,75,5582.422063959325,6513.63513980681,4783.401972754223
Male,Cardiovascular diseases,76,5718.744236512802,6747.643259805605,4834.226764914174
Male,Cardiovascular diseases,77,5875.24609502693,6978.058858711669,4908.39435124068
Male,Cardiovascular diseases,78,6057.329235485441,7190.999409763718,5045.642519185795
Male,Cardiovascular diseases,79,6259.14197577689,7388.552403590511,5252.577386479547
Male,Cardiovascular diseases,80,6476.903010095517,7591.578942785033,5494.866009762473
Male,Cardiovascular diseases,81,6706.831032635557,7820.940129940265,5738.175445675111
Male,Cardiovascular diseases,82,6945.144737591249,8097.497067649189,5948.172750858001
Male,Cardiovascular diseases,83,7197.038393052836,8497.44116369411,6116.305634770245
Male,Cardiovascular diseases,84,7466.625590428522,9026.55897408892,6266.623438802659
Male,Cardiovascular diseases,85,7748.504008889482,9600.104323773994,6413.695667493348
Male,Cardiovascular diseases,86,8037.271327606898,10133.331037689702,6572.091825380413
Male,Cardiovascular diseases,87,8327.52522575195,10541.49294077641,6756.38141700196
Male,Cardiovascular diseases,88,8618.842857371936,10813.796696888725,6991.755857308931
Male,Cardiovascular diseases,89,8915.0711579831,11024.542534772407,7273.902855376741
Male,Cardiovascular diseases,90,9217.212478960051,11216.624626704586,7573.136356930197
Male,Cardiovascular diseases,91,9526.269171677379,11432.937144962383,7859.770307694104
Male,Cardiovascular diseases,92,9843.243587509687,11716.37426182292,8104.1186533932705
Male,Cardiovascular diseases,93,10168.781094652095,12104.407054103049,8311.61772106962
Male,Cardiovascular diseases,94,10502.67443613709,12595.204461820527,8505.941304317514
Male,Cardiovascular diseases,95,10844.647025595343,13172.707452053854,8684.759548690414
Male,Cardiovascular diseases,96,11194.422276657515,13820.85699188152,8845.742599741778
Male,Cardiovascular diseases,97,11551.72360295427,14523.594048382018,8986.560603025071
Male,Cardiovascular diseases,98,11551.72360295427,14523.594048382018,8986.560603025071
Male,Cardiovascular diseases,99,11551.72360295427,14523.594048382018,8986.560603025071
Male,Cardiovascular diseases,100,11551.72360295427,14523.594048382018,8986.560603025071
Male,Chronic respiratory diseases,0,0.0,0.0,0.0
Male,Chronic respiratory diseases,1,1078.4540205829674,1664.3484685126523,597.9545469798205
Male,Chronic respiratory diseases,2,2854.6959678841167,4420.456737890829,1576.139593057698
Male,Chronic respiratory diseases,3,3589.2200920120904,5565.2550640462105,1978.37488214532
Male,Chronic respiratory diseases,4,3283.273636947411,5131.246131099432,1790.1924134206713
Male,Chronic respiratory diseases,5,2586.339209509952,4139.156747748231,1363.956936043261
Male,Chronic respiratory diseases,6,1829.7742163345793,3053.893037226312,907.1363432078958
Male,Chronic respiratory diseases,7,1344.93606405616,2340.36112276738,627.19852810938
Male,Chronic respiratory diseases,8,1126.6341371111369,1999.5324508781412,516.5996611398383
Male,Chronic respiratory diseases,9,946.7934736632844,1717.9077560071712,427.705617718276
Male,Chronic respiratory diseases,10,802.4449609384677,1488.6870933009782,357.84884857982166
Male,Chronic respiratory diseases,11,690.6194861625513,1305.070517906069,304.36180445960355
Male,Chronic respiratory diseases,12,608.3479365614,1160.25808496895,264.57693609275003
Male,Chronic respiratory diseases,13,543.0348435017856,1037.6142069546886,231.46208281124564
Male,Chronic respiratory diseases,14,485.66749838847585,928.037389174652,201.40910308420308
Male,Chronic respiratory diseases,15,438.65092850433035,836.0288260447971,176.8864763524427
Male,Chronic respiratory diseases,16,404.39016113220856,766.0897119810809,160.3626820567849
Male,Chronic respiratory diseases,17,385.29022355497,722.72124139946,154.30619963805
Male,Chronic respiratory diseases,18,375.06954967539104,695.5429706301903,154.8001744140422
Male,Chronic respiratory diseases,19,365.8542845333927,671.1300270878547,156.18755719139048
Male,Chronic respiratory diseases,20,357.6610221175507,649.4169618149025,158.32653564415253
Male,Chronic respiratory diseases,21,350.50635641644124,630.3383258537823,161.07529744638586
Male,Chronic respiratory diseases,22,344.4068814186402,613.8286702469429,164.29203027214817
Male,Chronic respiratory diseases,23,339.3791911127235,599.8225460368334,167.834921795497
Male,Chronic respiratory diseases,24,335.43987948726715,588.2545042659025,171.56215969049
Male,Chronic respiratory diseases,25,332.60554053084724,579.059095976599,175.33193163118474
Male,Chronic respiratory diseases,26,330.8927682320395,572.1708722113718,179.0024252916389
Male,Chronic respiratory diseases,27,330.31815657942,567.52438401267,182.43182834591
Male,Chronic respiratory diseases,28,331.84297539369146,564.1133263894602,185.98932519982924
Male,Chronic respiratory diseases,29,335.7262583678932,561.1094051811068,189.9382444352056
Male,Chronic respiratory diseases,30,340.93124529910614,558.7141876756555,193.9779899900633
Male,Chronic respiratory diseases,31,346.42117598441143,557.1292411611513,197.80796580242668
Male,Chronic respiratory diseases,32,351.15929022089,556.55613292564,201.12757581032
Male,Chronic respiratory diseases,33,354.6770051326427,559.6024428182529,203.60653759069277
Male,Chronic respiratory diseases,34,357.66762249396317,567.8345095420964,205.49846015171426
Male,Chronic respiratory diseases,35,360.83720907722125,579.8920386661774,207.3785845782384
Male,Chronic respiratory diseases,36,364.89183165478687,594.4147357595031,209.82215195511898
Male,Chronic respiratory diseases,37,370.53755699903,610.04230639108,213.40440336721
Male,Chronic respiratory diseases,38,382.77045697251134,630.6640051369868,221.9791863897889
Male,Chronic respiratory diseases,39,404.03995441812657,658.9717865999212,237.6758787835418
Male,Chronic respiratory diseases,40,431.2321425787481,691.8094063888204,258.4830169114352
Male,Chronic respiratory diseases,41,461.2331146972484,726.020620112621,282.38913713643575
Male,Chronic respiratory diseases,42,490.9289640165,758.44918338026,307.38277582151
Male,Chronic respiratory diseases,43,524.4659259838397,791.7106636455457,339.1194666782466
Male,Chronic respiratory diseases,44,564.3188681352204,827.9181728386999,380.09889748971875
Male,Chronic respiratory diseases,45,604.8668318464396,863.161783283279,423.5758357261195
Male,Chronic respiratory diseases,46,640.4888584932937,893.53156730284,462.80504885764225
Male,Chronic respiratory diseases,47,665.5639894515799,915.11759722094,491.04130435448
Male,Chronic respiratory diseases,48,683.1397825598011,929.775828802632,511.5444881729831
Male,Chronic respiratory diseases,49,699.1895209778663,942.1522051055057,530.8030282231782
Male,Chronic respiratory diseases,50,712.4808340636808,952.5217793919226,546.9145049057737
Male,Chronic respiratory diseases,51,721.7813511751502,961.1596049242435,557.9764986214781
Male,Chronic respiratory diseases,52,725.85870167018,968.34073496483,562.086589771
Male,Chronic respiratory diseases,53,726.6450261940723,973.5284498509186,561.4741890692871
Male,Chronic respiratory diseases,54,727.0620264004306,976.9954420535321,560.0138489344336
Male,Chronic respiratory diseases,55,727.361673159613,980.2308830357102,558.2708623218664
Male,Chronic respiratory diseases,56,727.7959373419768,984.7239442604928,556.8105221870128
Male,Chronic respiratory diseases,57,728.61678981788,991.96379719092,556.1981214853
Male,Chronic respiratory diseases,58,771.5816595917182,1041.7709059995627,592.9528083998033
Male,Chronic respiratory diseases,59,879.9563079360466,1155.8018118939563,687.3587099023416
Male,Chronic respiratory diseases,60,1026.2552041234608,1308.299801889589,815.6285871314572
Male,Chronic respiratory diseases,61,1182.9928174265565,1473.5081630019477,953.9752012256926
Male,Chronic respiratory diseases,62,1322.68361711793,1625.6701822465195,1078.61131332359
Male,Chronic respiratory diseases,63,1453.832888803501,1777.7370370694523,1202.1861530472215
Male,Chronic respiratory diseases,64,1594.7995728214883,1947.24519802139,1340.6742218074248
Male,Chronic respiratory diseases,65,1732.8786205429374,2115.3158917745654,1475.2761884258907
Male,Chronic respiratory diseases,66,1855.3649833388927,2263.070345001211,1587.192721724309
Male,Chronic respiratory diseases,67,1949.5536125804,2371.62978437356,1657.62449052437
Male,Chronic respiratory diseases,68,2024.0970547845557,2454.269076040298,1697.550475780078
Male,Chronic respiratory diseases,69,2093.0834174888323,2531.7798984418205,1730.6391906046215
Male,Chronic respiratory diseases,70,2151.960993594839,2596.5586966879227,1757.125602058468
Male,Chronic respiratory diseases,71,2196.178076004185,2641.001915888401,1777.2446772020849
Male,Chronic respiratory diseases,72,2221.18295761848,2657.50600115305,1791.23138309594
Male,Chronic respiratory diseases,73,2234.205009529297,2657.4390172944445,1801.8713999859558
Male,Chronic respiratory diseases,74,2245.1827444146807,2657.2396180967917,1811.3377279465851
Male,Chronic respiratory diseases,75,2253.6281675559458,2656.910132127338,1818.9463137810906
Male,Chronic respiratory diseases,76,2259.053284234408,2656.452887953329,1824.0131042927349
Male,Chronic respiratory diseases,77,2260.9700997313803,2655.8702141420104,1825.85404628478
Male,Chronic respiratory diseases,78,2243.872738059182,2647.2100430301634,1805.603634360485
Male,Chronic respiratory diseases,79,2200.478884399189,2626.316053091687,1754.7528984868866
Male,Chronic respiratory diseases,80,2142.6358857863033,2598.884192099504,1688.1525885129147
Male,Chronic respiratory diseases,81,2082.1910892554265,2570.6104078265375,1620.6534542874995
Male,Chronic respiratory diseases,82,2030.99184184146,2547.19064804571,1567.1062456595705
Male,Chronic respiratory diseases,83,1985.9958401844372,2529.194200004212,1526.2046663272877
Male,Chronic respiratory diseases,84,1939.2129201866003,2512.709247769185,1487.3850559305793
Male,Chronic respiratory diseases,85,1895.0686377761663,2496.71008434348,1451.612118231028
Male,Chronic respiratory diseases,86,1857.9885488813507,2480.171002729948,1419.8505569902175
Male,Chronic respiratory diseases,87,1832.39820943037,2462.06629593144,1393.0650759697298
Male,Chronic respiratory diseases,88,1814.4281555258501,2438.2727515096285,1371.2628723299756
Male,Chronic respiratory diseases,89,1798.142738760424,2409.3430016114276,1352.7724271073378
Male,Chronic respiratory diseases,90,1784.8682382973166,2381.265106117547,1336.040369877359
Male,Chronic respiratory diseases,91,1775.9309332997534,2360.0271249086973,1319.513330215582
Male,Chronic respiratory diseases,92,1772.65710293096,2351.61711786559,1301.63793769755
Male,Chronic respiratory diseases,93,1775.4517260489158,2370.244980111381,1282.3946308948043
Male,Chronic respiratory diseases,94,1783.719887157646,2422.068596813566,1262.8050176414185
Male,Chronic respiratory diseases,95,1797.2880238894456,2500.9980129193636,1242.8774814067312
Male,Chronic respiratory diseases,96,1815.9825738766087,2600.943273375992,1222.6204056600823
Male,Chronic respiratory diseases,97,1839.62997475143,2715.81442313067,1202.04217387081
Male,Chronic respiratory diseases,98,1839.62997475143,2715.81442313067,1202.04217387081
Male,Chronic respiratory diseases,99,1839.62997475143,2715.81442313067,1202.04217387081
Male,Chronic respiratory diseases,100,1839.62997475143,2715.81442313067,1202.04217387081
Male,"Communicable, maternal, neonatal, and nutritional diseases",0,805335.3692950562,897753.9335329462,687622.1274144115
Male,"Communicable, maternal, neonatal, and nutritional diseases",1,785936.154792489,894308.5381260758,660689.7878594
Male,"Communicable, maternal, neonatal, and nutritional diseases",2,746803.419862485,880050.9329595179,610049.614331712
Male,"Communicable, maternal, neonatal, and nutritional diseases",3,707143.7280829208,859716.3728574734,565808.3986063875
Male,"Communicable, maternal, neonatal, and nutritional diseases",4,663382.5728190604,824638.6134896154,525857.8514128537
Male,"Communicable, maternal, neonatal, and nutritional diseases",5,616810.2686157703,773149.4215207692,488346.20179310284
Male,"Communicable, maternal, neonatal, and nutritional diseases",6,574626.5885027723,720240.3704855876,456177.767647082
Male,"Communicable, maternal, neonatal, and nutritional diseases",7,544031.3055097886,680903.0339187229,432256.8668747388
Male,"Communicable, maternal, neonatal, and nutritional diseases",8,522867.842787227,654062.851357089,414056.8696982452
Male,"Communicable, maternal, neonatal, and nutritional diseases",9,504405.97447860887,629547.8740230147,397689.22972162004
Male,"Communicable, maternal, neonatal, and nutritional diseases",10,488985.0001033259,608703.5929792756,384015.38991758024
Male,"Communicable, maternal, neonatal, and nutritional diseases",11,476944.2191807698,592875.4992886473,373896.7932588431
Male,"Communicable, maternal, neonatal, and nutritional diseases",12,468622.9312303327,583409.0840139049,368194.8827181259
Male,"Communicable, maternal, neonatal, and nutritional diseases",13,463044.0540122523,578498.4075340551,365507.8797954077
Male,"Communicable, maternal, neonatal, and nutritional diseases",14,458700.3522469946,574995.0943079577,363615.0754806468
Male,"Communicable, maternal, neonatal, and nutritional diseases",15,455135.89589429414,572230.981518169,362149.5169815285
Male,"Communicable, maternal, neonatal, and nutritional diseases",16,451894.7549138851,569537.9063472451,360744.251505738
Male,"Communicable, maternal, neonatal, and nutritional diseases",17,448520.99926550186,566247.7059777416,359032.3262609608
Male,"Communicable, maternal, neonatal, and nutritional diseases",18,445167.6522109409,562511.188869311,357147.7037576606
Male,"Communicable, maternal, neonatal, and nutritional diseases",19,442204.36756378564,558864.1435032971,355412.77742528886
Male,"Communicable, maternal, neonatal, and nutritional diseases",20,439500.161111451,555215.8770947927,353743.2408500122
Male,"Communicable, maternal, neonatal, and nutritional diseases",21,436924.0486413518,551475.6968588913,352054.7876179976
Male,"Communicable, maternal, neonatal, and nutritional diseases",22,434345.0459409029,547552.9100106857,350263.1113154118
Male,"Communicable, maternal, neonatal, and nutritional diseases",23,431632.1687975193,543356.8237652694,348283.9055284216
Male,"Communicable, maternal, neonatal, and nutritional diseases",24,428654.4329986158,538796.745337735,346032.8638431937
Male,"Communicable, maternal, neonatal, and nutritional diseases",25,425280.8543316073,533781.9819431762,343425.679845895
Male,"Communicable, maternal, neonatal, and nutritional diseases",26,421380.44858390867,528221.840796686,340378.04712269217
Male,"Communicable, maternal, neonatal, and nutritional diseases",27,416822.2315429348,522025.6291133574,336805.6592597521
Male,"Communicable, maternal, neonatal, and nutritional diseases",28,409251.1142766823,512492.77355988295,329429.94080530055
Male,"Communicable, maternal, neonatal, and nutritional diseases",29,398250.8475030772,499155.84845159383,317427.98990085145
Male,"Communicable, maternal, neonatal, and nutritional diseases",30,386598.70648442797,485273.8824765413,304399.01052250346
Male,"Communicable, maternal, neonatal, and nutritional diseases",31,377071.96648304333,474105.9043227761,293942.20664635557
Male,"Communicable, maternal, neonatal, and nutritional diseases",32,372447.90276123193,468910.9426783495,289656.7822485065
Male,"Communicable, maternal, neonatal, and nutritional diseases",33,371438.326585173,467884.77518848557,289843.72555420717
Male,"Communicable, maternal, neonatal, and nutritional diseases",34,370781.4158883879,467060.50481129595,290289.5134370317
Male,"Communicable, maternal, neonatal, and nutritional diseases",35,370293.9959341985,466453.1482041632,290821.58284556423
Male,"Communicable, maternal, neonatal, and nutritional diseases",36,369792.8919859265,466077.72202446975,291267.3707283888
Male,"Communicable, maternal, neonatal, and nutritional diseases",37,369094.9293068939,465949.242929598,291454.31403408945
Male,"Communicable, maternal, neonatal, and nutritional diseases",38,368189.945420921,466732.56996325945,290846.33511563094
Male,"Communicable, maternal, neonatal, and nutritional diseases",39,367171.185871534,468600.5036589137,289278.3576648822
Male,"Communicable, maternal, neonatal, and nutritional diseases",40,366010.5879516137,470829.97290856554,287134.32063878357
Male,"Communicable, maternal, neonatal, and nutritional diseases",41,364680.08895404084,472697.9066042197,284798.16299427504
Male,"Communicable, maternal, neonatal, and nutritional diseases",42,363151.626171696,473481.2336378812,282653.823688297
Male,"Communicable, maternal, neonatal, and nutritional diseases",43,361214.9877742682,471565.32175045594,280734.1527803489
Male,"Communicable, maternal, neonatal, and nutritional diseases",44,358780.40317226376,466643.5221850894,278776.7617195021
Male,"Communicable, maternal, neonatal, and nutritional diseases",45,356000.47151978925,459954.7390871456,276722.73154705425
Male,"Communicable, maternal, neonatal, and nutritional diseases",46,353027.7919709513,452737.8766019882,274513.14330430346
Male,"Communicable, maternal, neonatal, and nutritional diseases",47,350014.9636798564,446231.8388749811,272089.0780325473
Male,"Communicable, maternal, neonatal, and nutritional diseases",48,346313.78029691684,439409.8267866454,268783.1114055524
Male,"Communicable, maternal, neonatal, and nutritional diseases",49,341800.3646927839,431439.4869783199,264588.7091916568
Male,"Communicable, maternal, neonatal, and nutritional diseases",50,337413.8098519226,423851.3922365947,260438.2875740155
Male,"Communicable, maternal, neonatal, and nutritional diseases",51,334093.2087587981,418176.1153480601,257264.26273578368
Male,"Communicable, maternal, neonatal, and nutritional diseases",52,332777.6543978754,415944.2290993063,255999.05086011635
Male,"Communicable, maternal, neonatal, and nutritional diseases",53,334493.2259027074,416660.6324179179,258167.4182312039
Male,"Communicable, maternal, neonatal, and nutritional diseases",54,338584.20410653733,418368.97879306873,263338.14042379725
Male,"Communicable, maternal, neonatal, and nutritional diseases",55,343466.9845433667,420407.9728537325,269509.64755689254
Male,"Communicable, maternal, neonatal, and nutritional diseases",56,347557.96274719667,422116.3192288833,274680.36974948586
Male,"Communicable, maternal, neonatal, and nutritional diseases",57,349273.5342520286,422832.7225474949,276848.7371205734
Male,"Communicable, maternal, neonatal, and nutritional diseases",58,348229.3235399203,422384.66931867646,275636.2878066573
Male,"Communicable, maternal, neonatal, and nutritional diseases",59,345498.46665535757,421150.4118264103,272534.9095553727
Male,"Communicable, maternal, neonatal, and nutritional diseases",60,341683.62647598376,419294.80336198036,268348.5569024149
Male,"Communicable, maternal, neonatal, and nutritional diseases",61,337387.4658794421,416982.69721667067,263881.1843834792
Male,"Communicable, maternal, neonatal, and nutritional diseases",62,333212.6477433761,414378.94668176514,259936.74653426107
Male,"Communicable, maternal, neonatal, and nutritional diseases",63,328179.84971612465,409205.3706850334,255958.08793291383
Male,"Communicable, maternal, neonatal, and nutritional diseases",64,321809.00147913495,400765.21920767654,251409.11208197806
Male,"Communicable, maternal, neonatal, and nutritional diseases",65,315451.6439597126,391595.4921211259,247125.36190372976
Male,"Communicable, maternal, neonatal, and nutritional diseases",66,310459.3180851631,384233.18929681263,243942.38032044502
Male,"Communicable, maternal, neonatal, and nutritional diseases",67,308183.56478279195,381215.3106061679,242695.7102543999
Male,"Communicable, maternal, neonatal, and nutritional diseases",68,307827.1132227167,382100.4121780454,242867.18979712916
Male,"Communicable, maternal, neonatal, and nutritional diseases",69,307625.5743426822,384211.03900329175,243276.10255286816
Male,"Communicable, maternal, neonatal, and nutritional diseases",70,307479.8117214344,386730.17424632766,243764.15971294377
Male,"Communicable, maternal, neonatal, and nutritional diseases",71,307290.6889377198,388840.801071574,244173.07246868277
Male,"Communicable, maternal, neonatal, and nutritional diseases",72,306959.0695702845,389725.90264345147,244344.55201141204
Male,"Communicable, maternal, neonatal, and nutritional diseases",73,306002.03379141196,388493.435064974,243994.51675167208
Male,"Communicable, maternal, neonatal, and nutritional diseases",74,304214.82600267767,385385.0760002823,243054.47555089678
Male,"Communicable, maternal, neonatal, and nutritional diseases",75,301915.55612676573,381284.3909554872,241689.5252767532
Male,"Communicable, maternal, neonatal, and nutritional diseases",76,299422.3340863605,377074.94543669967,240064.76279690836
Male,"Communicable, maternal, neonatal, and nutritional diseases",77,297053.2698041462,373640.30495003064,238345.28497902912
Male,"Communicable, maternal, neonatal, and nutritional diseases",78,294646.6744665369,371121.9205992727,235697.13739585064
Male,"Communicable, maternal, neonatal, and nutritional diseases",79,291979.5044472549,368907.31596321514,231857.85470644597
Male,"Communicable, maternal, neonatal, and nutritional diseases",80,289277.8374499462,366749.1652604643,227849.7674079891
Male,"Communicable, maternal, neonatal, and nutritional diseases",81,286767.75117825734,364400.1427096262,224695.20599765406
Male,"Communicable, maternal, neonatal, and nutritional diseases",82,284675.3233358345,361612.9225293072,223416.5009726148
Male,"Communicable, maternal, neonatal, and nutritional diseases",83,282777.41912271705,357392.71316957293,223601.6014908739
Male,"Communicable, maternal, neonatal, and nutritional diseases",84,280866.63989089354,351795.96049152873,224103.80508437395
Male,"Communicable, maternal, neonatal, and nutritional diseases",85,279192.66757193336,346152.19483034004,224843.46481119908
Male,"Communicable, maternal, neonatal, and nutritional diseases",86,278005.1840974062,341790.94652117207,225740.93372943337
Male,"Communicable, maternal, neonatal, and nutritional diseases",87,277553.8713988817,340041.7458991905,226716.56489716092
Male,"Communicable, maternal, neonatal, and nutritional diseases",88,278523.48460761755,341303.3889695612,228370.9321352118
Male,"Communicable, maternal, neonatal, and nutritional diseases",89,281036.59895732027,344640.81041331886,230886.92552883248
Male,"Communicable, maternal, neonatal, and nutritional diseases",90,284499.62653323275,349382.7485794314,233558.37253273165
Male,"Communicable, maternal, neonatal, and nutritional diseases",91,288318.97942059784,354857.941816867,235679.10060161812
Male,"Communicable, maternal, neonatal, and nutritional diseases",92,291901.0697046583,360395.1284745937,236542.93719020055
Male,"Communicable, maternal, neonatal, and nutritional diseases",93,295281.43172037235,366319.1547973556,236538.9251119299
Male,"Communicable, maternal, neonatal, and nutritional diseases",94,298881.1724120721,373309.56158446736,236510.84056403523
Male,"Communicable, maternal, neonatal, and nutritional diseases",95,302685.062779061,381227.12901675294,236434.61107689256
Male,"Communicable, maternal, neonatal, and nutritional diseases",96,306677.8738206428,389932.6372750362,236286.16418087788
Male,"Communicable, maternal, neonatal, and nutritional diseases",97,310844.3765361212,399286.86654014135,236041.42740636723
Male,"Communicable, maternal, neonatal, and nutritional diseases",98,310844.3765361212,399286.86654014135,236041.42740636723
Male,"Communicable, maternal, neonatal, and nutritional diseases",99,310844.3765361212,399286.86654014135,236041.42740636723
Male,"Communicable, maternal, neonatal, and nutritional diseases",100,310844.3765361212,399286.86654014135,236041.42740636723
Male,Diabetes and kidney diseases,0,43.77115804564,53.67944353047999,36.88579578442
Male,Diabetes and kidney diseases,1,43.98240852949741,66.7458234193713,30.542682831275386
Male,Diabetes and kidney diseases,2,45.43444561822396,90.27367019078878,21.14786804251164
Male,Diabetes and kidney diseases,3,47.73038246356,106.90694288852,17.62159749135
Male,Diabetes and kidney diseases,4,54.03101036639624,118.4162304997169,21.895827487679764
Male,Diabetes and kidney diseases,5,64.63412284903417,128.37398738576587,31.525910696441045
Male,Diabetes and kidney diseases,6,74.6106451579025,135.37738352977937,41.7229369472918
Male,Diabetes and kidney diseases,7,79.03150253943001,138.02358891487,47.69799606989
Male,Diabetes and kidney diseases,8,78.3899786627324,136.2431629156969,49.46482901273555
Male,Diabetes and kidney diseases,9,76.8601909567612,131.99753168689946,50.53602846096074
Male,Diabetes and kidney diseases,10,75.0343153076988,126.93016538156057,51.370961849172154
Male,Diabetes and kidney diseases,11,73.5045276017276,122.68453415276313,52.42899661197638
Male,Diabetes and kidney diseases,12,72.86300372503,120.90410815359002,54.169500183980006
Male,Diabetes and kidney diseases,13,76.83407018458041,122.50463301869004,59.470292312865176
Male,Diabetes and kidney diseases,14,86.66108676893121,126.65275311985371,69.02546664486249
Male,Diabetes and kidney diseases,15,99.21477928663181,132.36828671587637,80.0188014624012
Male,Diabetes and kidney diseases,16,111.3658735462316,138.67105206555334,89.63407504791063
Male,Diabetes and kidney diseases,17,119.98509535628,144.58086742768,95.05506568382
Male,Diabetes and kidney diseases,18,125.0742016182663,149.640436464604,97.09410569793383
Male,Diabetes and kidney diseases,19,128.95793934807233,154.24097195400884,98.54503608104025
Male,Diabetes and kidney diseases,20,131.99151952583628,158.6750558276937,99.56389811004406
Male,Diabetes and kidney diseases,21,134.53015313169632,163.23527001745782,100.30673306185003
Male,Diabetes and kidney diseases,22,136.92905114579048,168.2141964551003,100.92958221336299
Male,Diabetes and kidney diseases,23,139.54342454825706,173.9044170724204,101.58848684148771
Male,Diabetes and kidney diseases,24,142.72848431923416,180.5985138012172,102.43948822312898
Male,Diabetes and kidney diseases,25,146.83944143885992,188.58906857328995,103.63862763519158
Male,Diabetes and kidney diseases,26,152.23150688727247,198.16866332043782,105.34194635458033
Male,Diabetes and kidney diseases,27,159.25989164461,209.62987997446,107.7054856582
Male,Diabetes and kidney diseases,28,179.64840546659514,233.24461207843936,125.05598585764511
Male,Diabetes and kidney diseases,29,219.83723096140614,274.98893306586075,165.08689260977806
Male,Diabetes and kidney diseases,30,272.25613838786455,328.71169470412656,218.0043052094055
Male,Diabetes and kidney diseases,31,329.33489800479197,388.26174876063885,274.01432295133395
Male,Diabetes and kidney diseases,32,383.50328007101,447.4879470028,323.32304513036996
Male,Diabetes and kidney diseases,33,436.5923982462457,511.90940161241326,364.86209958683315
Male,Diabetes and kidney diseases,34,493.9379021550985,586.5621845228301,405.162452156993
Male,Diabetes and kidney diseases,35,553.2263660036984,664.5705871287752,445.82920912958144
Male,Diabetes and kidney diseases,36,612.1443639981755,739.0589008249735,488.4674767933298
Male,Diabetes and kidney diseases,37,668.3784703446601,803.1514170061499,534.6823614369699
Male,Diabetes and kidney diseases,38,721.9622836292714,854.2598615686484,591.2624626158184
Male,Diabetes and kidney diseases,39,774.4925457150066,897.9538619342676,657.5739465602936
Male,Diabetes and kidney diseases,40,826.0005457233123,939.5945617859147,724.0882695717795
Male,Diabetes and kidney diseases,41,876.5175727756346,984.5431048064963,781.2768879516602
Male,Diabetes and kidney diseases,42,926.07491599342,1038.16063467892,819.61125800132
Male,Diabetes and kidney diseases,43,973.8269801755326,1110.4973830854487,840.5707127339413
Male,Diabetes and kidney diseases,44,1019.7974258899206,1199.8731843372525,854.9357729111164
Male,Diabetes and kidney diseases,45,1065.3214259116564,1294.0535860605967,867.129676456845
Male,Diabetes and kidney diseases,46,1111.7341530158121,1380.8041358817472,881.5756612951262
Male,Diabetes and kidney diseases,47,1160.37077997746,1447.89038142697,902.69696534996
Male,Diabetes and kidney diseases,48,1210.7538338978654,1493.4943344456242,940.4874921484001
Male,Diabetes and kidney diseases,49,1262.0953818661687,1528.7626994096588,996.7535645467432
Male,Diabetes and kidney diseases,50,1315.2649066392546,1560.9080630292235,1063.637049462852
Male,Diabetes and kidney diseases,51,1371.1318909740066,1597.1430120144673,1133.27981381459
Male,Diabetes and kidney diseases,52,1430.56581762731,1644.68013307554,1197.82372451982
Male,Diabetes and kidney diseases,53,1495.1661803447091,1714.6292542485533,1256.7765244853217
Male,Diabetes and kidney diseases,54,1564.832373406612,1806.7411119590943,1315.3778030275198
Male,Diabetes and kidney diseases,55,1637.883730372195,1911.1896555015257,1374.3671966787465
Male,Diabetes and kidney diseases,56,1712.6395848006352,2018.14883417021,1434.4843419713327
Male,Diabetes and kidney diseases,57,1787.4192702511098,2117.79259725951,1496.46887543761
Male,Diabetes and kidney diseases,58,1863.9713975074683,2211.842062594225,1564.2577629755613
Male,Diabetes and kidney diseases,59,1943.4641909670772,2306.86307524404,1637.4417909117517
Male,Diabetes and kidney diseases,60,2023.3464046093907,2400.296675370646,1710.2413264213862
Male,Diabetes and kidney diseases,61,2101.06679241386,2489.5839031357323,1776.8767366796706
Male,Diabetes and kidney diseases,62,2174.07410835994,2572.16579870099,1831.5683888618096
Male,Diabetes and kidney diseases,63,2245.6148764423233,2646.4187622313652,1877.8308299692462
Male,Diabetes and kidney diseases,64,2317.657233168204,2714.6532183331474,1921.392836286797
Male,Diabetes and kidney diseases,65,2385.732351285789,2780.211243830039,1959.796118914729
Male,Diabetes and kidney diseases,66,2445.371403543282,2846.4349155457458,1990.5823889533078
Male,Diabetes and kidney diseases,67,2492.10556268889,2916.66631030397,2011.2933575028
Male,Diabetes and kidney diseases,68,2531.4433934195354,3004.3844721113996,2025.6676387938971
Male,Diabetes and kidney diseases,69,2569.1496400920137,3107.4842041535144,2038.4637635935862
Male,Diabetes and kidney diseases,70,2601.1397449443375,3205.9312220222064,2048.753317806579
Male,Diabetes and kidney diseases,71,2623.329150214522,3279.691241309368,2055.607887337587
Male,Diabetes and kidney diseases,72,2631.6332981405803,3308.72997760689,2058.09905809132
Male,Diabetes and kidney diseases,73,2625.8272427041993,3301.1602100137875,2049.9167881405424
Male,Diabetes and kidney diseases,74,2609.845666959417,3280.383479334881,2027.9523278067418
Male,Diabetes and kidney diseases,75,2585.843456752774,3249.2986437207715,1996.0792013677135
Male,Diabetes and kidney diseases,76,2555.9754979308113,3210.8045613220606,1958.1709331012541
Male,Diabetes and kidney diseases,77,2522.39667634007,3167.80009028935,1918.10104728516
Male,Diabetes and kidney diseases,78,2470.356199532418,3102.4798444214093,1867.871871270839
Male,Diabetes and kidney diseases,79,2391.039932784659,3004.319232098065,1801.4150481836928
Male,Diabetes and kidney diseases,80,2295.5077485307324,2887.1383033415023,1725.498075962507
Male,Diabetes and kidney diseases,81,2194.8195192045787,2764.7571081739056,1646.8884525460678
Male,Diabetes and kidney diseases,82,2100.0351172401397,2650.99569661746,1572.3536758731602
Male,Diabetes and kidney diseases,83,2007.2150890850044,2542.8490256655905,1499.6007560593712
Male,Diabetes and kidney diseases,84,1908.919378559642,2431.0950823983776,1424.1110186417382
Male,Diabetes and kidney diseases,85,1810.9569541573135,2320.2284619679876,1349.313434691222
Male,Diabetes and kidney diseases,86,1719.1367843712792,2214.743759526589,1278.6369752787853
Male,Diabetes and kidney diseases,87,1639.2678376948002,2119.13557022635,1215.51061147539
Male,Diabetes and kidney diseases,88,1569.257899384628,2024.270936748285,1159.3235608943921
Male,Diabetes and kidney diseases,89,1503.782088087952,1926.19580443702,1106.9702738462945
Male,Diabetes and kidney diseases,90,1443.800372383689,1837.1731224401365,1058.1375704477778
Male,Diabetes and kidney diseases,91,1390.272720850756,1769.465839905216,1012.5122708155225
Male,Diabetes and kidney diseases,92,1344.1591020680698,1735.33690597984,969.78119506621
Male,Diabetes and kidney diseases,93,1303.345062290967,1723.084480230459,929.3521052429616
Male,Diabetes and kidney diseases,94,1265.6802983635048,1713.031746998025,891.0107608226007
Male,Diabetes and kidney diseases,95,1232.0710047476823,1705.4791925918728,855.0109780723611
Male,Diabetes and kidney diseases,96,1203.4233759054978,1700.7273033213364,821.6065732594765
Male,Diabetes and kidney diseases,97,1180.6436062989503,1699.0765654957497,791.0513626511799
Male,Diabetes and kidney diseases,98,1180.64360629895,1699.07656549575,791.0513626511799
Male,Diabetes and kidney diseases,99,1180.64360629895,1699.07656549575,791.0513626511799
Male,Diabetes and kidney diseases,100,1180.64360629895,1699.07656549575,791.0513626511799
Male,Digestive diseases,0,304.57716396061,347.9886309513,268.25352074001
Male,Digestive diseases,1,327.61151629539256,374.33028241849865,289.5320484961783
Male,Digestive diseases,2,371.1761730328217,424.1117546556884,329.56083864368406
Male,Digestive diseases,3,409.89599768261,468.26056809105,364.58318582144
Male,Digestive diseases,4,440.34013919715517,502.63587444117957,391.76657395019055
Male,Digestive diseases,5,465.48463809793384,530.763610433966,414.04493907771297
Male,Digestive diseases,6,493.1325099248132,562.027692139687,438.10545241458647
Male,Digestive diseases,7,531.08677021766,605.81203562862,470.63528517139
Male,Digestive diseases,8,586.1416760517054,673.1351988764071,515.6763352863903
Male,Digestive diseases,9,661.6160951303589,769.8037423886452,574.7831985000964
Male,Digestive diseases,10,760.0999589357555,897.3835860305436,650.9120927264515
Male,Digestive diseases,11,884.1831989500307,1057.440649667312,747.0192358793985
Male,Digestive diseases,12,1036.45574665532,1251.54085316416,866.06084587288
Male,Digestive diseases,13,1333.1862371991067,1613.1288100122415,1103.7543387438195
Male,Digestive diseases,14,1822.7863928492354,2199.520625837057,1499.3152910882973
Male,Digestive diseases,15,2406.0607757683815,2898.089458705339,1970.947161658991
Male,Digestive diseases,16,2983.813948119221,3596.208466683817,2436.8534092085793
Male,Digestive diseases,17,3456.85047206443,4181.25080783922,2815.23749248974
Male,Digestive diseases,18,3833.5497279828865,4663.7588028042765,3114.2850768401877
Male,Digestive diseases,19,4189.836484457202,5129.440134104631,3397.549074477429
Male,Digestive diseases,20,4527.8333859556515,5578.416002646397,3666.2838144738294
Male,Digestive diseases,21,4849.663076946509,6010.807609335685,3921.743625901757
Male,Digestive diseases,22,5157.448201898049,6426.736155078607,4165.182837833577
Male,Digestive diseases,23,5453.311405278547,6826.322840781277,4397.855779341655
Male,Digestive diseases,24,5739.375331556276,7209.688867349806,4621.016779498358
Male,Digestive diseases,25,6017.762625199512,7576.955435690306,4835.920167376052
Male,Digestive diseases,26,6290.595930676529,7928.243746708889,5043.8202720471045
Male,Digestive diseases,27,6559.997892455601,8263.675001311669,5245.97142258388
Male,Digestive diseases,28,6821.1485018556,8572.71703534136,5434.887212188682
Male,Digestive diseases,29,7069.820453462775,8854.3130037709,5608.034391667351
Male,Digestive diseases,30,7309.025446646456,9122.79708620172,5774.097026497572
Male,Digestive diseases,31,7541.775180775976,9392.503462235256,5941.759182157021
Male,Digestive diseases,32,7771.08135522067,9677.76631147294,6119.70492412338
Male,Digestive diseases,33,7995.022458099642,9988.408652625621,6313.739974194293
Male,Digestive diseases,34,8211.881073730743,10315.210455442673,6518.38377093166
Male,Digestive diseases,35,8424.975045781419,10643.941326083319,6725.390954959543
Male,Digestive diseases,36,8637.622217919125,10960.370870706782,6926.516166902005
Male,Digestive diseases,37,8853.1404338113,11250.26869547229,7113.51404738311
Male,Digestive diseases,38,9068.846607840756,11509.542195186948,7278.910939250647
Male,Digestive diseases,39,9282.533901829207,11749.712146434007,7429.048862594978
Male,Digestive diseases,40,9498.234530602484,11979.968228036889,7576.405973904014
Male,Digestive diseases,41,9719.980708986406,12209.50011881903,7733.460429665671
Male,Digestive diseases,42,9951.8046518068,12447.49749760386,7912.69038636786
Male,Digestive diseases,43,10187.336676936595,12683.756254028274,8118.287527527677
Male,Digestive diseases,44,10424.566953166885,12912.208487872866,8345.767327789003
Male,Digestive diseases,45,10674.067471700766,13148.248193176587,8594.593630329924
Male,Digestive diseases,46,10946.410223741324,13407.2693639784,8864.230278328527
Male,Digestive diseases,47,11252.16720049165,13704.665994317262,9154.1411149629
Male,Digestive diseases,48,11616.601838964769,14063.490705142676,9478.446580678214
Male,Digestive diseases,49,12041.617384917694,14484.38784312025,9842.913874895103
Male,Digestive diseases,50,12502.745542669518,14949.138990863094,10234.476979254856
Male,Digestive diseases,51,12975.518016539323,15439.525730984324,10640.06987539876
Male,Digestive diseases,52,13435.4665108462,15937.32964609705,11046.6265449681
Male,Digestive diseases,53,13889.608766931828,16467.944498632525,11469.729828060164
Male,Digestive diseases,54,14354.328064785419,17045.922073609567,11918.750805316464
Male,Digestive diseases,55,14819.204416697357,17636.78098752263,12371.305819194617
Male,Digestive diseases,56,15273.817834958027,18206.039856866173,12805.011212152243
Male,Digestive diseases,57,15707.74833185781,18719.21729813465,13197.48332664696
Male,Digestive diseases,58,16123.981432538343,19180.910582815653,13544.392727918706
Male,Digestive diseases,59,16530.428842874047,19618.391376745232,13864.151432215847
Male,Digestive diseases,60,16924.059846254484,20031.189887940505,14168.487958508635
Male,Digestive diseases,61,17301.84372606921,20418.836324418604,14469.13082576732
Male,Digestive diseases,62,17660.749765707802,20780.86089419664,14777.80855296216
Male,Digestive diseases,63,18001.14349321906,21116.918739970803,15096.591796905333
Male,Digestive diseases,64,18326.687066354927,21430.690005212946,15417.661914096574
Male,Digestive diseases,65,18639.294713059655,21727.74239910368,15737.913473037484
Male,Digestive diseases,66,18940.8806612775,22013.643630823644,16054.241042229658
Male,Digestive diseases,67,19233.359138952717,22293.96140955345,16363.53919017469
Male,Digestive diseases,68,19540.52083711576,22598.810198212057,16694.869822327968
Male,Digestive diseases,69,19861.881275278953,22925.14106972008,17050.489794831243
Male,Digestive diseases,70,20162.94192410936,23228.776648260606,17387.08610221563
Male,Digestive diseases,71,20409.204254274042,23465.539558016753,17661.345739012268
Male,Digestive diseases,72,20566.16973644006,23591.25242317161,17829.95569975227
Male,Digestive diseases,73,20654.464736267877,23639.422315341515,17917.190264011366
Male,Digestive diseases,74,20722.50658253526,23675.41756364215,17982.294031531408
Male,Digestive diseases,75,20777.483190585237,23702.85267850564,18034.409477092715
Male,Digestive diseases,76,20826.582475760835,23725.342170364092,18082.679075475604
Male,Digestive diseases,77,20876.99235340508,23746.50054964965,18136.2453014604
Male,Digestive diseases,78,20923.532981066714,23764.196406992593,18190.002089537877
Male,Digestive diseases,79,20961.839964371808,23776.885967928007,18237.879647558948
Male,Digestive diseases,80,21000.324390779388,23789.06519524522,18287.57486034411
Male,Digestive diseases,81,21047.397347748483,23805.230051733542,18346.784612713865
Male,Digestive diseases,82,21111.46992273811,23829.87650018228,18423.20578948873
Male,Digestive diseases,83,21233.29893201589,23907.587462880325,18552.871191666
Male,Digestive diseases,84,21424.896205909434,24060.730408053983,18744.06639336395
Male,Digestive diseases,85,21651.55535296778,24260.478117398696,18962.86743908454
Male,Digestive diseases,86,21878.569981739973,24478.00337260991,19175.35037332972
Male,Digestive diseases,87,22071.233700775032,24684.47895538307,19347.59124060144
Male,Digestive diseases,88,22223.392596083726,24872.822752244174,19492.241669556985
Male,Digestive diseases,89,22359.61319855602,25063.361285132025,19635.310180088083
Male,Digestive diseases,90,22491.26978405975,25268.380288861248,19762.90815354835
Male,Digestive diseases,91,22629.736628462764,25500.165498246497,19861.146971291408
Male,Digestive diseases,92,22786.3880076329,25771.002648102392,19916.13801467087
Male,Digestive diseases,93,22964.59984436276,26104.676793829316,19943.082602378596
Male,Digestive diseases,94,23159.20066149706,26509.98677083683,19965.776065912494
Male,Digestive diseases,95,23368.743634981838,26976.73898395333,19983.22080583527
Male,Digestive diseases,96,23591.781940763118,27494.739838007245,19994.419222709625
Male,Digestive diseases,97,23826.86875478693,28053.79573782697,19998.373717098253
Male,Digestive diseases,98,23826.86875478693,28053.79573782697,19998.37371709825
Male,Digestive diseases,99,23826.86875478693,28053.79573782697,19998.37371709825
Male,Digestive diseases,100,23826.86875478693,28053.79573782697,19998.37371709825
Male,Injuries,0,14117.20113547947,16212.00188280246,12259.89026941774
Male,Injuries,1,14412.862991045902,16985.24609570234,12340.653046662987
Male,Injuries,2,15080.739330925482,18522.366822563134,12590.252406332605
Male,Injuries,3,15846.175474580628,20044.14805056816,12923.39988891066
Male,Injuries,4,16809.31352660896,21629.27125258539,13430.556503360742
Male,Injuries,5,17942.26039974012,23254.975838543472,14122.793647780298
Male,Injuries,6,19047.55086470807,24765.679633708853,14840.366565073653
Male,Injuries,7,19927.71969224677,26005.80046334799,15423.53049814513
Male,Injuries,8,20560.292601874567,26991.57965091827,15832.768667751056
Male,Injuries,9,21088.33286666483,27859.591229326245,16168.308409806521
Male,Injuries,10,21562.681587684056,28634.752088012145,16480.021139953988
Male,Injuries,11,22034.179865998733,29341.979116416198,16817.77827383592
Male,Injuries,12,22553.66880267537,30006.18920397861,17231.451227094778
Male,Injuries,13,23217.513621946986,30708.19003851699,17850.97136462005
Male,Injuries,14,23992.834209639146,31440.73539451205,18660.945908832975
Male,Injuries,15,24736.603659207136,32096.66129139866,19493.26006167363
Male,Injuries,16,25305.795064106253,32568.803748611714,20179.799025082128
Male,Injuries,17,25557.38151779179,32749.99878558609,20552.448000998545
Male,Injuries,18,25599.77711998893,32737.433025941715,20704.709297516718
Male,Injuries,19,25636.877905235084,32700.28298920118,20841.996364434624
Male,Injuries,20,25668.879869203913,32639.36953865334,20964.061116248573
Male,Injuries,21,25695.979007569058,32555.51353758708,21070.655467454868
Male,Injuries,22,25718.37131600417,32449.535849291264,21161.53133254981
Male,Injuries,23,25736.25279018289,32322.25733705476,21236.440626029715
Male,Injuries,24,25749.819425778882,32174.498864166435,21295.135262390886
Male,Injuries,25,25759.26721846579,32007.08129391517,21337.367156129625
Male,Injuries,26,25764.792163917253,31820.82548958982,21362.888221742247
Male,Injuries,27,25766.590257806933,31616.552314479264,21371.450373725052
Male,Injuries,28,25553.19862388891,31180.214740355383,21185.781281809366
Male,Injuries,29,25022.093614198737,30419.49798552382,20724.48881479753
Male,Injuries,30,24336.880066832244,29517.821283074074,20131.145185792404
Male,Injuries,31,23661.162819885256,28658.60386609566,19549.322607896822
Male,Injuries,32,23158.546711453608,28025.26496767806,19122.59329421365
Male,Injuries,33,22783.317640415447,27555.815609628215,18811.937978445054
Male,Injuries,34,22411.36948263755,27100.51991133639,18506.907241730394
Male,Injuries,35,22088.719041698678,26711.176752267103,18243.928068328296
Male,Injuries,36,21861.38312117759,26439.58501188488,18059.427442497385
Male,Injuries,37,21775.37852465306,26337.543569654248,17989.83234849627
Male,Injuries,38,21807.333213259302,26424.116154703952,17998.93900745193
Male,Injuries,39,21898.637827786388,26663.818331739338,18025.46786501941
Male,Injuries,40,22042.453191296874,27026.6267335898,18068.232242249473
Male,Injuries,41,22231.940126853297,27482.51799308475,18126.045460192872
Male,Injuries,42,22460.25945751822,28001.468743053592,18197.72083990038
Male,Injuries,43,23105.083924958253,28944.319726289214,18496.668839428574
Male,Injuries,44,24336.15534242748,30469.00843316035,19132.245061874142
Male,Injuries,45,25834.738140369645,32241.156617860146,19947.180545847947
Male,Injuries,46,27282.0967492285,33926.386034581774,20784.206329960874
Male,Injuries,47,28359.495599447797,35190.31843751838,21486.05345282382
Male,Injuries,48,29169.178398389493,36157.22759299387,22129.702682945663
Male,Injuries,49,29963.032220197267,37100.91094539135,22823.1358981566
Male,Injuries,50,30646.7865454874,37911.27576599283,23455.585801049478
Male,Injuries,51,31126.170854876204,38478.22932608027,23916.285094217117
Male,Injuries,52,31306.91462897996,38691.678896935635,24094.46648025237
Male,Injuries,53,31208.714187173722,38473.519213690546,24073.77645462079
Male,Injuries,54,30952.277968091334,37928.14867552448,24016.367512037945
Male,Injuries,55,30594.853631237296,37219.230049791186,23929.231353971652
Male,Injuries,56,30193.6888361161,36510.426103844475,23819.359681889746
Male,Injuries,57,29806.03124223224,35965.3996050381,23693.74419726005
Male,Injuries,58,29419.572253133967,35603.36532242641,23486.200027219416
Male,Injuries,59,28989.774320825683,35304.25797315447,23156.3355196475
Male,Injuries,60,28525.541677496083,35022.8202467121,22749.832207126332
Male,Injuries,61,28035.778555333873,34713.79483258918,22312.371622237944
Male,Injuries,62,27529.38918652776,34331.924420275514,21889.63529756436
Male,Injuries,63,26898.15154124257,33745.2913140854,21401.958114716694
Male,Injuries,64,26132.939233020843,32963.37467127735,20816.96162420454
Male,Injuries,65,25391.29995911785,32153.012460757593,20251.257361957676
Male,Injuries,66,24830.781416788854,31481.04265143233,19821.45686390586
Male,Injuries,67,24608.93130328913,31114.30321220779,19644.17166597886
Male,Injuries,68,24610.792056639093,30980.32920839269,19633.186964511267
Male,Injuries,69,24616.146144431586,30884.51754234396,19624.573620603493
Male,Injuries,70,24624.651308280514,30810.49893854014,19618.371667334057
Male,Injuries,71,24635.965289799784,30741.904121459764,19614.62113778148
Male,Injuries,72,24649.7458306033,30662.36381558138,19613.36206502428
Male,Injuries,73,24700.27851726533,30557.376717397372,19690.439608850767
Male,Injuries,74,24800.52151501328,30437.855647764954,19874.23990566776
Male,Injuries,75,24918.141433440756,30325.552517709897,20093.614453481598
Male,Injuries,76,25020.804882141372,30242.219238257963,20277.414750298598
Male,Injuries,77,25076.17847070872,30209.607720434928,20354.49229412508
Male,Injuries,78,25092.270758498376,30210.056301942655,20346.11295917897
Male,Injuries,79,25101.702750845307,30211.39540210984,20326.131468153617
Male,Injuries,80,25109.059726312225,30213.61505440249,20302.282591768522
Male,Injuries,81,25118.926963461854,30216.705292286613,20282.30110074317
Male,Injuries,82,25135.88974085691,30220.65614922822,20273.92176579706
Male,Injuries,83,25192.259195888997,30301.358697704996,20301.122174898297
Male,Injuries,84,25307.073702531372,30504.09986680855,20375.871425309357
Male,Injuries,85,25465.00939421921,30782.963474925753,20487.89155169127
Male,Injuries,86,25650.7424043877,31092.03334044348,20626.90458870506
Male,Injuries,87,25848.948866472023,31385.39328174861,20782.63257101175
Male,Injuries,88,26087.22738460512,31640.82246883534,21083.933698998786
Male,Injuries,89,26390.778637425217,31891.76818795382,21570.08269878878
Male,Injuries,90,26740.6818701254,32175.81643187485,22096.42639364552
Male,Injuries,91,27118.01632789876,32530.553193369225,22518.311606832798
Male,Injuries,92,27503.8612559384,32993.56446520773,22691.08516161438
Male,Injuries,93,27903.831269684168,33778.227958070886,22688.448415185598
Male,Injuries,94,28334.550645273914,35011.89899393089,22669.99119018411
Male,Injuries,95,28793.613118947695,36603.12998249611,22619.893008037216
Male,Injuries,96,29278.612426945565,38460.473333474896,22522.333390172214
Male,Injuries,97,29787.142305507587,40492.48145657559,22361.4918580164
Male,Injuries,98,29787.14230550759,40492.48145657559,22361.4918580164
Male,Injuries,99,29787.14230550759,40492.48145657559,22361.4918580164
Male,Injuries,100,29787.14230550759,40492.48145657559,22361.4918580164
Male,Mental disorders,0,2267.49418456345,5754.70878039374,672.55864110361
Male,Mental disorders,1,1800.446323617854,4409.418585585114,607.2973751684976
Male,Mental disorders,2,1131.0180651059438,2212.709384606147,547.3853933264272
Male,Mental disorders,3,888.21309026817,1310.79343007598,538.82653877756
Male,Mental disorders,4,1184.9951594311633,1668.6421192480016,784.9130368605556
Male,Mental disorders,5,1894.000797942236,2523.7686869827085,1372.4533362433883
Male,Mental disorders,6,2743.2191523345255,3548.5438836080666,2075.3686446268266
Male,Mental disorders,7,3460.63936914117,4415.33845945204,2667.58016971164
Male,Mental disorders,8,4028.5918689061377,5109.651329287885,3133.6467042454096
Male,Mental disorders,9,4590.065960115416,5803.50360451112,3592.7290896258205
Male,Mental disorders,10,5114.039121215172,6449.049330383098,4020.6516065287924
Male,Mental disorders,11,5569.48883065157,6998.442552165172,4393.238535630246
Male,Mental disorders,12,5925.392566870781,7403.8373151187,4686.3141576061
Male,Mental disorders,13,6224.56604047984,7719.382639531396,4934.866780530903
Male,Mental disorders,14,6510.221993628966,8012.75984537379,5172.883478910468
Male,Mental disorders,15,6751.93345207909,8256.421427431455,5374.686683067616
Male,Mental disorders,16,6919.273441591147,8422.81988048997,5514.59882332517
Male,Mental disorders,17,6981.81498792607,8484.4076993349,5566.94233000595
Male,Mental disorders,18,6945.924060777015,8439.733968499624,5541.90594617036
Male,Mental disorders,19,6846.915054303325,8316.496636588196,5472.805372311484
Male,Mental disorders,20,6697.783630965209,8130.871494492223,5368.653474901159
Male,Mental disorders,21,6511.525453222878,7899.034333103308,5238.463120411221
Male,Mental disorders,22,6301.136183536543,7637.160943313055,5091.247175313511
Male,Mental disorders,23,6079.6114843664145,7361.42711601307,4936.018506079866
Male,Mental disorders,24,5859.947018172702,7088.008642094956,4781.789979182122
Male,Mental disorders,25,5655.138447415617,6833.081312450319,4637.574461092117
Male,Mental disorders,26,5478.18143455537,6612.820917970762,4512.384818281691
Male,Mental disorders,27,5342.07164205217,6443.40324954789,4415.23391722268
Male,Mental disorders,28,5233.102965612369,6304.538771969346,4335.749856617542
Male,Mental disorders,29,5131.069396193161,6171.076967654025,4260.046222362694
Male,Mental disorders,30,5039.216739131029,6051.902153940401,4191.864111720914
Male,Mental disorders,31,4960.790799762454,5955.898648166954,4134.944621954984
Male,Mental disorders,32,4899.03738342392,5891.95076767216,4093.02885032768
Male,Mental disorders,33,4852.530155783601,5854.790772309963,4064.753280843625
Male,Mental disorders,34,4814.891129822742,5828.774350135338,4043.5364228164103
Male,Mental disorders,35,4781.9386318474235,5807.220960788303,4025.292411472273
Male,Mental disorders,36,4749.490988163725,5783.450063908878,4005.93538203745
Male,Mental disorders,37,4713.36652507773,5750.78111913708,3981.37946973818
Male,Mental disorders,38,4672.844278561154,5703.018592004298,3950.319383812434
Male,Mental disorders,39,4630.655431898377,5641.732301374162,3914.5303717528986
Male,Mental disorders,40,4587.796532364477,5571.88973688506,3874.5473761678827
Male,Mental disorders,41,4545.264127234528,5498.45838817538,3830.905339665693
Male,Mental disorders,42,4504.05476378361,5426.40574488351,3784.13920485464
Male,Mental disorders,43,4462.552740318028,5348.479609109998,3722.95894609663
Male,Mental disorders,44,4420.068762965978,5261.212752093798,3646.0228177846875
Male,Mental disorders,45,4378.98899073537,5175.250117180904,3568.7881825737945
Male,Mental disorders,46,4341.699582634117,5101.236647717314,3506.712403118934
Male,Mental disorders,47,4310.58669767013,5049.81728704902,3475.2528420750896
Male,Mental disorders,48,4286.674968269333,5017.505877657152,3466.657601839416
Male,Mental disorders,49,4267.325478304093,4991.9416982020175,3461.4585358659924
Male,Mental disorders,50,4249.429063951988,4970.457846298383,3457.538633395184
Male,Mental disorders,51,4229.876561390593,4950.387419561015,3452.7808836673553
Male,Mental disorders,52,4205.55880679749,4929.06351560468,3445.06827592287
Male,Mental disorders,53,4171.052349510491,4907.376823647138,3427.876729187581
Male,Mental disorders,54,4127.160308890601,4887.078271996159,3399.883061879288
Male,Mental disorders,55,4080.113376150183,4866.791316901528,3366.771612326277
Male,Mental disorders,56,4036.142242501595,4845.13941461303,3334.2267188568353
Male,Mental disorders,57,4001.4775991572,4820.746021380451,3307.93271979925
Male,Mental disorders,58,3974.957317621947,4787.837951048054,3287.241576909892
Male,Mental disorders,59,3951.191510851524,4746.846722757749,3267.912711992457
Male,Mental disorders,60,3930.069232234404,4705.702850705799,3250.241653446219
Male,Mental disorders,61,3911.479535159055,4672.336849088461,3234.523929670452
Male,Mental disorders,62,3895.31147301395,4654.67923210199,3221.0550690644304
Male,Mental disorders,63,3882.269979279011,4649.165644744027,3210.6877847602564
Male,Mental disorders,64,3871.8622626314673,4645.927884196279,3202.757379704194
Male,Mental disorders,65,3862.1807892557467,4643.44069293111,3195.2832670167586
Male,Mental disorders,66,3851.3180253362784,4640.178813420886,3186.2848598184655
Male,Mental disorders,67,3837.3664370574897,4634.61698813797,3173.7815712298298
Male,Mental disorders,68,3814.9002463400907,4612.821949934348,3149.878066588887
Male,Mental disorders,69,3784.019590874747,4570.695571704496,3112.9073651931103
Male,Mental disorders,70,3751.105810500826,4521.46530598452,3070.231411102168
Male,Mental disorders,71,3722.5402450576953,4478.358605310519,3029.2121483757273
Male,Mental disorders,72,3704.70423438472,4454.6029222186,2997.21152107346
Male,Mental disorders,73,3695.8041108334096,4445.508889365242,2971.1029496544093
Male,Mental disorders,74,3689.131930120452,4437.808906481359,2945.0518771055054
Male,Mental disorders,75,3683.697617132983,4431.863076714705,2922.3582812782442
Male,Mental disorders,76,3678.5110967581404,4428.031503213028,2906.3221400241237
Male,Mental disorders,77,3672.58229388306,4426.67428912408,2900.24343119464
Male,Mental disorders,78,3665.968330606477,4429.00674515645,2907.2991397132687
Male,Mental disorders,79,3659.326538567573,4434.568755695178,2924.162602543919
Male,Mental disorders,80,3652.567156964157,4441.2072844026925,2944.3783255987382
Male,Mental disorders,81,3645.6004249940365,4446.7692949414195,2961.4908147898727
Male,Mental disorders,82,3638.33658185502,4449.101750973789,2969.04457602947
Male,Mental disorders,83,3629.7044183157964,4425.485559019406,2969.5121122163137
Male,Mental disorders,84,3619.7412774441727,4369.170024358952,2969.763803060291
Male,Mental disorders,85,3610.0202268866346,4301.954708796477,2969.9409696902053
Male,Mental disorders,86,3602.1143342896685,4245.639174136024,2970.184933234857
Male,Mental disorders,87,3597.59666729976,4222.02298218164,2970.63701482305
Male,Mental disorders,88,3595.429191771738,4233.214470449244,2973.985214928568
Male,Mental disorders,89,3593.585590752553,4262.371508191964,2981.0969954975367
Male,Mental disorders,90,3592.156507676876,4302.8679548196615,2989.38286986727
Male,Mental disorders,91,3591.232585979378,4348.0776697422,2996.2533513750795
Male,Mental disorders,92,3590.90446909473,4391.37451236944,2999.11895335828
Male,Mental disorders,93,3591.694941908679,4433.5536888046945,2993.5064576495197
Male,Mental disorders,94,3593.916993240314,4479.600630467562,2977.947032856767
Male,Mental disorders,95,3597.3465724243124,4529.174534742339,2954.3577724803154
Male,Mental disorders,96,3601.7596287953547,4581.93459901332,2924.655770020459
Male,Mental disorders,97,3606.93211168812,4637.540020664801,2890.75811897749
Male,Mental disorders,98,3606.93211168812,4637.5400206648,2890.75811897749
Male,Mental disorders,99,3606.93211168812,4637.5400206648,2890.75811897749
Male,Mental disorders,100,3606.93211168812,4637.5400206648,2890.75811897749
Male,Musculoskeletal disorders,0,0.0,0.0,0.0
Male,Musculoskeletal disorders,1,0.0,0.0,0.0
Male,Musculoskeletal disorders,2,0.0,0.0,0.0
Male,Musculoskeletal disorders,3,0.0,0.0,0.0
Male,Musculoskeletal disorders,4,69.98122991166369,87.56040493668561,55.31362103427242
Male,Musculoskeletal disorders,5,243.64618723726903,305.15332826178997,192.28641607011144
Male,Musculoskeletal disorders,6,466.5767733627373,585.1463327478843,367.46628300704975
Male,Musculoskeletal disorders,7,684.35488967399,859.9069811675399,537.40111974462
Male,Musculoskeletal disorders,8,904.373573070995,1140.257153253203,707.5170653836427
Male,Musculoskeletal disorders,9,1155.0514799210289,1461.8325399858868,900.2350710951845
Male,Musculoskeletal disorders,10,1413.5089408109752,1794.221421011013,1097.595252884148
Male,Musculoskeletal disorders,11,1656.8662863277177,2107.012075974004,1281.6377267554356
Male,Musculoskeletal disorders,12,1862.24384705814,2369.7927845202803,1434.40260871395
Male,Musculoskeletal disorders,13,2025.2464034917555,2577.22172691554,1552.636301445617
Male,Musculoskeletal disorders,14,2165.5432055378947,2755.4474251423962,1652.4042985279225
Male,Musculoskeletal disorders,15,2296.3512879131686,2921.2936714216494,1744.7253523031097
Male,Musculoskeletal disorders,16,2430.8876853341867,3091.584257974098,1840.6182151134212
Male,Musculoskeletal disorders,17,2582.3694325175597,3283.14297702054,1951.1016393011
Male,Musculoskeletal disorders,18,2750.7382228211445,3497.0182110389037,2076.439811379279
Male,Musculoskeletal disorders,19,2926.9082767655896,3722.2607638533946,2209.338052512314
Male,Musculoskeletal disorders,20,3110.5554198116924,3957.698059704231,2349.4768170192856
Male,Musculoskeletal disorders,21,3301.3554774202516,4202.157522831633,2496.5365592192716
Male,Musculoskeletal disorders,22,3498.984275052065,4454.466577475816,2650.1977334313515
Male,Musculoskeletal disorders,23,3703.1176381679306,4713.452647876999,2810.1407939746045
Male,Musculoskeletal disorders,24,3913.4313922286474,4977.943158275401,2976.04619516811
Male,Musculoskeletal disorders,25,4129.601362695012,5246.76553291124,3147.594391330946
Male,Musculoskeletal disorders,26,4351.303375027824,5518.747196024734,3324.4658367821935
Male,Musculoskeletal disorders,27,4578.21325468788,5792.715571856101,3506.34098584093
Male,Musculoskeletal disorders,28,4820.545067070233,6073.498120375658,3702.4926059521135
Male,Musculoskeletal disorders,29,5082.031856344085,6364.96252065473,3916.920619643476
Male,Musculoskeletal disorders,30,5352.627916131462,6664.496525585051,4141.3962138582565
Male,Musculoskeletal disorders,31,5622.287540054385,6969.487888058353,4367.690575539695
Male,Musculoskeletal disorders,32,5880.96502173488,7277.32436096637,4587.57489163103
Male,Musculoskeletal disorders,33,6135.754012247896,7607.879037677446,4805.691248368353
Male,Musculoskeletal disorders,34,6393.520869400877,7963.0776568635265,5027.535290768578
Male,Musculoskeletal disorders,35,6643.878946914586,8313.386939371736,5246.158543946186
Male,Musculoskeletal disorders,36,6876.441598509786,8629.273606049202,5454.612533015653
Male,Musculoskeletal disorders,37,7080.822177907239,8881.20437774305,5645.9487830914595
Male,Musculoskeletal disorders,38,7254.857482008387,9074.03701629641,5820.286129426553
Male,Musculoskeletal disorders,39,7409.3261157221195,9238.815108828296,5983.861389019236
Male,Musculoskeletal disorders,40,7553.254144780381,9385.284114099652,6138.903059602026
Male,Musculoskeletal disorders,41,7695.667634915109,9523.189490871424,6287.639638907435
Male,Musculoskeletal disorders,42,7845.592651858251,9662.27669790456,6432.2996246679795
Male,Musculoskeletal disorders,43,8000.690813382451,9792.589262893836,6571.675989228253
Male,Musculoskeletal disorders,44,8154.982145200131,9908.046885167974,6704.734923348644
Male,Musculoskeletal disorders,45,8312.03032495289,10024.209280938823,6833.964752385368
Male,Musculoskeletal disorders,46,8475.399030282326,10156.63616641825,6961.8538016946395
Male,Musculoskeletal disorders,47,8648.65193883004,10320.887257818107,7090.89039663267
Male,Musculoskeletal disorders,48,8839.937661982342,10569.932911132159,7217.8305663258325
Male,Musculoskeletal disorders,49,9047.874069818792,10908.130478658375,7341.0203421163515
Male,Musculoskeletal disorders,50,9261.728728020886,11278.120171064902,7465.333052684214
Male,Musculoskeletal disorders,51,9470.769202270101,11622.542199019896,7595.6420267094145
Male,Musculoskeletal disorders,52,9664.263058247929,11884.03677319151,7736.82059287194
Male,Musculoskeletal disorders,53,9851.959253326017,12087.968526975024,7911.396730533342
Male,Musculoskeletal disorders,54,10041.798325586149,12284.342291693447,8117.439834844976
Male,Musculoskeletal disorders,55,10220.335211775007,12452.758574906515,8323.135358171547
Male,Musculoskeletal disorders,56,10374.124848639267,12572.817884173972,8496.668752877753
Male,Musculoskeletal disorders,57,10489.72217292562,12624.12072705555,8606.2254713283
Male,Musculoskeletal disorders,58,10571.88963205468,12631.722235663157,8664.144999624581
Male,Musculoskeletal disorders,59,10638.558478374598,12635.823850607094,8707.921087851862
Male,Musculoskeletal disorders,60,10696.036856023342,12638.74554219472,8743.470584350633
Male,Musculoskeletal disorders,61,10750.632909138883,12642.807280733374,8776.710337461402
Male,Musculoskeletal disorders,62,10808.6547818592,12650.329036530413,8813.55719552466
Male,Musculoskeletal disorders,63,10865.994314558793,12692.798969167,8851.009326242869
Male,Musculoskeletal disorders,64,10918.469192835579,12788.643692345342,8885.128892941999
Male,Musculoskeletal disorders,65,10972.276328662645,12920.590857554325,8920.428737397788
Male,Musculoskeletal disorders,66,11033.612634013085,13071.368116282852,8961.42170138599
Male,Musculoskeletal disorders,67,11108.67502085999,13223.70312001982,9012.62062668235
Male,Musculoskeletal disorders,68,11235.19204728371,13421.512147191119,9104.464561572106
Male,Musculoskeletal disorders,69,11415.422493333615,13681.520712065158,9239.880382694115
Male,Musculoskeletal disorders,70,11602.358603936318,13945.6703198946,9382.112674354561
Male,Musculoskeletal disorders,71,11748.992624018427,14155.90247593211,9494.40602085963
Male,Musculoskeletal disorders,72,11808.31679850655,14254.15868543035,9540.0050065155
Male,Musculoskeletal disorders,73,11807.292911825727,14275.133286157314,9539.776426186176
Male,Musculoskeletal disorders,74,11804.28868750554,14292.010441171777,9539.094016059153
Male,Musculoskeletal disorders,75,11799.405279129418,14304.466393662586,9537.96277242585
Male,Musculoskeletal disorders,76,11792.743840280782,14312.177386818586,9536.387691577691
Male,Musculoskeletal disorders,77,11784.40552454306,14314.81966382862,9534.3737698061
Male,Musculoskeletal disorders,78,11746.916361079928,14290.689730133068,9493.193179035843
Male,Musculoskeletal disorders,79,11662.161348972817,14224.631191007991,9389.363266998243
Male,Musculoskeletal disorders,80,11544.2800966818,14126.140939395767,9245.756793694543
Male,Musculoskeletal disorders,81,11407.412212666935,14004.71586823877,9085.246519125993
Male,Musculoskeletal disorders,82,11265.69730538829,13869.852870479372,8930.70520329383
Male,Musculoskeletal disorders,83,11098.075230327324,13662.412674628047,8770.778926671754
Male,Musculoskeletal disorders,84,10887.635870949438,13351.372523166736,8588.01202239346
Male,Musculoskeletal disorders,85,10654.743877690613,12988.404079995014,8396.124629450194
Male,Musculoskeletal disorders,86,10419.763900986833,12625.17900901245,8208.836886833213
Male,Musculoskeletal disorders,87,10203.06059127407,12313.36897411862,8039.86893353376
Male,Musculoskeletal disorders,88,9987.60878869708,12018.236865019835,7887.497855780827
Male,Musculoskeletal disorders,89,9759.585800514058,11703.300160476514,7741.530840656925
Male,Musculoskeletal disorders,90,9544.159977831156,11417.612407969411,7602.983178433592
Male,Musculoskeletal disorders,91,9366.499671754531,11210.227154979264,7472.870159382365
Male,Musculoskeletal disorders,92,9251.77323339034,11130.19794898683,7352.20707377478
Male,Musculoskeletal disorders,93,9179.621786585547,11132.727584905262,7239.304624539035
Male,Musculoskeletal disorders,94,9115.841953267818,11150.435036334284,7132.279310728531
Male,Musculoskeletal disorders,95,9064.835331664342,11198.498118784488,7031.855116802613
Male,Musculoskeletal disorders,96,9031.003520002318,11292.094647766462,6938.756027220625
Male,Musculoskeletal disorders,97,9018.748116508932,11446.4024387908,6853.70602644191
Male,Musculoskeletal disorders,98,9018.74811650893,11446.4024387908,6853.70602644191
Male,Musculoskeletal disorders,99,9018.74811650893,11446.4024387908,6853.70602644191
Male,Musculoskeletal disorders,100,9018.74811650893,11446.4024387908,6853.70602644191
Male,Neoplasms,0,702.2510723184699,911.1050031273,531.1946097428
Male,Neoplasms,1,695.5544050531464,894.1455338831554,530.21947243706
Male,Neoplasms,2,676.4934526118878,859.3596080133524,523.4360872706688
Male,Neoplasms,3,651.74516627023,823.25976498912,512.47013976335
Male,Neoplasms,4,613.1271952648558,782.0913927254671,481.4159098651352
Male,Neoplasms,5,561.0924437073652,737.2981815919356,427.01029108228516
Male,Neoplasms,6,510.8371818866319,696.4880644954313,370.93110582788745
Male,Neoplasms,7,477.55768009153,667.26897434286,334.85617651503
Male,Neoplasms,8,458.4778840174085,646.6604131023329,316.7439336755587
Male,Neoplasms,9,441.50702638142957,627.7236026091854,300.80866060522146
Male,Neoplasms,10,427.8693080051863,612.129055571161,288.11195886295883
Male,Neoplasms,11,418.78892971027204,601.5472846960015,279.71543000771146
Male,Neoplasms,12,415.4900923182799,597.64880269145,276.68067559842
Male,Neoplasms,13,419.7830577447569,602.4787779938331,279.9092702829697
Male,Neoplasms,14,431.0420239566898,615.3478019527071,288.32085992004244
Male,Neoplasms,15,446.8370958528311,633.8245216456584,300.00415288477325
Male,Neoplasms,16,464.73837833193363,655.4775841502737,313.04785755229744
Male,Neoplasms,17,482.31597629275,677.87563654414,325.54068229775004
Male,Neoplasms,18,499.28102865239947,702.4898987925422,336.95397280316615
Male,Neoplasms,19,517.1258985218147,732.0668949056227,348.26236427647075
Male,Neoplasms,20,536.0925270904687,766.0882280282531,359.8094993816339
Male,Neoplasms,21,556.4228555478343,804.035501305305,371.9390207826258
Male,Neoplasms,22,578.3588250833841,845.3903178816507,384.99457114341664
Male,Neoplasms,23,602.1423768865913,889.6342809021613,399.3197931279766
Male,Neoplasms,24,628.0154521469286,936.2489935117087,415.25832940027567
Male,Neoplasms,25,656.219992053869,984.7160588551649,433.15382262428426
Male,Neoplasms,26,686.997937796885,1034.5170800774013,453.3499154639723
Male,Neoplasms,27,720.59123056545,1085.13366032329,476.1902505833101
Male,Neoplasms,28,761.6681978040993,1137.5950643330173,508.7733535870857
Male,Neoplasms,29,813.0017684458147,1194.191528565444,554.3124660508801
Male,Neoplasms,30,871.9907859127385,1256.2961137434518,607.3233045948524
Male,Neoplasms,31,936.0340936270129,1325.2818805899233,662.3215858391627
Male,Neoplasms,32,1002.53053501078,1402.52188982774,713.82302640397
Male,Neoplasms,33,1072.7424139232965,1497.4209537679376,758.9331521595193
Male,Neoplasms,34,1149.3583780842328,1612.0472143138963,801.309498983048
Male,Neoplasms,35,1231.9167867063518,1736.7687265770146,845.2957985052041
Male,Neoplasms,36,1319.9559990024168,1861.9535456686929,895.2357823566354
Male,Neoplasms,37,1413.01437418519,1977.96972670033,955.47318216799
Male,Neoplasms,38,1512.650291819545,2077.946647182495,1038.119606813306
Male,Neoplasms,39,1620.2029291250085,2168.4603268505216,1144.8711622068636
Male,Neoplasms,40,1734.8818417963244,2260.048784152958,1264.4483255396733
Male,Neoplasms,41,1855.8965855282372,2363.250037538351,1385.5715740027451
Male,Neoplasms,42,1982.4567160154904,2488.60210545525,1496.96138478709
Male,Neoplasms,43,2111.0632789673036,2653.467220578883,1590.3527118812615
Male,Neoplasms,44,2243.1771428523757,2859.71328236018,1673.3728675578866
Male,Neoplasms,45,2385.447597504669,3094.6368094112377,1758.5808664340873
Male,Neoplasms,46,2544.523932758146,3345.5343203441516,1858.5357231269847
Male,Neoplasms,47,2727.05543844677,3599.70233377102,1985.7964522537
Male,Neoplasms,48,2947.778721346416,3850.0606100673886,2177.9191571773686
Male,Neoplasms,49,3211.1854019627226,4106.864504377873,2444.3002133682053
Male,Neoplasms,50,3508.5572907242968,4383.413927468175,2755.2590436039527
Male,Neoplasms,51,3831.1761980597435,4693.008790103997,3081.11507066235
Male,Neoplasms,52,4170.323934397669,5048.94900305104,3392.18771732114
Male,Neoplasms,53,4533.703429682865,5496.149513063977,3676.577576009929
Male,Neoplasms,54,4932.486727363251,6043.646318828802,3954.3045814415536
Male,Neoplasms,55,5363.159308122128,6650.9209090081995,4243.567169818598
Male,Neoplasms,56,5822.206652642802,7277.454772264855,4562.563777343647
Male,Neoplasms,57,6306.1142416085695,7882.72939726145,4929.49284021929
Male,Neoplasms,58,6826.573758540854,8445.718293356944,5384.721381103884
Male,Neoplasms,59,7391.079388374086,8993.58360135426,5930.817606717547
Male,Neoplasms,60,7989.820363911088,9558.089757082013,6529.281729355498
Male,Neoplasms,61,8612.985917954682,10171.001196368836,7141.613961312953
Male,Neoplasms,62,9250.76528330769,10864.08235504335,7729.31451488513
Male,Neoplasms,63,9917.689200373909,11725.197408506428,8292.25180854258
Male,Neoplasms,64,10622.385252933695,12752.556905033272,8856.09717075682
Male,Neoplasms,65,11346.187938854706,13843.444839763997,9421.055178824517
Male,Neoplasms,66,12070.431756004607,14895.145207838721,9987.330410042327
Male,Neoplasms,67,12776.45120225106,15804.94200439756,10555.12744170692
Male,Neoplasms,68,13462.371792838832,16557.169730531656,11127.49595371105
Male,Neoplasms,69,14140.753291737916,17231.8087512199,11704.308103915904
Male,Neoplasms,70,14814.581569903807,17869.611857434058,12281.002186570791
Male,Neoplasms,71,15486.842498292006,18511.331840145886,12853.016495925014
Male,Neoplasms,72,16160.52194785801,19197.72149032714,13415.789326227889
Male,Neoplasms,73,16842.369772366746,19953.140760379254,13961.029360157052
Male,Neoplasms,74,17530.396597428098,20751.627362892625,14491.94129029742
Male,Neoplasms,75,18214.479451764964,21558.450729122476,15021.207425759214
Male,Neoplasms,76,18884.495364100258,22338.880290324014,15561.510075652654
Male,Neoplasms,77,19530.32136315688,23058.18547775246,16125.53154908796
Male,Neoplasms,78,20149.794635959304,23713.11142199609,16727.893922343188
Male,Neoplasms,79,20750.723659375817,24330.969098449783,17361.298503113183
Male,Neoplasms,80,21337.942396895025,24922.876705578656,18005.546447633344
Male,Neoplasms,81,21916.284812005546,25499.952441847832,18640.43891213907
Male,Neoplasms,82,22490.584868196,26073.31450572243,19245.77705286576
Male,Neoplasms,83,23071.751972794773,26638.184634574372,19856.779461268598
Male,Neoplasms,84,23656.77971966108,27187.641246265,20487.886175658983
Male,Neoplasms,85,24229.62835207984,27729.58755999355,21087.73052255666
Male,Neoplasms,86,24774.258113335913,28271.92679495926,21604.945828481355
Male,Neoplasms,87,25274.6292467142,28822.56217036136,21988.16541995282
Male,Neoplasms,88,25744.17214133199,29390.93269167717,22276.252271325942
Male,Neoplasms,89,26197.975942623216,29971.81179684532,22534.629130033438
Male,Neoplasms,90,26622.489028347754,30551.104353757008,22751.768982211775
Male,Neoplasms,91,27004.159776265467,31114.71523030346,22916.144813997416
Male,Neoplasms,92,27329.436564136213,31648.549294375873,23016.229611526825
Male,Neoplasms,93,27613.14906928681,32154.965905499914,23076.994071676203
Male,Neoplasms,94,27874.924333206018,32645.04707521882,23129.199898340128
Male,Neoplasms,95,28108.406779896628,33117.78164945017,23170.006588182663
Male,Neoplasms,96,28307.24083336144,33572.15847411152,23196.57363786787
Male,Neoplasms,97,28465.070917603254,34007.16639512046,23206.06054405982
Male,Neoplasms,98,28465.070917603254,34007.16639512046,23206.06054405982
Male,Neoplasms,99,28465.070917603254,34007.16639512046,23206.06054405982
Male,Neoplasms,100,28465.070917603254,34007.16639512046,23206.06054405982
Male,Neurological disorders,0,50.94854296981,80.70974885105,30.762245783079997
Male,Neurological disorders,1,49.40038662398496,80.78955254066565,28.72911848675128
Male,Neurological disorders,2,47.97912833929312,81.39106390533772,26.862640968810158
Male,Neurological disorders,3,47.77609144148,82.49974024559,26.59600132339
Male,Neurological disorders,4,1084.8684093551374,1584.8498972557632,674.9486398406347
Male,Neurological disorders,5,3535.3248804003433,5112.943766525745,2227.5417844859608
Male,Neurological disorders,6,6407.914780533446,9202.334773492847,4095.6782788997566
Male,Neurological disorders,7,8711.4073857108,12388.57634359438,5690.66096672241
Male,Neurological disorders,8,10501.675763016308,14731.543105551418,7086.033786196327
Male,Neurological disorders,9,12328.897749867147,17069.807055030018,8588.16436320421
Male,Neurological disorders,10,13943.299777719545,19106.967667884983,9957.591072846903
Male,Neurological disorders,11,15095.108278029742,20546.62441997111,10954.852290225237
Male,Neurological disorders,12,15534.54968225398,21092.3767871432,11340.48639044005
Male,Neurological disorders,13,15407.218473701358,21029.16252303195,11192.440556789228
Male,Neurological disorders,14,15103.582514845106,20878.42081630513,10834.528152714203
Male,Neurological disorders,15,14741.178305887644,20698.503295373117,10396.086823531132
Male,Neurological disorders,16,14437.542347031393,20547.761588646295,10006.454214556179
Male,Neurological disorders,17,14310.211138478771,20484.547324535048,9794.9679711055
Male,Neurological disorders,18,14345.220040625201,20512.747761367747,9719.225719917096
Male,Neurological disorders,19,14441.91037001126,20590.196833678823,9650.716209294687
Male,Neurological disorders,20,14587.7775610571,20706.16618418773,9589.613766903025
Male,Neurological disorders,21,14770.317048182871,20849.927455613924,9536.092720406848
Male,Neurological disorders,22,14977.024265808726,21010.75229067687,9490.327397470912
Male,Neurological disorders,23,15195.394648354817,21177.912332096028,9452.492125759956
Male,Neurological disorders,24,15412.9236302413,21340.67922259085,9422.761232938728
Male,Neurological disorders,25,15617.10664588832,21488.3246048808,9401.309046671979
Male,Neurological disorders,26,15795.439129716035,21610.12012168533,9388.309894624444
Male,Neurological disorders,27,15935.41651614459,21695.3374157239,9383.93810446088
Male,Neurological disorders,28,16059.533935209465,21759.73004691011,9484.13573674208
Male,Neurological disorders,29,16186.838934133055,21821.66487551052,9723.068552181867
Male,Neurological disorders,30,16299.655573115904,21874.33349477405,10008.246428674514
Male,Neurological disorders,31,16380.307912358548,21910.92749794963,10247.179244114299
Male,Neurological disorders,32,16411.120012061532,21924.63847828617,10347.3768763955
Male,Neurological disorders,33,16331.615115792332,21800.42383883456,10306.259657661287
Male,Neurological disorders,34,16125.821734664303,21486.933439936947,10205.79561189114
Male,Neurological disorders,35,15842.821830196808,21072.897560779173,10080.316154733793
Male,Neurological disorders,36,15531.697363909207,20647.04648054708,9964.152701837978
Male,Neurological disorders,37,15241.53029732086,20298.1104784265,9891.63666885243
Male,Neurological disorders,38,14936.134744311707,19989.808081402538,9860.943026687632
Male,Neurological disorders,39,14581.097661256597,19660.852521016215,9841.652235078142
Male,Neurological disorders,40,14228.160273417261,19362.466133287267,9825.203942908809
Male,Neurological disorders,41,13929.063806055427,19145.87125423543,9803.037799064477
Male,Neurological disorders,42,13735.54948443282,19062.29021988043,9766.59345243
Male,Neurological disorders,43,13616.143790250353,19071.838809272456,9568.208217431184
Male,Neurological disorders,44,13509.972678347245,19097.49020315137,9162.290633198922
Male,Neurological disorders,45,13424.67658369269,19134.752840071418,8693.387185675681
Male,Neurological disorders,46,13367.89594125588,19179.135158586858,8306.04436080393
Male,Neurological disorders,47,13347.27118600601,19226.145597251932,8144.808644526131
Male,Neurological disorders,48,13432.112606093011,19298.754091263152,8340.51399323933
Male,Neurological disorders,49,13634.426761685087,19404.177926373228,8807.195978632348
Male,Neurological disorders,50,13875.898495778856,19514.296566970763,9364.203509585303
Male,Neurological disorders,51,14078.212651370934,19600.989477444324,9830.88549497832
Male,Neurological disorders,52,14163.054071457933,19636.13612218249,10026.59084369152
Male,Neurological disorders,53,14127.370429511713,19542.204063976875,9971.07972927331
Male,Neurological disorders,54,14031.271149419092,19302.11010491133,9825.684026224042
Male,Neurological disorders,55,13891.183699799116,18978.407568312854,9622.110194851757
Male,Neurological disorders,56,13723.535549270842,18633.649777508414,9392.064695464487
Male,Neurological disorders,57,13544.754166453322,18330.39005582499,9167.25398837028
Male,Neurological disorders,58,13312.781810797966,18079.260498863732,8918.868552256437
Male,Neurological disorders,59,12998.852460559228,17838.558491327036,8620.984960628035
Male,Neurological disorders,60,12639.331162560724,17592.335290193725,8309.638816019746
Male,Neurological disorders,61,12270.58296362606,17324.642152442655,8020.865720966254
Male,Neurological disorders,62,11928.97291057886,17019.53033505267,7790.70127800224
Male,Neurological disorders,63,11566.10488141292,16584.53685141117,7595.106985076612
Male,Neurological disorders,64,11157.672104108295,16021.105213278755,7401.793447243577
Male,Neurological disorders,65,10776.173650467963,15454.146425194076,7234.4199276957725
Male,Neurological disorders,66,10494.108592294911,15008.571491695771,7116.645689625826
Male,Neurological disorders,67,10383.97600139212,14809.291417322487,7072.12999622637
Male,Neurological disorders,68,10430.923725922943,14777.881182429888,7101.925475132246
Male,Neurological disorders,69,10548.674996193004,14752.865860301414,7178.454751630623
Male,Neurological disorders,70,10702.591957218694,14734.581594867368,7282.4320853926265
Male,Neurological disorders,71,10858.036754016402,14723.364530058054,7394.571736089384
Male,Neurological disorders,72,10980.37153160252,14719.55080980377,7495.587963392019
Male,Neurological disorders,73,11072.21938310356,14779.001681756015,7588.244475227561
Male,Neurological disorders,74,11158.410702507994,14920.769145642138,7685.491946816319
Male,Neurological disorders,75,11237.618586125147,15089.97547350622,7783.325088769338
Male,Neurological disorders,76,11308.516130264341,15231.742937392342,7877.738611697667
Male,Neurological disorders,77,11369.7764312349,15291.193809344588,7964.72722621235
Male,Neurological disorders,78,11416.595171645478,15271.121379038826,8036.663687051924
Male,Neurological disorders,79,11451.776729840014,15223.256352925087,8096.752817896773
Male,Neurological disorders,80,11485.407245730763,15166.12712820869,8157.237432770714
Male,Neurological disorders,81,11527.572859229978,15118.26210209495,8230.36034569756
Male,Neurological disorders,82,11588.35971024991,15098.189671789189,8328.36437070113
Male,Neurological disorders,83,11703.189140659942,15173.1056625502,8486.548443138176
Male,Neurological disorders,84,11890.659820131903,15375.384348873584,8719.345160864137
Male,Neurological disorders,85,12135.623880281717,15671.321801819846,9007.697831650883
Male,Neurological disorders,86,12422.933452725301,16027.2140924495,9332.549763270272
Male,Neurological disorders,87,12737.440669078582,16409.35729182306,9674.84426349417
Male,Neurological disorders,88,13131.087582138334,16899.98624616976,10086.091700834415
Male,Neurological disorders,89,13639.435003544997,17563.826277109933,10590.71276049121
Male,Neurological disorders,90,14222.763203179999,18340.909168790742,11129.016225268966
Male,Neurological disorders,91,14841.352450924753,19171.266705359354,11641.310877972086
Male,Neurological disorders,92,15455.48301666069,19994.93067096293,12067.90550140498
Male,Neurological disorders,93,16068.628930246674,20818.0182220433,12421.230180176552
Male,Neurological disorders,94,16709.751461660955,21684.877566627456,12749.957690947358
Male,Neurological disorders,95,17377.36174096401,22592.88706624035,13048.760854599304
Male,Neurological disorders,96,18069.970898216325,23539.425082406902,13312.312492014285
Male,Neurological disorders,97,18786.090063478394,24521.86997665204,13535.285424074198
Male,Neurological disorders,98,18786.09006347839,24521.86997665204,13535.2854240742
Male,Neurological disorders,99,18786.09006347839,24521.86997665204,13535.2854240742
Male,Neurological disorders,100,18786.09006347839,24521.86997665204,13535.2854240742
Male,Other non-communicable diseases,0,16776.93665518882,17587.57531233088,16139.74569596329
Male,Other non-communicable diseases,1,26879.295027285138,33836.576855047206,20998.159711870307
Male,Other non-communicable diseases,2,46349.38005648994,64008.7567285759,31184.397635522495
Male,Other non-communicable diseases,3,64496.594533990814,89274.36757121472,42049.69167045667
Male,Other non-communicable diseases,4,84055.88523421178,112589.19083201229,56134.77655837319
Male,Other non-communicable diseases,5,104533.35984371544,135164.62291622418,72528.04294118298
Male,Other non-communicable diseases,6,120673.72581264557,152217.52056013935,86114.78617579922
Male,Other non-communicable diseases,7,127221.6905911459,158964.7405000469,91780.30161913505
Male,Other non-communicable diseases,8,120146.14109521527,153049.6690954167,85555.821463649
Male,Other non-communicable diseases,9,103152.27640742925,138461.8382070417,70712.83032364381
Male,Other non-communicable diseases,10,82589.27222779667,119937.32282319528,52997.0021887989
Male,Other non-communicable diseases,11,64806.30425632642,102212.19793215081,38154.01104879372
Male,Other non-communicable diseases,12,56152.548193027294,90022.53852218165,31929.530893307663
Male,Other non-communicable diseases,13,54338.817255874164,82153.12056587903,32427.0528174936
Male,Other non-communicable diseases,14,52866.67843136742,74730.10991050088,33678.80564260824
Male,Other non-communicable diseases,15,51771.43807230421,68501.66635632074,35323.56994748683
Male,Other non-communicable diseases,16,51088.40253148171,64215.949703612074,37000.126310964595
Male,Other non-communicable diseases,17,50852.87816169707,62621.11975264841,38347.2553118768
Male,Other non-communicable diseases,18,50985.12930802979,62684.44137677959,39452.07502009166
Male,Other non-communicable diseases,19,51344.09670521863,62856.31435656422,40615.11322303419
Male,Other non-communicable diseases,20,51873.101290549545,63109.60085308893,41795.26507587477
Male,Other non-communicable diseases,21,52515.464001308515,63417.16302744037,42951.4257337838
Male,Other non-communicable diseases,22,53214.50577478151,63751.86304070517,44042.49035193166
Male,Other non-communicable diseases,23,53913.54754825451,64086.56305396996,45027.35408548873
Male,Other non-communicable diseases,24,54555.91025901347,64394.12522832141,45864.91208962541
Male,Other non-communicable diseases,25,55084.9148443444,64647.411724846126,46514.059519512084
Male,Other non-communicable diseases,26,55443.882241533225,64819.28470463074,46933.691530319134
Male,Other non-communicable diseases,27,55576.13338786596,64882.606328761925,47082.703277216955
Male,Other non-communicable diseases,28,55012.356143329605,64239.774280038044,46576.63218791166
Male,Other non-communicable diseases,29,53601.69036495871,62645.3596753979,45296.291068424325
Male,Other non-communicable diseases,30,51765.134985610566,60600.48482713875,43598.48814139783
Male,Other non-communicable diseases,31,49923.688938142426,58606.27204755787,41840.031629475016
Male,Other non-communicable diseases,32,48498.351155411576,57163.843648952505,40377.729755298744
Male,Other non-communicable diseases,33,47480.07862273501,56263.63681649894,39167.780028852205
Male,Other non-communicable diseases,34,46562.0609681969,55514.82395070064,37966.59824405981
Male,Other non-communicable diseases,35,45718.64608880524,54846.63018684563,36831.32004947629
Male,Other non-communicable diseases,36,44924.181881568045,54188.28066022193,35819.081093656394
Male,Other non-communicable diseases,37,44153.0162434933,53469.00050611758,34987.01702515482
Male,Other non-communicable diseases,38,43412.56241441161,52685.39352676141,34318.22136863
Male,Other non-communicable diseases,39,42715.71549453523,51883.97240564673,33739.39257708667
Male,Other non-communicable diseases,40,42045.04617144468,51068.82559995835,33223.073691598955
Male,Other non-communicable diseases,41,41383.1251327205,50244.04156688105,32741.807753241006
Male,Other non-communicable diseases,42,40712.52306594321,49413.70876359963,32268.13780308696
Male,Other non-communicable diseases,43,40028.448957328226,48562.39403908071,31803.62132382121
Male,Other non-communicable diseases,44,39342.49130770551,47687.155193237944,31363.806946987555
Male,Other non-communicable diseases,45,38661.79007657737,46810.81710967661,30942.224436949284
Male,Other non-communicable diseases,46,37993.485223446136,45956.204672002015,30532.403558069658
Male,Other non-communicable diseases,47,37344.71670781414,45146.14276381946,30127.87407471196
Male,Other non-communicable diseases,48,36704.00455656071,44378.79631275775,29723.136276685927
Male,Other non-communicable diseases,49,36065.820533922284,43636.62774504015,29321.99347423125
Male,Other non-communicable diseases,50,35446.23220543687,42918.90819216363,28931.92996235612
Male,Other non-communicable diseases,51,34861.30713664247,42224.908785625186,28560.43003606873
Male,Other non-communicable diseases,52,34327.1128930771,41553.900656921774,28214.977990377272
Male,Other non-communicable diseases,53,33815.68661123209,40877.79627911599,27895.459509969816
Male,Other non-communicable diseases,54,33310.625843312,40195.30846874438,27594.337795988667
Male,Other non-communicable diseases,55,32845.33877842469,39545.90887251489,27307.963418123407
Male,Other non-communicable diseases,56,32453.23360567801,38969.06913713548,27032.686946063608
Male,Other non-communicable diseases,57,32167.71851417982,38504.26090931405,26764.858949498834
Male,Other non-communicable diseases,58,31948.968796424946,38098.81272939849,26467.916740564244
Male,Other non-communicable diseases,59,31747.056313421337,37704.124212622475,26143.517659954305
Male,Other non-communicable diseases,60,31580.234107046545,37365.773618022744,25845.342320197575
Male,Other non-communicable diseases,61,31466.755219178136,37129.33920463598,25627.0713338226
Male,Other non-communicable diseases,62,31424.87269169365,37040.3992314989,25542.38531335793
Male,Other non-communicable diseases,63,31453.472814653946,37104.434620716296,25640.03876782573
Male,Other non-communicable diseases,64,31522.55781521737,37257.13439500395,25882.267351950675
Male,Other non-communicable diseases,65,31607.054640907732,37439.38896431502,26192.97339681511
Male,Other non-communicable diseases,66,31681.890239248838,37592.088738602666,26496.05923350135
Male,Other non-communicable diseases,67,31721.9915577645,37656.12412782007,26715.427193091728
Male,Other non-communicable diseases,68,31732.961672210353,37571.33933870174,26849.454795949547
Male,Other non-communicable diseases,69,31739.28559535958,37369.16022618882,26957.45292237983
Male,Other non-communicable diseases,70,31744.21318026229,37127.849672544355,27054.723943377507
Male,Other non-communicable diseases,71,31750.99427996861,36925.67056003143,27156.570229937493
Male,Other non-communicable diseases,72,31762.878747528663,36840.885770913104,27278.29415305471
Male,Other non-communicable diseases,73,31826.175029413796,36881.29396407465,27425.59463804525
Male,Other non-communicable diseases,74,31964.525677146627,36985.014363921415,27590.918401725023
Male,Other non-communicable diseases,75,32147.18170135418,37125.79070099658,27769.689502338697
Male,Other non-communicable diseases,76,32343.394112663464,37277.36670584334,27957.331998130925
Male,Other non-communicable diseases,77,32522.41392170149,37413.4861090049,28149.26994734638
Male,Other non-communicable diseases,78,32684.950003626116,37527.30508033112,28363.6328636875
Male,Other non-communicable diseases,79,32851.6919939025,37636.42360687405,28604.33714097364
Male,Other non-communicable diseases,80,33021.862043618625,37751.25114498024,28845.487157624826
Male,Other non-communicable diseases,81,33194.682303862435,37882.19715099617,29061.18729206108
Male,Other non-communicable diseases,82,33369.3749257219,38039.67108126839,29225.541922702443
Male,Other non-communicable diseases,83,33548.16097387506,38257.843020693326,29335.541701706552
Male,Other non-communicable diseases,84,33731.64646857765,38542.35100649891,29418.115313834187
Male,Other non-communicable diseases,85,33916.6309942842,38860.80642352878,29492.274186410046
Male,Other non-communicable diseases,86,34099.91413544923,39180.820656626616,29577.029746758853
Male,Other non-communicable diseases,87,34278.29547652731,39470.0050906361,29691.3934222053
Male,Other non-communicable diseases,88,34454.066733659834,39705.08330823105,29907.258314751605
Male,Other non-communicable diseases,89,34629.46303666169,39908.33772856865,30226.052161730302
Male,Other non-communicable diseases,90,34801.19909049759,40115.71799121765,30561.08834346154
Male,Other non-communicable diseases,91,34965.98960013228,40363.173735746765,30825.680240265494
Male,Other non-communicable diseases,92,35120.54927053046,40686.65460172472,30933.14123246233
Male,Other non-communicable diseases,93,35266.07820206613,41169.96613657119,30862.238495019872
Male,Other non-communicable diseases,94,35405.62380598231,41849.003019206786,30655.596804130266
Male,Other non-communicable diseases,95,35538.671753547285,42687.848586451655,30322.315941950157
Male,Other non-communicable diseases,96,35664.70771602937,43650.58617512592,29871.495690636188
Male,Other non-communicable diseases,97,35783.21736469685,44701.299122049764,29312.235832345013
Male,Other non-communicable diseases,98,35783.21736469685,44701.29912204976,29312.235832345013
Male,Other non-communicable diseases,99,35783.21736469685,44701.29912204976,29312.235832345013
Male,Other non-communicable diseases,100,35783.21736469685,44701.29912204976,29312.235832345013
Male,Sense organ diseases,0,623.96096676196,883.54816133837,393.22540278427
Male,Sense organ diseases,1,448.4839441095196,635.0672322727485,282.6383202781706
Male,Sense organ diseases,2,136.6954487183125,193.56501257628298,86.14661131766158
Male,Sense organ diseases,3,0.0,0.0,0.0
Male,Sense organ diseases,4,0.0,0.0,0.0
Male,Sense organ diseases,5,0.0,0.0,0.0
Male,Sense organ diseases,6,0.0,0.0,0.0
Male,Sense organ diseases,7,0.0,0.0,0.0
Male,Sense organ diseases,8,0.0,0.0,0.0
Male,Sense organ diseases,9,0.0,0.0,0.0
Male,Sense organ diseases,10,0.0,0.0,0.0
Male,Sense organ diseases,11,0.0,0.0,0.0
Male,Sense organ diseases,12,0.0,0.0,0.0
Male,Sense organ diseases,13,0.0,0.0,0.0
Male,Sense organ diseases,14,0.0,0.0,0.0
Male,Sense organ diseases,15,0.0,0.0,0.0
Male,Sense organ diseases,16,0.0,0.0,0.0
Male,Sense organ diseases,17,0.0,0.0,0.0
Male,Sense organ diseases,18,0.0,0.0,0.0
Male,Sense organ diseases,19,0.0,0.0,0.0
Male,Sense organ diseases,20,0.0,0.0,0.0
Male,Sense organ diseases,21,0.0,0.0,0.0
Male,Sense organ diseases,22,0.0,0.0,0.0
Male,Sense organ diseases,23,0.0,0.0,0.0
Male,Sense organ diseases,24,0.0,0.0,0.0
Male,Sense organ diseases,25,0.0,0.0,0.0
Male,Sense organ diseases,26,0.0,0.0,0.0
Male,Sense organ diseases,27,0.0,0.0,0.0
Male,Sense organ diseases,28,0.0,0.0,0.0
Male,Sense organ diseases,29,0.0,0.0,0.0
Male,Sense organ diseases,30,0.0,0.0,0.0
Male,Sense organ diseases,31,0.0,0.0,0.0
Male,Sense organ diseases,32,0.0,0.0,0.0
Male,Sense organ diseases,33,0.0,0.0,0.0
Male,Sense organ diseases,34,0.0,0.0,0.0
Male,Sense organ diseases,35,0.0,0.0,0.0
Male,Sense organ diseases,36,0.0,0.0,0.0
Male,Sense organ diseases,37,0.0,0.0,0.0
Male,Sense organ diseases,38,0.0,0.0,0.0
Male,Sense organ diseases,39,0.0,0.0,0.0
Male,Sense organ diseases,40,0.0,0.0,0.0
Male,Sense organ diseases,41,0.0,0.0,0.0
Male,Sense organ diseases,42,0.0,0.0,0.0
Male,Sense organ diseases,43,0.0,0.0,0.0
Male,Sense organ diseases,44,0.0,0.0,0.0
Male,Sense organ diseases,45,0.0,0.0,0.0
Male,Sense organ diseases,46,0.0,0.0,0.0
Male,Sense organ diseases,47,0.0,0.0,0.0
Male,Sense organ diseases,48,0.0,0.0,0.0
Male,Sense organ diseases,49,0.0,0.0,0.0
Male,Sense organ diseases,50,0.0,0.0,0.0
Male,Sense organ diseases,51,0.0,0.0,0.0
Male,Sense organ diseases,52,0.0,0.0,0.0
Male,Sense organ diseases,53,0.0,0.0,0.0
Male,Sense organ diseases,54,0.0,0.0,0.0
Male,Sense organ diseases,55,0.0,0.0,0.0
Male,Sense organ diseases,56,0.0,0.0,0.0
Male,Sense organ diseases,57,0.0,0.0,0.0
Male,Sense organ diseases,58,0.0,0.0,0.0
Male,Sense organ diseases,59,0.0,0.0,0.0
Male,Sense organ diseases,60,0.0,0.0,0.0
Male,Sense organ diseases,61,0.0,0.0,0.0
Male,Sense organ diseases,62,0.0,0.0,0.0
Male,Sense organ diseases,63,0.0,0.0,0.0
Male,Sense organ diseases,64,0.0,0.0,0.0
Male,Sense organ diseases,65,0.0,0.0,0.0
Male,Sense organ diseases,66,0.0,0.0,0.0
Male,Sense organ diseases,67,0.0,0.0,0.0
Male,Sense organ diseases,68,0.0,0.0,0.0
Male,Sense organ diseases,69,0.0,0.0,0.0
Male,Sense organ diseases,70,0.0,0.0,0.0
Male,Sense organ diseases,71,0.0,0.0,0.0
Male,Sense organ diseases,72,0.0,0.0,0.0
Male,Sense organ diseases,73,0.0,0.0,0.0
Male,Sense organ diseases,74,0.0,0.0,0.0
Male,Sense organ diseases,75,0.0,0.0,0.0
Male,Sense organ diseases,76,0.0,0.0,0.0
Male,Sense organ diseases,77,0.0,0.0,0.0
Male,Sense organ diseases,78,0.0,0.0,0.0
Male,Sense organ diseases,79,0.0,0.0,0.0
Male,Sense organ diseases,80,0.0,0.0,0.0
Male,Sense organ diseases,81,0.0,0.0,0.0
Male,Sense organ diseases,82,0.0,0.0,0.0
Male,Sense organ diseases,83,0.0,0.0,0.0
Male,Sense organ diseases,84,0.0,0.0,0.0
Male,Sense organ diseases,85,0.0,0.0,0.0
Male,Sense organ diseases,86,0.0,0.0,0.0
Male,Sense organ diseases,87,0.0,0.0,0.0
Male,Sense organ diseases,88,0.0,0.0,0.0
Male,Sense organ diseases,89,0.0,0.0,0.0
Male,Sense organ diseases,90,0.0,0.0,0.0
Male,Sense organ diseases,91,0.0,0.0,0.0
Male,Sense organ diseases,92,0.0,0.0,0.0
Male,Sense organ diseases,93,0.0,0.0,0.0
Male,Sense organ diseases,94,0.0,0.0,0.0
Male,Sense organ diseases,95,0.0,0.0,0.0
Male,Sense organ diseases,96,0.0,0.0,0.0
Male,Sense organ diseases,97,0.0,0.0,0.0
Male,Sense organ diseases,98,0.0,0.0,0.0
Male,Sense organ diseases,99,0.0,0.0,0.0
Male,Sense organ diseases,100,0.0,0.0,0.0
Male,Skin and subcutaneous diseases,0,24278.34034006026,26313.397172591307,22421.3683455758
Male,Skin and subcutaneous diseases,1,23952.42925537591,26853.887821920624,21556.433754154154
Male,Skin and subcutaneous diseases,2,23439.793637798743,27819.13182170697,20088.83906703136
Male,Skin and subcutaneous diseases,3,23236.03614927384,28441.14041109494,19467.28354736842
Male,Skin and subcutaneous diseases,4,23327.85729402855,28728.36025363397,19562.62256295589
Male,Skin and subcutaneous diseases,5,23569.680030990847,28907.827259288337,19814.02418606734
Male,Skin and subcutaneous diseases,6,23911.043314207993,29080.72248339795,20169.56528122635
Male,Skin and subcutaneous diseases,7,24301.48609772724,29348.226981302676,20577.3227129565
Male,Skin and subcutaneous diseases,8,24999.54181926164,30001.02191701012,21309.936328131556
Male,Skin and subcutaneous diseases,9,26088.332456892567,31053.64986515252,22456.24861217685
Male,Skin and subcutaneous diseases,10,27254.279775219755,32193.08399700671,23688.64038744326
Male,Skin and subcutaneous diseases,11,28183.805538842927,33106.29748384954,24679.49247628169
Male,Skin and subcutaneous diseases,12,28563.331512361823,33480.26349695785,25101.18570104304
Male,Skin and subcutaneous diseases,13,28465.24720253253,33160.1613916371,25126.41601728342
Male,Skin and subcutaneous diseases,14,28217.44534936336,32376.19960070726,25146.22222345246
Male,Skin and subcutaneous diseases,15,27889.602567332375,31392.894911716954,25160.499406241313
Male,Skin and subcutaneous diseases,16,27551.39547091765,30474.7641122148,25169.142652341117
Male,Skin and subcutaneous diseases,17,27272.50067459725,29886.32398974942,25172.04704844302
Male,Skin and subcutaneous diseases,18,27034.671242284407,29558.281459512407,25118.026465083967
Male,Skin and subcutaneous diseases,19,26779.814012889274,29247.682093056585,24971.399167395113
Male,Skin and subcutaneous diseases,20,26517.83626338526,28958.550662472433,24755.316833958906
Male,Skin and subcutaneous diseases,21,26258.645270745787,28694.911939850415,24492.9311433578
Male,Skin and subcutaneous diseases,22,26012.148311944286,28460.79069728101,24207.393774174237
Male,Skin and subcutaneous diseases,23,25788.25266395418,28260.21170685468,23921.856404990678
Male,Skin and subcutaneous diseases,24,25596.865603748873,28097.1997406619,23659.470714389572
Male,Skin and subcutaneous diseases,25,25447.8944083018,27975.779570793144,23443.388380953365
Male,Skin and subcutaneous diseases,26,25351.246354586383,27899.975969338877,23296.76108326451
Male,Skin and subcutaneous diseases,27,25316.82871957604,27873.81370838957,23242.74049990546
Male,Skin and subcutaneous diseases,28,25428.74536839598,28006.78982850914,23322.43768819324
Male,Skin and subcutaneous diseases,29,25718.384670705673,28348.496270835767,23532.334143669505
Male,Skin and subcutaneous diseases,30,26116.580660279935,28813.10015832134,23828.63720225367
Male,Skin and subcutaneous diseases,31,26554.167370893592,29314.768613917746,24167.554199865135
Male,Skin and subcutaneous diseases,32,26961.97883632145,29767.66876057686,24505.2924724233
Male,Skin and subcutaneous diseases,33,27343.94635052483,30168.66309621444,24866.70678113519
Male,Skin and subcutaneous diseases,34,27748.49538334534,30575.473092244796,25291.746335065738
Male,Skin and subcutaneous diseases,35,28173.201232378222,30993.554331867665,25759.260141921233
Male,Skin and subcutaneous diseases,36,28615.63919521873,31428.362398282763,26248.097209407963
Male,Skin and subcutaneous diseases,37,29073.38456946212,31885.35287468983,26737.106545232196
Male,Skin and subcutaneous diseases,38,29541.170721975835,32356.474662920256,27222.44603340823
Male,Skin and subcutaneous diseases,39,30022.498589620063,32840.37036284105,27719.456451151174
Male,Skin and subcutaneous diseases,40,30528.09482497914,33352.53610470535,28235.7611459686
Male,Skin and subcutaneous diseases,41,31068.686080637406,33908.46801876631,28778.983465368055
Male,Skin and subcutaneous diseases,42,31654.99900917921,34523.662235277094,29356.746756857112
Male,Skin and subcutaneous diseases,43,32283.906651438865,35211.39663608783,29956.35253764124
Male,Skin and subcutaneous diseases,44,32957.11538069761,35976.10793348326,30577.53677300995
Male,Skin and subcutaneous diseases,45,33692.60184821018,36820.03050336842,31246.57448259687
Male,Skin and subcutaneous diseases,46,34508.34270523128,37745.398721648344,31989.740686035595
Male,Skin and subcutaneous diseases,47,35422.31460301567,38754.44696422807,32833.310402959745
Male,Skin and subcutaneous diseases,48,36548.60178699808,39929.081899140205,33906.82293788937
Male,Skin and subcutaneous diseases,49,37909.79509557387,41294.17366796911,35227.95055035535
Male,Skin and subcutaneous diseases,50,39386.63106943871,42766.401856947494,36655.1676925076
Male,Skin and subcutaneous diseases,51,40859.846249288275,44262.44605230803,38046.94881649602
Male,Skin and subcutaneous diseases,52,42210.17717581823,45698.98584028339,39261.7683744705
Male,Skin and subcutaneous diseases,53,43413.78245376542,47063.612061704094,40259.06642547664
Male,Skin and subcutaneous diseases,54,44553.37944822668,48411.89965005989,41144.626991214245
Male,Skin and subcutaneous diseases,55,45669.54284043764,49762.50433057237,41996.44046781456
Male,Skin and subcutaneous diseases,56,46802.84731163393,51134.08182846309,42892.497251408764
Male,Skin and subcutaneous diseases,57,47993.86754305119,52545.28786895363,43910.78773812811
Male,Skin and subcutaneous diseases,58,49146.876555741146,53891.752105017295,45001.2533383112
Male,Skin and subcutaneous diseases,59,50237.0012710104,55162.45785467988,46128.25436876525
Male,Skin and subcutaneous diseases,60,51411.097220476826,56516.09134074182,47391.40958532432
Male,Skin and subcutaneous diseases,61,52816.01993575836,58111.338786003485,48890.33774382249
Male,Skin and subcutaneous diseases,62,54598.624948472905,60106.88641326529,50724.65760009384
Male,Skin and subcutaneous diseases,63,57382.16464755471,63066.97623481627,53418.39776805639
Male,Skin and subcutaneous diseases,64,61383.60037398507,67165.23300654498,57167.15893770739
Male,Skin and subcutaneous diseases,65,66140.35108745242,71974.41706665099,61577.91797899971
Male,Skin and subcutaneous diseases,66,71189.83574764521,77067.28875333394,66257.6517618862
Male,Skin and subcutaneous diseases,67,76069.47331425184,82016.60840479344,70813.33715631977
Male,Skin and subcutaneous diseases,68,81278.956062337,87277.0992551223,75730.75459711059
Male,Skin and subcutaneous diseases,69,87138.82578816755,93145.97273854156,81284.87610878308
Male,Skin and subcutaneous diseases,70,92917.77573323529,98959.7214934431,86766.46594586164
Male,Skin and subcutaneous diseases,71,97884.49913903198,104054.83815821883,91466.28836287055
Male,Skin and subcutaneous diseases,72,101307.68924704936,107767.81537126064,94675.10761433416
Male,Skin and subcutaneous diseases,73,103323.91076481175,110165.84093948352,96532.64117262994
Male,Skin and subcutaneous diseases,74,104783.33804706298,111985.67190882309,97865.87969911775
Male,Skin and subcutaneous diseases,75,106025.07880612403,113568.1547762024,98996.4972317955
Male,Skin and subcutaneous diseases,76,107388.24075431594,115254.13603854441,100246.16780866106
Male,Skin and subcutaneous diseases,77,109211.9316039597,117384.4621927722,101936.56546771235
Male,Skin and subcutaneous diseases,78,111850.23484288983,120208.49675302905,104410.47225505876
Male,Skin and subcutaneous diseases,79,115215.23542235812,123584.37076243077,107597.81554982618
Male,Skin and subcutaneous diseases,80,118983.04324981164,127266.08201135913,111200.98738953716
Male,Skin and subcutaneous diseases,81,122829.76823269734,131007.62829019589,114922.3798117144
Male,Skin and subcutaneous diseases,82,126431.5202784623,134563.00738932277,118464.38485388045
Male,Skin and subcutaneous diseases,83,130306.03024602526,138456.24867584376,122379.43583312065
Male,Skin and subcutaneous diseases,84,134669.82466061536,142851.7054569806,126866.21558958382
Male,Skin and subcutaneous diseases,85,138747.20692914515,146963.86143329166,131096.4904453878
Male,Skin and subcutaneous diseases,86,141762.48045852716,150007.20030533546,134242.02672265045
Male,Skin and subcutaneous diseases,87,142939.94865567394,151196.20577367043,135474.5907434896
Male,Skin and subcutaneous diseases,88,142697.62749551906,151001.2237519656,135175.07952069878
Male,Skin and subcutaneous diseases,89,142075.84777227818,150515.09752066864,134397.3429031388
Male,Skin and subcutaneous diseases,90,141232.38512178714,149886.05683050593,133322.57646702824
Male,Skin and subcutaneous diseases,91,140325.0151798816,149262.33143220376,132131.97578858575
Male,Skin and subcutaneous diseases,92,139511.51358239734,148792.1510764885,131006.7364440299
Male,Skin and subcutaneous diseases,93,138791.19864996342,148458.5443206737,129932.6118398667
Male,Skin and subcutaneous diseases,94,138058.39971151957,148150.56887188015,128778.62878707374
Male,Skin and subcutaneous diseases,95,137313.40891536765,147875.49820554486,127550.89296857701
Male,Skin and subcutaneous diseases,96,136556.51840980948,147640.60579710483,126255.51006730253
Male,Skin and subcutaneous diseases,97,135788.02034314696,147453.1651219971,124898.58576617627
Male,Skin and subcutaneous diseases,98,135788.02034314696,147453.1651219971,124898.58576617629
Male,Skin and subcutaneous diseases,99,135788.02034314696,147453.1651219971,124898.58576617629
Male,Skin and subcutaneous diseases,100,135788.02034314696,147453.1651219971,124898.58576617629
Male,Substance use disorders,0,108.90138245552,139.84521630925,83.14554337844001
Male,Substance use disorders,1,78.27496289725993,100.5164385533563,59.76245825601103
Male,Substance use disorders,2,23.857779787178536,30.636859696057233,18.215269810907476
Male,Substance use disorders,3,0.0,0.0,0.0
Male,Substance use disorders,4,0.0,0.0,0.0
Male,Substance use disorders,5,0.0,0.0,0.0
Male,Substance use disorders,6,0.0,0.0,0.0
Male,Substance use disorders,7,0.0,0.0,0.0
Male,Substance use disorders,8,36.971629180054634,64.09739516545922,19.737190950800834
Male,Substance use disorders,9,138.2205658795379,236.09455918986606,75.03238505842289
Male,Substance use disorders,10,289.24788383742884,485.5489598652643,160.01101420569552
Male,Substance use disorders,11,475.55465679270645,782.0180649836976,268.7985102754481
Male,Substance use disorders,12,682.64195848435,1095.05934233721,395.5203051505099
Male,Substance use disorders,13,1027.5191498652184,1524.9840650792314,675.7554151540784
Male,Substance use disorders,14,1558.2131514897692,2118.875892943787,1162.1848703082726
Male,Substance use disorders,15,2156.7513764993773,2766.4508735938134,1724.587123044303
Male,Substance use disorders,16,2705.161238035419,3357.4250546922462,2232.7406257933817
Male,Substance use disorders,17,3085.47014923927,3781.514483902021,2556.42383098672
Male,Substance use disorders,18,3339.0709421474708,4080.414440561284,2739.5971394773305
Male,Substance use disorders,19,3583.286764461101,4366.8057275524825,2911.739751937599
Male,Substance use disorders,20,3814.0405028183495,4636.882677855002,3070.908320527799
Male,Substance use disorders,21,4027.2550438574026,4886.839624448228,3215.159497408201
Male,Substance use disorders,22,4218.853274216447,5112.870900311549,3342.5499347390773
Male,Substance use disorders,23,4384.758080533671,5311.170838424352,3451.1362846807006
Male,Substance use disorders,24,4520.89234944726,5477.933771766022,3538.9751993933405
Male,Substance use disorders,25,4623.1789675954005,5609.354033315945,3604.1233310372713
Male,Substance use disorders,26,4687.540821616281,5701.625956053509,3644.637331772764
Male,Substance use disorders,27,4709.90079814809,5750.943872958101,3658.57385376009
Male,Substance use disorders,28,4709.737386812538,5776.116335229151,3655.8501302163886
Male,Substance use disorders,29,4709.248517867833,5797.715257851361,3648.0849320200373
Male,Substance use disorders,30,4708.436238906901,5814.580019482011,3635.887217823165
Male,Substance use disorders,31,4707.302597522668,5825.549998778393,3619.865946277903
Male,Substance use disorders,32,4705.84964130806,5829.46457439779,3600.6300760363797
Male,Substance use disorders,33,4647.483649571045,5760.96408247124,3555.7045451492572
Male,Substance use disorders,34,4502.069652461765,5588.064107093999,3471.767691156965
Male,Substance use disorders,35,4309.297823836407,5359.666898869675,3363.158571946281
Male,Substance use disorders,36,4108.858337551163,5124.674708401878,3244.216245403987
Male,Substance use disorders,37,3940.44136746222,4931.98978629422,3129.2797694168603
Male,Substance use disorders,38,3803.381446285713,4783.052255100901,3008.45832750625
Male,Substance use disorders,39,3670.755245778289,4644.104815692628,2871.233378842235
Male,Substance use disorders,40,3542.8661483569063,4511.2535861477645,2731.0023947846976
Male,Substance use disorders,41,3420.0175364385236,4380.604684544677,2601.1628466935153
Male,Substance use disorders,42,3302.5127924401,4248.264228961731,2495.11220592857
Male,Substance use disorders,43,3189.614143052017,4110.94533808502,2413.5696300298396
Male,Substance use disorders,44,3080.6487367843324,3971.229223757901,2344.2380814263815
Male,Substance use disorders,45,2976.017338783516,3834.0241437946293,2280.9907388116912
Male,Substance use disorders,46,2876.120714196038,3704.2383560094604,2217.700780879266
Male,Substance use disorders,47,2781.35962816837,3586.7801182166504,2148.2413863226
Male,Substance use disorders,48,2690.909370002917,3482.5474088403453,2067.867983548039
Male,Substance use disorders,49,2603.9937287096836,3386.9449248318806,1980.4957532372268
Male,Substance use disorders,50,2521.086218996539,3296.6410017962967,1892.9875024966123
Male,Substance use disorders,51,2442.660355571352,3208.3039753386333,1812.206038432644
Male,Substance use disorders,52,2369.18965314199,3118.60218106393,1745.0141681517698
Male,Substance use disorders,53,2302.9613986920417,3027.6945425267127,1693.5550038202718
Male,Substance use disorders,54,2243.0876463368786,2937.783027840886,1651.284497549834
Male,Substance use disorders,55,2185.2790614820424,2848.600539450558,1612.034716365008
Male,Substance use disorders,56,2125.246309533078,2759.8799797998367,1569.6377272903462
Male,Substance use disorders,57,2058.70005589553,2671.35425133283,1517.9255973504
Male,Substance use disorders,58,1984.5414362002002,2586.773748578498,1448.8389209711806
Male,Substance use disorders,59,1904.9997884821319,2506.3126903475704,1364.4013050861868
Male,Substance use disorders,60,1820.7780817532305,2424.3397155068105,1273.5693354812026
Male,Substance use disorders,61,1732.5792850254013,2335.2234629229793,1185.2995979420123
Male,Substance use disorders,62,1641.1063673105498,2233.33257146284,1108.5486782544
Male,Substance use disorders,63,1540.6486970763874,2102.264252799524,1044.0874415041703
Male,Substance use disorders,64,1430.2654074088834,1942.6457913547838,985.1411927830725
Male,Substance use disorders,65,1317.8141142473298,1774.3909351183124,929.3481778858096
Male,Substance use disorders,66,1211.1524335310182,1617.4134320798034,874.3466426070846
Male,Substance use disorders,67,1118.13798119924,1491.62703022895,817.7748327415999
Male,Substance use disorders,68,1035.7505417744399,1394.325337426097,755.0930434919902
Male,Substance use disorders,69,957.3444720168987,1308.0778322873732,687.8757768933821
Male,Substance use disorders,70,885.3392462226637,1230.712068936147,622.9325889892157
Male,Substance use disorders,71,822.154338687782,1160.0556014957863,567.0730358229316
Male,Substance use disorders,72,770.2092237083,1093.93598408966,527.10667343797
Male,Substance use disorders,73,727.0574467631591,1029.5766459112251,500.34731622085445
Male,Substance use disorders,74,688.612113667633,967.4782233753925,478.5305256439691
Male,Substance use disorders,75,654.8320392222671,910.3840814377114,460.09847837954555
Male,Substance use disorders,76,625.6760382276077,861.037585053731,443.4933510998153
Male,Substance use disorders,77,601.1029254842,822.182099179,427.15732047701
Male,Substance use disorders,78,578.18700794735,789.0993198092966,409.4157614656948
Male,Substance use disorders,79,555.7839325849291,757.492375307431,391.1234297949409
Male,Substance use disorders,80,536.5245242163311,730.7367791795011,374.5165732987386
Male,Substance use disorders,81,523.0396076609501,712.208044931605,361.83143981107816
Male,Substance use disorders,82,517.96000773818,705.28168606984,355.30427716595
Male,Substance use disorders,83,518.1833962972786,707.0996364033007,352.79885071526746
Male,Substance use disorders,84,518.8250804476869,711.9581134383284,350.7329808750963
Male,Substance use disorders,85,519.8423378990739,718.9640562268917,349.17399807565533
Male,Substance use disorders,86,521.1924463611085,727.2244038209594,348.1892327471637
Male,Substance use disorders,87,522.83268354346,735.8460952725001,347.84601531984003
Male,Substance use disorders,88,526.9966150624955,744.9380629126736,348.35720409639873
Male,Substance use disorders,89,535.1383832255084,755.7106279808355,349.5761927174234
Male,Substance use disorders,90,546.0461307785565,768.9228128912487,351.0311146199367
Male,Substance use disorders,91,558.5080004676978,785.3336400581759,352.25010324096127
Male,Substance use disorders,92,571.31213503899,805.7021318958799,352.76129201752
Male,Substance use disorders,93,585.1373907947774,837.833970273674,351.4237504851544
Male,Substance use disorders,94,601.2765699298383,886.7986272982256,347.73710602076
Male,Substance use disorders,95,619.4387340288825,949.2508107398294,342.1903288233904
Male,Substance use disorders,96,639.3329446766201,1021.8452283687793,335.2723890920992
Male,Substance use disorders,97,660.66826345776,1101.23658795537,327.47225702594
Male,Substance use disorders,98,660.66826345776,1101.23658795537,327.47225702594
Male,Substance use disorders,99,660.66826345776,1101.23658795537,327.47225702594
Male,Substance use disorders,100,660.66826345776,1101.23658795537,327.47225702594
