cause_id,cause_name,parent_id,level,sex,age,val,upper,lower
295,"Communicable, maternal, neonatal, and nutritional diseases",294,1,Both,0,24702.83340768412,26643.269231020473,22872.82556111808
295,"Communicable, maternal, neonatal, and nutritional diseases",294,1,Both,1,24702.83340768412,26643.269231020473,22872.82556111808
295,"Communicable, maternal, neonatal, and nutritional diseases",294,1,Both,2,24702.83340768412,26643.269231020473,22872.82556111808
295,"Communicable, maternal, neonatal, and nutritional diseases",294,1,Both,3,23043.070727176088,25203.043102370644,21215.848186493848
295,"Communicable, maternal, neonatal, and nutritional diseases",294,1,Both,4,21711.877911670446,24083.690678457227,19843.27515247417
295,"Communicable, maternal, neonatal, and nutritional diseases",294,1,Both,5,20732.38665750729,23284.73891128056,18803.25426866377
295,"Communicable, maternal, neonatal, and nutritional diseases",294,1,Both,6,20127.72866102667,22805.71475284098,18143.933344667403
295,"Communicable, maternal, neonatal, and nutritional diseases",294,1,Both,7,19921.03561856867,22646.14515513882,17913.46019008978
295,"Communicable, maternal, neonatal, and nutritional diseases",294,1,Both,8,20148.877206697227,22880.41289832029,18082.3084412167
295,"Communicable, maternal, neonatal, and nutritional diseases",294,1,Both,9,20757.279467285505,23509.621761051272,18538.133208970452
295,"Communicable, maternal, neonatal, and nutritional diseases",294,1,Both,10,21633.55864463742,24423.38019311161,19204.854514910516
295,"Communicable, maternal, neonatal, and nutritional diseases",294,1,Both,11,22665.030983056866,25511.296644281145,20006.39238059638
295,"Communicable, maternal, neonatal, and nutritional diseases",294,1,Both,12,23739.01272684777,26662.979564339726,20866.66682758751
295,"Communicable, maternal, neonatal, and nutritional diseases",294,1,Both,13,25041.850914598737,28145.74344744196,22006.91038542416
295,"Communicable, maternal, neonatal, and nutritional diseases",294,1,Both,14,26722.3464572701,30135.73398329106,23572.328398090547
295,"Communicable, maternal, neonatal, and nutritional diseases",294,1,Both,15,28611.496407723313,32385.80641498979,25372.800108812145
295,"Communicable, maternal, neonatal, and nutritional diseases",294,1,Both,16,30540.29781881983,34648.8159856409,27218.204760814388
295,"Communicable, maternal, neonatal, and nutritional diseases",294,1,Both,17,32339.74774342112,36677.61793834715,28918.42159732276
295,"Communicable, maternal, neonatal, and nutritional diseases",294,1,Both,18,34065.72235325965,38549.13495887753,30510.78841841917
295,"Communicable, maternal, neonatal, and nutritional diseases",294,1,Both,19,35831.285201291175,40433.66943883318,32122.56562664902
295,"Communicable, maternal, neonatal, and nutritional diseases",294,1,Both,20,37553.21441221221,42224.1461800652,33698.51636893299
295,"Communicable, maternal, neonatal, and nutritional diseases",294,1,Both,21,39148.288110719215,43813.48998442463,35183.40379219175
295,"Communicable, maternal, neonatal, and nutritional diseases",294,1,Both,22,40533.28442150866,45094.62565376255,36521.99104334596
295,"Communicable, maternal, neonatal, and nutritional diseases",294,1,Both,23,41722.34146225969,46072.86331892128,37750.609070105376
295,"Communicable, maternal, neonatal, and nutritional diseases",294,1,Both,24,42800.443733619875,46881.20678235483,38922.78006767033
295,"Communicable, maternal, neonatal, and nutritional diseases",294,1,Both,25,43790.6389347383,47604.121353331786,40009.05405419735
295,"Communicable, maternal, neonatal, and nutritional diseases",294,1,Both,26,44715.97476476405,48326.07234112076,40979.98104784302
295,"Communicable, maternal, neonatal, and nutritional diseases",294,1,Both,27,45599.498922846185,49131.525054990336,41806.111066763864
295,"Communicable, maternal, neonatal, and nutritional diseases",294,1,Both,28,46450.22379982594,50061.506912732206,42495.30080364391
295,"Communicable, maternal, neonatal, and nutritional diseases",294,1,Both,29,47259.853173287906,51062.20763268078,43095.77663137486
295,"Communicable, maternal, neonatal, and nutritional diseases",294,1,Both,30,48025.47182249628,52075.83597491865,43638.64308842473
295,"Communicable, maternal, neonatal, and nutritional diseases",294,1,Both,31,48744.164526715256,53044.60069952845,44155.00471326159
295,"Communicable, maternal, neonatal, and nutritional diseases",294,1,Both,32,49413.01606520902,53910.71056659281,44675.966044353496
295,"Communicable, maternal, neonatal, and nutritional diseases",294,1,Both,33,50101.403745799355,54745.8592921061,45254.730209108195
295,"Communicable, maternal, neonatal, and nutritional diseases",294,1,Both,34,50817.7705514481,55597.78526961988,45871.620535217655
295,"Communicable, maternal, neonatal, and nutritional diseases",294,1,Both,35,51467.799774129504,56372.76427555255,46448.4218615763
295,"Communicable, maternal, neonatal, and nutritional diseases",294,1,Both,36,51957.17470581784,56977.07208632253,46906.91902707851
295,"Communicable, maternal, neonatal, and nutritional diseases",294,1,Both,37,52191.578638487365,57316.98447834821,47168.896870618686
295,"Communicable, maternal, neonatal, and nutritional diseases",294,1,Both,38,52260.94008021434,57482.63747843853,47298.50987259119
295,"Communicable, maternal, neonatal, and nutritional diseases",294,1,Both,39,52317.18542793903,57622.44866587635,47408.52907043457
295,"Communicable, maternal, neonatal, and nutritional diseases",294,1,Both,40,52358.99480693162,57730.11614579094,47493.66413860946
295,"Communicable, maternal, neonatal, and nutritional diseases",294,1,Both,41,52385.04834246236,57799.33802331155,47548.624751576586
295,"Communicable, maternal, neonatal, and nutritional diseases",294,1,Both,42,52394.02615980144,57823.812403567485,47568.12058379659
295,"Communicable, maternal, neonatal, and nutritional diseases",294,1,Both,43,52330.31564817539,57751.36440020036,47500.843736162155
295,"Communicable, maternal, neonatal, and nutritional diseases",294,1,Both,44,52158.75351253646,57558.661006056136,47318.75347858779
295,"Communicable, maternal, neonatal, and nutritional diseases",294,1,Both,45,51908.69385174348,57282.663145070495,47051.46023906688
295,"Communicable, maternal, neonatal, and nutritional diseases",294,1,Both,46,51609.49076465526,56960.33174117915,46728.57444559284
295,"Communicable, maternal, neonatal, and nutritional diseases",294,1,Both,47,51290.49835013064,56628.627718317795,46379.70652615907
295,"Communicable, maternal, neonatal, and nutritional diseases",294,1,Both,48,50786.84707361357,56178.09063594329,45801.82208893589
295,"Communicable, maternal, neonatal, and nutritional diseases",294,1,Both,49,50047.303623312575,55565.29950098093,44932.81998381018
295,"Communicable, maternal, neonatal, and nutritional diseases",294,1,Both,50,49271.67643223338,54926.27440856917,44013.71050135019
295,"Communicable, maternal, neonatal, and nutritional diseases",294,1,Both,51,48659.77393338168,54397.03545384638,43285.50393212416
295,"Communicable, maternal, neonatal, and nutritional diseases",294,1,Both,52,48411.40455976317,54113.602731951,42989.21056670032
295,"Communicable, maternal, neonatal, and nutritional diseases",294,1,Both,53,48422.93777872022,54022.3209175251,43043.23840105232
295,"Communicable, maternal, neonatal, and nutritional diseases",294,1,Both,54,48450.44007007932,53964.97633466632,43172.07400604555
295,"Communicable, maternal, neonatal, and nutritional diseases",294,1,Both,55,48483.26538557245,53920.75155269643,43325.84553458587
295,"Communicable, maternal, neonatal, and nutritional diseases",294,1,Both,56,48510.767676931544,53868.82914093718,43454.681139579094
295,"Communicable, maternal, neonatal, and nutritional diseases",294,1,Both,57,48522.30089588859,53788.391668710356,43508.7089739311
295,"Communicable, maternal, neonatal, and nutritional diseases",294,1,Both,58,48442.72749753546,53656.04046712809,43465.26901282164
295,"Communicable, maternal, neonatal, and nutritional diseases",294,1,Both,59,48232.21225721026,53466.82842514853,43347.05667140528
295,"Communicable, maternal, neonatal, and nutritional diseases",294,1,Both,60,47933.06260701429,53227.61544886244,43172.233262550035
295,"Communicable, maternal, neonatal, and nutritional diseases",294,1,Both,61,47587.58597904884,52945.26144436056,42958.96009912389
295,"Communicable, maternal, neonatal, and nutritional diseases",294,1,Both,62,47238.08980541522,52626.626317733695,42725.39849399487
295,"Communicable, maternal, neonatal, and nutritional diseases",294,1,Both,63,46845.961011663545,52187.268575014816,42394.60337938278
295,"Communicable, maternal, neonatal, and nutritional diseases",294,1,Both,64,46368.26789116842,51590.57073683785,41919.794617996515
295,"Communicable, maternal, neonatal, and nutritional diseases",294,1,Both,65,45840.839927767855,50915.128731194935,41364.380918437695
295,"Communicable, maternal, neonatal, and nutritional diseases",294,1,Both,66,45299.50660529987,50239.53848607819,40791.77098930795
295,"Communicable, maternal, neonatal, and nutritional diseases",294,1,Both,67,44780.0974076025,49642.39592947976,40265.3735392089
295,"Communicable, maternal, neonatal, and nutritional diseases",294,1,Both,68,44273.52072587534,49131.08116427335,39786.33993526711
295,"Communicable, maternal, neonatal, and nutritional diseases",294,1,Both,69,43755.87046010103,48650.63401947033,39312.32037372082
295,"Communicable, maternal, neonatal, and nutritional diseases",294,1,Both,70,43240.75435729218,48186.14001226931,38841.47180683912
295,"Communicable, maternal, neonatal, and nutritional diseases",294,1,Both,71,42741.78016446133,47722.684659868915,38371.951186891085
295,"Communicable, maternal, neonatal, and nutritional diseases",294,1,Both,72,42272.55562862105,47245.35347946775,37901.91546614585
295,"Communicable, maternal, neonatal, and nutritional diseases",294,1,Both,73,41826.59167708107,46748.943138971605,37386.289078708774
295,"Communicable, maternal, neonatal, and nutritional diseases",294,1,Both,74,41392.88421974722,46243.31428021593,36826.29803999107
295,"Communicable, maternal, neonatal, and nutritional diseases",294,1,Both,75,40978.26847752614,45736.14838129377,36289.5516742205
295,"Communicable, maternal, neonatal, and nutritional diseases",294,1,Both,76,40589.57967132454,45235.12692029821,35843.659305624904
295,"Communicable, maternal, neonatal, and nutritional diseases",294,1,Both,77,40233.65302204911,44747.93137532228,35556.23025843206
295,"Communicable, maternal, neonatal, and nutritional diseases",294,1,Both,78,39922.41331922681,44276.61352143282,35404.359377360604
295,"Communicable, maternal, neonatal, and nutritional diseases",294,1,Both,79,39647.14552419457,43815.68893779071,35300.26461430813
295,"Communicable, maternal, neonatal, and nutritional diseases",294,1,Both,80,39383.725115573936,43361.53480863012,35214.23995427085
295,"Communicable, maternal, neonatal, and nutritional diseases",294,1,Both,81,39108.02757198646,42910.52831818523,35116.57938224499
295,"Communicable, maternal, neonatal, and nutritional diseases",294,1,Both,82,38795.92837205372,42459.046650690216,34977.57688322678
295,"Communicable, maternal, neonatal, and nutritional diseases",294,1,Both,83,38393.764180405466,41958.90308615384,34746.62121196813
295,"Communicable, maternal, neonatal, and nutritional diseases",294,1,Both,84,37913.25845334454,41412.4924961873,34424.77697260777
295,"Communicable, maternal, neonatal, and nutritional diseases",294,1,Both,85,37428.36685700213,40892.06445242843,34059.85192422208
295,"Communicable, maternal, neonatal, and nutritional diseases",294,1,Both,86,37013.04505750941,40469.86852651509,33699.65382588748
295,"Communicable, maternal, neonatal, and nutritional diseases",294,1,Both,87,36741.24872099756,40218.1542900851,33391.99043668038
295,"Communicable, maternal, neonatal, and nutritional diseases",294,1,Both,88,36590.520888915155,40099.03221899638,33120.76032508741
295,"Communicable, maternal, neonatal, and nutritional diseases",294,1,Both,89,36477.22730676203,40014.72819148471,32851.19723909483
295,"Communicable, maternal, neonatal, and nutritional diseases",294,1,Both,90,36383.55769674628,39947.66488275474,32603.11170702849
295,"Communicable, maternal, neonatal, and nutritional diseases",294,1,Both,91,36291.70178107597,39880.26496801109,32396.31425721424
295,"Communicable, maternal, neonatal, and nutritional diseases",294,1,Both,92,36183.84928195921,39794.9511224584,32250.61541797793
295,"Communicable, maternal, neonatal, and nutritional diseases",294,1,Both,93,36059.412104937976,39689.78044739397,32144.121274106088
295,"Communicable, maternal, neonatal, and nutritional diseases",294,1,Both,94,35929.84370107021,39575.0833745604,32047.14795108102
295,"Communicable, maternal, neonatal, and nutritional diseases",294,1,Both,95,35795.39611083789,39451.69257483027,31967.821038272265
295,"Communicable, maternal, neonatal, and nutritional diseases",294,1,Both,96,35656.32137472307,39320.44071907617,31914.266125049355
295,"Communicable, maternal, neonatal, and nutritional diseases",294,1,Both,97,35512.87153320772,39182.16047817069,31894.608800781814
295,"Communicable, maternal, neonatal, and nutritional diseases",294,1,Both,98,35512.87153320772,39182.16047817069,31894.60880078182
295,"Communicable, maternal, neonatal, and nutritional diseases",294,1,Both,99,35512.87153320772,39182.16047817069,31894.60880078182
295,"Communicable, maternal, neonatal, and nutritional diseases",294,1,Both,100,35512.87153320772,39182.16047817069,31894.60880078182
295,"Communicable, maternal, neonatal, and nutritional diseases",294,1,Female,0,23540.9884729224,26273.709906070257,21259.45254225396
295,"Communicable, maternal, neonatal, and nutritional diseases",294,1,Female,1,23540.9884729224,26273.709906070257,21259.45254225396
295,"Communicable, maternal, neonatal, and nutritional diseases",294,1,Female,2,23540.9884729224,26273.709906070257,21259.45254225396
295,"Communicable, maternal, neonatal, and nutritional diseases",294,1,Female,3,22108.51867748873,24869.820381380578,19752.75741524285
295,"Communicable, maternal, neonatal, and nutritional diseases",294,1,Female,4,21032.513969168864,23869.06311027589,18566.82471023599
295,"Communicable, maternal, neonatal, and nutritional diseases",294,1,Female,5,20291.065016484703,23219.071418316693,17709.730711657878
295,"Communicable, maternal, neonatal, and nutritional diseases",294,1,Female,6,19862.26248795814,22867.478631063477,17189.551703933037
295,"Communicable, maternal, neonatal, and nutritional diseases",294,1,Female,7,19724.19705211109,22761.91807407674,17014.36397148598
295,"Communicable, maternal, neonatal, and nutritional diseases",294,1,Female,8,20005.359881139724,23104.88398185524,17241.134599162673
295,"Communicable, maternal, neonatal, and nutritional diseases",294,1,Female,9,20756.872748492944,24018.565261424486,17851.01892330592
295,"Communicable, maternal, neonatal, and nutritional diseases",294,1,Female,10,21840.772224571727,25330.137247135113,18738.375605585497
295,"Communicable, maternal, neonatal, and nutritional diseases",294,1,Female,11,23119.094879777043,26866.775273337746,19797.56330767115
295,"Communicable, maternal, neonatal, and nutritional diseases",294,1,Female,12,24453.87728450987,28455.654674383008,20922.94069123265
295,"Communicable, maternal, neonatal, and nutritional diseases",294,1,Female,13,26117.563539984934,30423.538670483373,22374.73970126824
295,"Communicable, maternal, neonatal, and nutritional diseases",294,1,Female,14,28297.95056689031,32982.99828465296,24329.393390305693
295,"Communicable, maternal, neonatal, and nutritional diseases",294,1,Female,15,30730.10416483698,35789.92055544484,26555.562081309057
295,"Communicable, maternal, neonatal, and nutritional diseases",294,1,Female,16,33149.09013343592,38500.192521412086,28821.906097242387
295,"Communicable, maternal, neonatal, and nutritional diseases",294,1,Female,17,35289.97427229814,40769.7012211078,30897.08576106973
295,"Communicable, maternal, neonatal, and nutritional diseases",294,1,Female,18,37171.146473192974,42629.92100502065,32826.958247869974
295,"Communicable, maternal, neonatal, and nutritional diseases",294,1,Female,19,38979.86392982032,44347.59573014676,34767.384286574765
295,"Communicable, maternal, neonatal, and nutritional diseases",294,1,Female,20,40704.49339468696,45931.51669480041,36652.02953092733
295,"Communicable, maternal, neonatal, and nutritional diseases",294,1,Female,21,42333.401620299686,47390.4751972959,38414.55963467087
295,"Communicable, maternal, neonatal, and nutritional diseases",294,1,Female,22,43854.95535916527,48733.26253594749,39988.64025154861
295,"Communicable, maternal, neonatal, and nutritional diseases",294,1,Female,23,45271.91404968057,49925.434424507366,41397.403013152994
295,"Communicable, maternal, neonatal, and nutritional diseases",294,1,Female,24,46604.67334104809,50980.74728630872,42708.9378199586
295,"Communicable, maternal, neonatal, and nutritional diseases",294,1,Female,25,47868.05430198313,51980.2934840374,43924.34772903187
295,"Communicable, maternal, neonatal, and nutritional diseases",294,1,Female,26,49076.87800120102,53005.16538037926,45044.7357974392
295,"Communicable, maternal, neonatal, and nutritional diseases",294,1,Female,27,50245.96550741704,54136.45533802012,46071.20508224704
295,"Communicable, maternal, neonatal, and nutritional diseases",294,1,Female,28,51399.02422155864,55488.864491049826,46992.39603216474
295,"Communicable, maternal, neonatal, and nutritional diseases",294,1,Female,29,52530.56253317803,57015.54687189293,47822.98706517821
295,"Communicable, maternal, neonatal, and nutritional diseases",294,1,Female,30,53611.60299392772,58555.27419073729,48603.1381922687
295,"Communicable, maternal, neonatal, and nutritional diseases",294,1,Female,31,54613.16815546016,59946.81815777081,49373.00942441747
295,"Communicable, maternal, neonatal, and nutritional diseases",294,1,Female,32,55506.28056942782,61028.95048318137,50172.76077260578
295,"Communicable, maternal, neonatal, and nutritional diseases",294,1,Female,33,56392.8158502916,61920.64605749387,51137.447361613595
295,"Communicable, maternal, neonatal, and nutritional diseases",294,1,Female,34,57307.671862671465,62783.5159395488,52240.325547796776
295,"Communicable, maternal, neonatal, and nutritional diseases",294,1,Female,35,58121.40453345855,63520.28609200743,53278.85718950037
295,"Communicable, maternal, neonatal, and nutritional diseases",294,1,Female,36,58704.56978954399,64033.682477531016,54050.50414506948
295,"Communicable, maternal, neonatal, and nutritional diseases",294,1,Female,37,58927.72355781888,64226.43105878082,54352.72827284916
295,"Communicable, maternal, neonatal, and nutritional diseases",294,1,Female,38,58910.721296008,64218.58787505815,54303.18835732919
295,"Communicable, maternal, neonatal, and nutritional diseases",294,1,Female,39,58862.40109473204,64195.64511314987,54170.0355164001
295,"Communicable, maternal, neonatal, and nutritional diseases",294,1,Female,40,58786.792830225975,64158.482956945554,53976.47010850809
295,"Communicable, maternal, neonatal, and nutritional diseases",294,1,Female,41,58687.92637872479,64107.9815903348,53745.69249209937
295,"Communicable, maternal, neonatal, and nutritional diseases",294,1,Female,42,58569.831616463474,64045.0211972072,53500.90302562014
295,"Communicable, maternal, neonatal, and nutritional diseases",294,1,Female,43,58312.23084135827,63762.47629630128,53214.54358179337
295,"Communicable, maternal, neonatal, and nutritional diseases",294,1,Female,44,57840.932153772446,63143.743449139176,52848.67354089339
295,"Communicable, maternal, neonatal, and nutritional diseases",294,1,Female,45,57229.09413361146,62325.48590378585,52410.91952269346
295,"Communicable, maternal, neonatal, and nutritional diseases",294,1,Female,46,56549.87536078081,61444.366908306314,51908.908146966845
295,"Communicable, maternal, neonatal, and nutritional diseases",294,1,Female,47,55876.43441518595,60637.049710765525,51350.26603348681
295,"Communicable, maternal, neonatal, and nutritional diseases",294,1,Female,48,55120.90016516219,59859.86275905185,50572.045538111735
295,"Communicable, maternal, neonatal, and nutritional diseases",294,1,Female,49,54223.78268024566,59020.5241015272,49534.64253996867
295,"Communicable, maternal, neonatal, and nutritional diseases",294,1,Female,50,53300.812342143145,58182.7813869669,48430.6989437339
295,"Communicable, maternal, neonatal, and nutritional diseases",294,1,Female,51,52467.71953256138,57410.38226414624,47452.85665408368
295,"Communicable, maternal, neonatal, and nutritional diseases",294,1,Female,52,51840.23463320714,56767.07438184055,46793.75757569429
295,"Communicable, maternal, neonatal, and nutritional diseases",294,1,Female,53,51402.35350331776,56225.44984753907,46408.23881325341
295,"Communicable, maternal, neonatal, and nutritional diseases",294,1,Female,54,51040.36444763418,55724.08421189767,46102.59204656355
295,"Communicable, maternal, neonatal, and nutritional diseases",294,1,Female,55,50723.43651611854,55275.70028844161,45846.64104297326
295,"Communicable, maternal, neonatal, and nutritional diseases",294,1,Female,56,50420.73875873298,54893.02089069615,45610.209569831066
295,"Communicable, maternal, neonatal, and nutritional diseases",294,1,Female,57,50101.440225439655,54588.76883218655,45363.121394485526
295,"Communicable, maternal, neonatal, and nutritional diseases",294,1,Female,58,49783.24875517595,54373.0601358829,45125.82756434994
295,"Communicable, maternal, neonatal, and nutritional diseases",294,1,Female,59,49486.60907324462,54217.379472417735,44917.72322694949
295,"Communicable, maternal, neonatal, and nutritional diseases",294,1,Female,60,49184.795559155864,54076.50262681007,44707.04829980054
295,"Communicable, maternal, neonatal, and nutritional diseases",294,1,Female,61,48851.08259241992,53905.20538407883,44462.04270041942
295,"Communicable, maternal, neonatal, and nutritional diseases",294,1,Female,62,48458.74455254699,53658.26352924302,44150.946346322475
295,"Communicable, maternal, neonatal, and nutritional diseases",294,1,Female,63,47949.51372447001,53172.87283892197,43666.2970535548
295,"Communicable, maternal, neonatal, and nutritional diseases",294,1,Female,64,47322.82803317199,52407.6752168087,42990.5110047841
295,"Communicable, maternal, neonatal, and nutritional diseases",294,1,Female,65,46638.52031823815,51499.61563853267,42226.64566746068
295,"Communicable, maternal, neonatal, and nutritional diseases",294,1,Female,66,45956.42341925378,50585.6390797234,41477.75850903479
295,"Communicable, maternal, neonatal, and nutritional diseases",294,1,Female,67,45336.370175804106,49802.69051601034,40846.90699695673
295,"Communicable, maternal, neonatal, and nutritional diseases",294,1,Female,68,44783.08942941885,49133.32243817292,40348.235784414755
295,"Communicable, maternal, neonatal, and nutritional diseases",294,1,Female,69,44254.88766647772,48481.70435550994,39905.28129211002
295,"Communicable, maternal, neonatal, and nutritional diseases",294,1,Female,70,43741.964193840926,47867.20677142989,39485.18863876215
295,"Communicable, maternal, neonatal, and nutritional diseases",294,1,Female,71,43234.51831836874,47309.200189341296,39055.102943090766
295,"Communicable, maternal, neonatal, and nutritional diseases",294,1,Female,72,42722.749346921366,46827.0551126527,38582.16932381548
295,"Communicable, maternal, neonatal, and nutritional diseases",294,1,Female,73,42202.27816048808,46434.87910659352,38026.29376946035
295,"Communicable, maternal, neonatal, and nutritional diseases",294,1,Female,74,41679.6154253728,46106.5942243499,37406.64179918718
295,"Communicable, maternal, neonatal, and nutritional diseases",294,1,Female,75,41161.295126407735,45801.29270126541,36779.24782767216
295,"Communicable, maternal, neonatal, and nutritional diseases",294,1,Female,76,40653.85124842508,45478.06677268358,36200.14626959155
295,"Communicable, maternal, neonatal, and nutritional diseases",294,1,Female,77,40163.81777625706,45096.00867394799,35725.371539621556
295,"Communicable, maternal, neonatal, and nutritional diseases",294,1,Female,78,39664.049520883505,44572.240469070945,35342.88072648829
295,"Communicable, maternal, neonatal, and nutritional diseases",294,1,Female,79,39149.40793006397,43924.718413036455,35000.1404416333
295,"Communicable, maternal, neonatal, and nutritional diseases",294,1,Female,80,38659.43694380023,43263.78602764564,34692.44938380594
295,"Communicable, maternal, neonatal, and nutritional diseases",294,1,Female,81,38233.68050209409,42699.786834699626,34415.10625175558
295,"Communicable, maternal, neonatal, and nutritional diseases",294,1,Female,82,37911.682544947325,42343.06435599952,34163.40974423157
295,"Communicable, maternal, neonatal, and nutritional diseases",294,1,Female,83,37683.767277217914,42164.852143457785,33937.70518018318
295,"Communicable, maternal, neonatal, and nutritional diseases",294,1,Female,84,37500.31549688216,42041.07354992561,33735.738781199754
295,"Communicable, maternal, neonatal, and nutritional diseases",294,1,Female,85,37340.95603361932,41939.10679861232,33548.91059999073
295,"Communicable, maternal, neonatal, and nutritional diseases",294,1,Female,86,37185.317717108686,41826.33011272717,33368.6206892656
295,"Communicable, maternal, neonatal, and nutritional diseases",294,1,Female,87,37013.02937702954,41670.12171547947,33186.26910173378
295,"Communicable, maternal, neonatal, and nutritional diseases",294,1,Female,88,36813.24657248549,41402.034851600154,33004.26867172513
295,"Communicable, maternal, neonatal, and nutritional diseases",294,1,Female,89,36599.41320716087,41029.19320094051,32828.187981763534
295,"Communicable, maternal, neonatal, and nutritional diseases",294,1,Female,90,36387.59062760592,40632.330639390275,32654.16070684954
295,"Communicable, maternal, neonatal, and nutritional diseases",294,1,Female,91,36193.840180370935,40292.18104283923,32478.32052198368
295,"Communicable, maternal, neonatal, and nutritional diseases",294,1,Female,92,36034.22321200619,40089.47828717711,32296.8011021665
295,"Communicable, maternal, neonatal, and nutritional diseases",294,1,Female,93,35901.18757683785,39987.44190031356,32109.404541587493
295,"Communicable, maternal, neonatal, and nutritional diseases",294,1,Female,94,35778.63132073204,39898.96122496071,31918.567028953086
295,"Communicable, maternal, neonatal, and nutritional diseases",294,1,Female,95,35669.791077549,39829.27485921199,31724.373381039208
295,"Communicable, maternal, neonatal, and nutritional diseases",294,1,Female,96,35577.90348114892,39783.62140116088,31526.908414621794
295,"Communicable, maternal, neonatal, and nutritional diseases",294,1,Female,97,35506.20516539201,39767.239448900866,31326.25694647676
295,"Communicable, maternal, neonatal, and nutritional diseases",294,1,Female,98,35506.205165392006,39767.23944890086,31326.25694647676
295,"Communicable, maternal, neonatal, and nutritional diseases",294,1,Female,99,35506.205165392006,39767.23944890086,31326.25694647676
295,"Communicable, maternal, neonatal, and nutritional diseases",294,1,Female,100,35506.205165392006,39767.23944890086,31326.25694647676
295,"Communicable, maternal, neonatal, and nutritional diseases",294,1,Male,0,25814.50876670525,28819.526831131283,23427.43932248375
295,"Communicable, maternal, neonatal, and nutritional diseases",294,1,Male,1,25814.50876670525,28819.526831131283,23427.43932248375
295,"Communicable, maternal, neonatal, and nutritional diseases",294,1,Male,2,25814.50876670525,28819.526831131283,23427.43932248375
295,"Communicable, maternal, neonatal, and nutritional diseases",294,1,Male,3,23936.916209186573,27075.59697923623,21491.90968092087
295,"Communicable, maternal, neonatal, and nutritional diseases",294,1,Male,4,22361.431265465417,25625.673757404984,19844.663943153384
295,"Communicable, maternal, neonatal, and nutritional diseases",294,1,Male,5,21154.195420064734,24523.48908265132,18567.18109741324
295,"Communicable, maternal, neonatal, and nutritional diseases",294,1,Male,6,20381.350157507502,23822.77487198902,17740.94013193239
295,"Communicable, maternal, neonatal, and nutritional diseases",294,1,Male,7,20109.03696231665,23577.26304243186,17447.42003494279
295,"Communicable, maternal, neonatal, and nutritional diseases",294,1,Male,8,20286.13019340497,23750.843915445752,17603.88247726819
295,"Communicable, maternal, neonatal, and nutritional diseases",294,1,Male,9,20758.29972021889,24218.143017998547,18020.20981970072
295,"Communicable, maternal, neonatal, and nutritional diseases",294,1,Male,10,21436.880293081857,24898.995075356936,18616.81208542485
295,"Communicable, maternal, neonatal, and nutritional diseases",294,1,Male,11,22233.20666231732,25713.23481278759,19314.099297625067
295,"Communicable, maternal, neonatal, and nutritional diseases",294,1,Male,12,23058.61357824873,26580.6969555572,20032.48147948585
295,"Communicable, maternal, neonatal, and nutritional diseases",294,1,Male,13,24023.732624912744,27690.024585763374,20847.36850721347
295,"Communicable, maternal, neonatal, and nutritional diseases",294,1,Male,14,25240.305198562903,29179.817434357417,21853.275011675563
295,"Communicable, maternal, neonatal, and nutritional diseases",294,1,Male,15,26621.33076784799,30894.845199886506,22999.2681480487
295,"Communicable, maternal, neonatal, and nutritional diseases",294,1,Male,16,28079.808801416784,32679.87758089786,24234.415071509437
295,"Communicable, maternal, neonatal, and nutritional diseases",294,1,Male,17,29528.73876791805,34379.68427593866,25507.78293723433
295,"Communicable, maternal, neonatal, and nutritional diseases",294,1,Male,18,31083.60314954801,36136.74284721918,26964.50376679148
295,"Communicable, maternal, neonatal, and nutritional diseases",294,1,Male,19,32807.406212853304,38055.090755058445,28652.772038648316
295,"Communicable, maternal, neonatal, and nutritional diseases",294,1,Male,20,34534.43010300836,39921.83754516693,30376.24859333036
295,"Communicable, maternal, neonatal, and nutritional diseases",294,1,Male,21,36098.95696518759,41524.09276325504,31938.59427136314
295,"Communicable, maternal, neonatal, and nutritional diseases",294,1,Male,22,37335.26894456542,42648.9659550332,33143.46991327219
295,"Communicable, maternal, neonatal, and nutritional diseases",294,1,Male,23,38285.2238046331,43358.65511959246,34041.36950897205
295,"Communicable, maternal, neonatal, and nutritional diseases",294,1,Male,24,39115.588166012705,43907.95620039148,34824.48900902984
295,"Communicable, maternal, neonatal, and nutritional diseases",294,1,Male,25,39848.00745957491,44372.87565969211,35509.042194949936
295,"Communicable, maternal, neonatal, and nutritional diseases",294,1,Male,26,40504.12711619035,44829.41995975621,36111.24284823669
295,"Communicable, maternal, neonatal, and nutritional diseases",294,1,Male,27,41105.59256672967,45353.59556284559,36647.30475039447
295,"Communicable, maternal, neonatal, and nutritional diseases",294,1,Male,28,41651.41444264251,45953.06794635114,37125.856989184125
295,"Communicable, maternal, neonatal, and nutritional diseases",294,1,Male,29,42140.03683904425,46578.60865423095,37552.663944360866
295,"Communicable, maternal, neonatal, and nutritional diseases",294,1,Male,30,42592.255382304174,47220.88324859773,37939.6423354206
295,"Communicable, maternal, neonatal, and nutritional diseases",294,1,Male,31,43028.865698791546,47870.55729156421,38298.70888185925
295,"Communicable, maternal, neonatal, and nutritional diseases",294,1,Male,32,43470.66341487566,48518.2963452431,38641.78030317274
295,"Communicable, maternal, neonatal, and nutritional diseases",294,1,Male,33,43950.92499685919,49231.9735080149,38972.11799880957
295,"Communicable, maternal, neonatal, and nutritional diseases",294,1,Male,34,44456.16711784395,50017.88561376387,39284.90071537353
295,"Communicable, maternal, neonatal, and nutritional diseases",294,1,Male,35,44937.0457143979,50774.33382785838,39579.92119309345
295,"Communicable, maternal, neonatal, and nutritional diseases",294,1,Male,36,45344.21672308898,51399.619315666816,39856.972172198155
295,"Communicable, maternal, neonatal, and nutritional diseases",294,1,Male,37,45628.33608048516,51792.04324255753,40115.84639291647
295,"Communicable, maternal, neonatal, and nutritional diseases",294,1,Male,38,45814.389592371575,52007.614878722496,40388.29002261618
295,"Communicable, maternal, neonatal, and nutritional diseases",294,1,Male,39,45966.205491569046,52177.94608081245,40676.83444784065
295,"Communicable, maternal, neonatal, and nutritional diseases",294,1,Male,40,46092.70335519902,52314.741893883904,40937.45023758207
295,"Communicable, maternal, neonatal, and nutritional diseases",294,1,Male,41,46202.80276038297,52429.70736299337,41126.10796083263
295,"Communicable, maternal, neonatal, and nutritional diseases",294,1,Male,42,46305.42328424233,52534.547533197365,41198.77818658456
295,"Communicable, maternal, neonatal, and nutritional diseases",294,1,Male,43,46413.05441551736,52642.315683188455,41135.17133519632
295,"Communicable, maternal, neonatal, and nutritional diseases",294,1,Male,44,46522.41631465527,52749.36519425865,40972.22735744888
295,"Communicable, maternal, neonatal, and nutritional diseases",294,1,Male,45,46618.77456633803,52842.351265363635,40751.76111796816
295,"Communicable, maternal, neonatal, and nutritional diseases",294,1,Male,46,46687.39475524758,52907.92909545912,40515.58748138013
295,"Communicable, maternal, neonatal, and nutritional diseases",294,1,Male,47,46713.54246606589,52932.753883500794,40305.52131231069
295,"Communicable, maternal, neonatal, and nutritional diseases",294,1,Male,48,46532.7299247513,52785.44231361444,40090.738697698165
295,"Communicable, maternal, neonatal, and nutritional diseases",294,1,Male,49,46101.56155700113,52434.1608777316,39843.3181525074
295,"Communicable, maternal, neonatal, and nutritional diseases",294,1,Male,50,45586.94124710576,52014.8894865166,39609.42818340408
295,"Communicable, maternal, neonatal, and nutritional diseases",294,1,Male,51,45155.77287935559,51663.60805063375,39435.237297053915
295,"Communicable, maternal, neonatal, and nutritional diseases",294,1,Male,52,44974.960338041,51516.296480747405,39366.91400012259
295,"Communicable, maternal, neonatal, and nutritional diseases",294,1,Male,53,45176.207357170526,51702.58433663128,39604.92345527893
295,"Communicable, maternal, neonatal, and nutritional diseases",294,1,Male,54,45656.104095094786,52146.80922373899,40172.48446372865
295,"Communicable, maternal, neonatal, and nutritional diseases",294,1,Male,55,46228.88407261728,52677.013121254626,40849.89598994283
295,"Communicable, maternal, neonatal, and nutritional diseases",294,1,Male,56,46708.78081054153,53121.23800836232,41417.45699839256
295,"Communicable, maternal, neonatal, and nutritional diseases",294,1,Male,57,46910.02782967106,53307.5258642462,41655.46645354889
295,"Communicable, maternal, neonatal, and nutritional diseases",294,1,Male,58,46850.67324706843,53277.772086213154,41604.10484993512
295,"Communicable, maternal, neonatal, and nutritional diseases",294,1,Male,59,46693.836517508615,53195.325834685515,41466.207843164935
295,"Communicable, maternal, neonatal, and nutritional diseases",294,1,Male,60,46471.35816836372,53070.409733520566,41266.05713934507
295,"Communicable, maternal, neonatal, and nutritional diseases",294,1,Male,61,46215.07872700582,52913.24640657557,41027.934444582235
295,"Communicable, maternal, neonatal, and nutritional diseases",294,1,Male,62,45956.83872080703,52734.05847770781,40776.12146498316
295,"Communicable, maternal, neonatal, and nutritional diseases",294,1,Male,63,45677.694391319455,52436.918537952864,40456.93961107482
295,"Communicable, maternal, neonatal, and nutritional diseases",294,1,Male,64,45346.28702863257,51966.19464049719,40032.1424921406
295,"Communicable, maternal, neonatal, and nutritional diseases",294,1,Male,65,44975.83473292451,51392.55260242435,39549.16011242184
295,"Communicable, maternal, neonatal, and nutritional diseases",294,1,Male,66,44579.55560437338,50786.65824081792,39055.42247615992
295,"Communicable, maternal, neonatal, and nutritional diseases",294,1,Male,67,44170.66774315732,50219.17737276149,38598.35958759615
295,"Communicable, maternal, neonatal, and nutritional diseases",294,1,Male,68,43714.1518492273,49661.16983508461,38171.43390774017
295,"Communicable, maternal, neonatal, and nutritional diseases",294,1,Male,69,43197.41846405606,49065.13214136162,37742.8829133536
295,"Communicable, maternal, neonatal, and nutritional diseases",294,1,Male,70,42667.330450104375,48473.88512379322,37322.29913230582
295,"Communicable, maternal, neonatal, and nutritional diseases",294,1,Male,71,42170.750669833025,47930.24961458013,36919.27509246622
295,"Communicable, maternal, neonatal, and nutritional diseases",294,1,Male,72,41754.54198570278,47477.04644592306,36543.40332170416
295,"Communicable, maternal, neonatal, and nutritional diseases",294,1,Male,73,41392.357391933845,47080.42927217287,36170.18883989996
295,"Communicable, maternal, neonatal, and nutritional diseases",294,1,Male,74,41042.99835708434,46698.23418989502,35790.90957085777
295,"Communicable, maternal, neonatal, and nutritional diseases",294,1,Male,75,40731.05045512186,46360.805694612136,35438.81739833272
295,"Communicable, maternal, neonatal, and nutritional diseases",294,1,Male,76,40481.09926001404,46098.48828184684,35147.16420607994
295,"Communicable, maternal, neonatal, and nutritional diseases",294,1,Male,77,40317.73034572847,45941.62644712176,34949.20187785454
295,"Communicable, maternal, neonatal, and nutritional diseases",294,1,Male,78,40230.29855324644,45869.03134634986,34837.95775029394
295,"Communicable, maternal, neonatal, and nutritional diseases",294,1,Male,79,40175.801277026185,45825.56284081546,34765.565340675916
295,"Communicable, maternal, neonatal, and nutritional diseases",294,1,Male,80,40130.28792125077,45790.6384840982,34703.93580371603
295,"Communicable, maternal, neonatal, and nutritional diseases",294,1,Male,81,40069.80789010326,45743.67582977772,34624.98029412989
295,"Communicable, maternal, neonatal, and nutritional diseases",294,1,Male,82,39970.41058776672,45664.09243143365,34500.609966633114
295,"Communicable, maternal, neonatal, and nutritional diseases",294,1,Male,83,39510.22632968602,45239.22385264142,34125.311826489495
295,"Communicable, maternal, neonatal, and nutritional diseases",294,1,Male,84,38596.2932553056,44374.6746427208,33440.37482052088
295,"Communicable, maternal, neonatal, and nutritional diseases",294,1,Male,85,37548.02250480797,43377.265833867954,32637.91301577989
295,"Communicable, maternal, neonatal, and nutritional diseases",294,1,Male,86,36684.825218375576,42553.818458279056,31910.04047931918
295,"Communicable, maternal, neonatal, and nutritional diseases",294,1,Male,87,36326.11253619089,42211.15354815027,31448.87127819136
295,"Communicable, maternal, neonatal, and nutritional diseases",294,1,Male,88,36341.4695868797,42462.46691096587,31200.195009798095
295,"Communicable, maternal, neonatal, and nutritional diseases",294,1,Male,89,36378.090246214546,43061.75262229537,30985.72869793746
295,"Communicable, maternal, neonatal, and nutritional diseases",294,1,Male,90,36421.79877509808,43777.02911646283,30811.477549256728
295,"Communicable, maternal, neonatal, and nutritional diseases",294,1,Male,91,36458.41943443293,44376.31482779234,30683.446770403178
295,"Communicable, maternal, neonatal, and nutritional diseases",294,1,Male,92,36473.776485121736,44627.62819060794,30607.641568024057
295,"Communicable, maternal, neonatal, and nutritional diseases",294,1,Male,93,36423.3260459484,44592.61196894473,30562.672375067203
295,"Communicable, maternal, neonatal, and nutritional diseases",294,1,Male,94,36284.701551633,44469.95108565936,30524.406203981205
295,"Communicable, maternal, neonatal, and nutritional diseases",294,1,Male,95,36076.993236982424,44233.227213308215,30494.73313066454
295,"Communicable, maternal, neonatal, and nutritional diseases",294,1,Male,96,35819.29133680359,43856.02202444769,30475.543231015665
295,"Communicable, maternal, neonatal, and nutritional diseases",294,1,Male,97,35530.68608590338,43311.91719163416,30468.72658093305
295,"Communicable, maternal, neonatal, and nutritional diseases",294,1,Male,98,35530.68608590338,43311.91719163416,30468.72658093305
295,"Communicable, maternal, neonatal, and nutritional diseases",294,1,Male,99,35530.68608590338,43311.91719163416,30468.72658093305
295,"Communicable, maternal, neonatal, and nutritional diseases",294,1,Male,100,35530.68608590338,43311.91719163416,30468.72658093305
410,Neoplasms,409,2,Both,0,1000.17737553718,1228.27562390907,807.62153988192
410,Neoplasms,409,2,Both,1,1000.17737553718,1228.27562390907,807.62153988192
410,Neoplasms,409,2,Both,2,1000.17737553718,1228.27562390907,807.62153988192
410,Neoplasms,409,2,Both,3,956.486984565139,1179.966369677012,772.4473795031822
410,Neoplasms,409,2,Both,4,915.9966237661706,1135.783161551048,738.6908782855558
410,Neoplasms,409,2,Both,5,879.4951384593834,1097.700184513909,706.4705081516121
410,Neoplasms,409,2,Both,6,847.7713739638868,1067.691623548326,675.904741023923
410,Neoplasms,409,2,Both,7,821.6141755987901,1047.73166363703,647.11204882506
410,Neoplasms,409,2,Both,8,797.9399943511172,1033.9670697384408,616.4756618865939
410,Neoplasms,409,2,Both,9,774.9081911429471,1021.7914102261872,583.7191457225239
410,Neoplasms,409,2,Both,10,755.1719761959703,1012.0490752058114,553.9714750290651
410,Neoplasms,409,2,Both,11,741.3845597318776,1005.5844547828548,532.361624502432
410,Neoplasms,409,2,Both,12,736.19915197236,1003.24193906286,524.01856883884
410,Neoplasms,409,2,Both,13,752.3322656257951,1023.0730184090248,536.6398098248334
410,Neoplasms,409,2,Both,14,794.8471290285722,1075.5787891940952,569.9614068063397
410,Neoplasms,409,2,Both,15,854.9170258443987,1150.278050537937,617.1701708186483
410,Neoplasms,409,2,Both,16,923.7152397369822,1236.6896015604132,671.4529128970487
410,Neoplasms,409,2,Both,17,992.41505437003,1324.33224138139,725.99644407683
410,Neoplasms,409,2,Both,18,1063.597804701077,1420.4323676268268,783.3102737821594
410,Neoplasms,409,2,Both,19,1145.4236980694857,1535.8440653748255,849.9679990111924
410,Neoplasms,409,2,Both,20,1237.434326711704,1665.527664923464,925.2525621602008
410,Neoplasms,409,2,Both,21,1339.1712828641826,1804.44349657082,1008.446905625456
410,Neoplasms,409,2,Both,22,1450.17615876337,1947.55189061497,1098.83397180323
410,Neoplasms,409,2,Both,23,1578.0669319184672,2096.205744555023,1202.2915580282877
410,Neoplasms,409,2,Both,24,1726.5377958117715,2255.1130845680996,1321.953413832526
410,Neoplasms,409,2,Both,25,1889.2446666393791,2424.2669339692984,1452.9864099079166
410,Neoplasms,409,2,Both,26,2059.8434605973835,2603.660316073716,1590.5574169464307
410,Neoplasms,409,2,Both,27,2231.99009388188,2793.28625419645,1729.8333056400402
410,Neoplasms,409,2,Both,28,2407.612883721754,2997.461670045346,1871.7960412187283
410,Neoplasms,409,2,Both,29,2591.529163871791,3218.0163209060997,2020.2006061530892
410,Neoplasms,409,2,Both,30,2781.728375316933,3451.2124834605816,2174.3733969960067
410,Neoplasms,409,2,Both,31,2976.199959042125,3693.3124343906607,2333.6408103003655
410,Neoplasms,409,2,Both,32,3172.93335603231,3940.5784503782097,2497.32924261905
410,Neoplasms,409,2,Both,33,3370.415667175998,4193.256380786442,2666.335610273773
410,Neoplasms,409,2,Both,34,3570.1683053430897,4454.535132277616,2841.5285458275857
410,Neoplasms,409,2,Both,35,3774.7321794906175,4725.091567482171,3022.1920201953817
410,Neoplasms,409,2,Both,36,3986.6481985756104,5005.602549030543,3207.6100042920557
410,Neoplasms,409,2,Both,37,4208.4572715551,5296.744939553169,3397.0664690325
410,Neoplasms,409,2,Both,38,4441.497057288242,5606.634090672633,3589.548165893592
410,Neoplasms,409,2,Both,39,4684.974245617044,5935.872900418471,3785.834727474317
410,Neoplasms,409,2,Both,40,4938.2332919728115,6273.869551031555,3987.8994463727304
410,Neoplasms,409,2,Both,41,5200.618651786855,6610.0322247527565,4197.715615186893
410,Neoplasms,409,2,Both,42,5471.47478049048,6933.76910382295,4417.2565265148605
410,Neoplasms,409,2,Both,43,5746.903524168881,7227.81961910112,4644.34410987966
410,Neoplasms,409,2,Both,44,6028.203149630594,7499.456084049441,4878.628808131203
410,Neoplasms,409,2,Both,45,6322.512743391942,7774.88600481357,5124.8266838578775
410,Neoplasms,409,2,Both,46,6636.97139196925,8080.316887539161,5387.65379964807
410,Neoplasms,409,2,Both,47,6978.71818187884,8441.95623837187,5671.82621809017
410,Neoplasms,409,2,Both,48,7354.553340240269,8909.16111500258,5977.9020866778355
410,Neoplasms,409,2,Both,49,7764.893823363511,9482.777387278637,6306.769356184021
410,Neoplasms,409,2,Both,50,8207.303811550515,10116.245779580386,6663.638794116054
410,Neoplasms,409,2,Both,51,8679.347485103232,10763.007016288177,7053.721167981264
410,Neoplasms,409,2,Both,52,9178.58902432361,11376.50182178235,7482.22724528698
410,Neoplasms,409,2,Both,53,9717.434839089154,11936.744713358754,7982.106377432315
410,Neoplasms,409,2,Both,54,10303.153334179538,12474.7961335996,8561.001099870417
410,Neoplasms,409,2,Both,55,10925.601682249971,13020.665694814792,9186.16195618966
410,Neoplasms,409,2,Both,56,11574.637055955667,13604.363009314233,9824.839489978423
410,Neoplasms,409,2,Both,57,12240.116627951831,14255.89768940782,10444.28424482509
410,Neoplasms,409,2,Both,58,12942.195852010598,15031.648746616633,11045.225425762788
410,Neoplasms,409,2,Both,59,13690.065494990196,15924.144243256664,11649.524851967892
410,Neoplasms,409,2,Both,60,14457.13569917498,16867.617367830204,12256.131988243647
410,Neoplasms,409,2,Both,61,15216.816606849305,17796.30130883955,12863.996299393297
410,Neoplasms,409,2,Both,62,15942.518360297512,18644.429254786988,13472.06725022008
410,Neoplasms,409,2,Both,63,16639.564269616043,19407.87397900221,14088.382869415427
410,Neoplasms,409,2,Both,64,17326.52632475626,20133.955400987248,14713.646922767137
410,Neoplasms,409,2,Both,65,17996.68768778495,20834.077428502947,15335.80748072298
410,Neoplasms,409,2,Both,66,18643.331520768883,21519.643969310117,15942.812613730748
410,Neoplasms,409,2,Both,67,19259.740985774828,22202.05893116959,16522.61039223822
410,Neoplasms,409,2,Both,68,19852.03044491277,22918.168092558884,17078.53133375035
410,Neoplasms,409,2,Both,69,20426.956450154747,23660.760406711845,17620.00660490984
410,Neoplasms,409,2,Both,70,20978.765448360653,24375.154543523782,18144.13524987113
410,Neoplasms,409,2,Both,71,21501.70388639035,25006.669172890022,18648.016312788648
410,Neoplasms,409,2,Both,72,21990.01821110375,25500.6229647059,19128.748837816813
410,Neoplasms,409,2,Both,73,22469.033810574376,25868.45362685032,19629.998273813297
410,Neoplasms,409,2,Both,74,22946.390102734873,26174.622994288104,20155.657872189204
410,Neoplasms,409,2,Both,75,23389.80457923376,26443.98592754341,20643.168380929143
410,Neoplasms,409,2,Both,76,23766.99473171957,26701.397287140404,21029.97054801771
410,Neoplasms,409,2,Both,77,24045.67805184081,26971.71193360326,21253.50512143951
410,Neoplasms,409,2,Both,78,24234.64317827703,27264.88496282593,21349.552066172295
410,Neoplasms,409,2,Both,79,24379.959353122096,27564.45725221136,21410.50384530389
410,Neoplasms,409,2,Both,80,24505.26497314598,27855.662334547167,21458.719953983997
410,Neoplasms,409,2,Both,81,24634.198435118666,28123.733742620992,21516.55988736232
410,Neoplasms,409,2,Both,82,24790.39813581013,28353.90500922045,21606.38314058856
410,Neoplasms,409,2,Both,83,25018.666046032267,28571.501764392633,21827.95628245641
410,Neoplasms,409,2,Both,84,25305.99791117367,28792.04618408426,22192.519938436508
410,Neoplasms,409,2,Both,85,25589.322789869373,28986.0666199324,22589.644688694018
410,Neoplasms,409,2,Both,86,25805.569740754432,29124.091423574107,22908.901113394073
410,Neoplasms,409,2,Both,87,25891.66782246389,29176.648946646437,23039.85979270184
410,Neoplasms,409,2,Both,88,25623.183136798452,28901.608169164698,22800.004230369777
410,Neoplasms,409,2,Both,89,24978.36500287189,28245.74169978517,22212.20444107606
410,Neoplasms,409,2,Both,90,24198.16730528884,27462.933333106375,21474.110771374435
410,Neoplasms,409,2,Both,91,23523.54392865392,26807.066863726843,20783.373567818635
410,Neoplasms,409,2,Both,92,23195.448757571772,26532.026086245107,20337.6431769624
410,Neoplasms,409,2,Both,93,23126.949103471234,26538.35354285267,20085.12594456321
410,Neoplasms,409,2,Both,94,23071.361190407857,26582.645739105606,19855.127811174218
410,Neoplasms,409,2,Both,95,23030.01227192632,26702.867414649292,19666.94851554264
410,Neoplasms,409,2,Both,96,23004.229601571304,26936.9833091291,19539.887796415733
410,Neoplasms,409,2,Both,97,22995.34043288748,27322.958162190404,19493.245392540703
410,Neoplasms,409,2,Both,98,22995.34043288748,27322.958162190404,19493.24539254071
410,Neoplasms,409,2,Both,99,22995.34043288748,27322.958162190404,19493.24539254071
410,Neoplasms,409,2,Both,100,22995.34043288748,27322.958162190404,19493.24539254071
410,Neoplasms,409,2,Female,0,1109.8330844491,1357.50461828806,905.66102295558
410,Neoplasms,409,2,Female,1,1109.8330844491,1357.50461828806,905.66102295558
410,Neoplasms,409,2,Female,2,1109.8330844491,1357.50461828806,905.66102295558
410,Neoplasms,409,2,Female,3,1061.302653874327,1306.914179953848,860.0801187569211
410,Neoplasms,409,2,Female,4,1016.43021391679,1260.6120278500368,817.1818063219492
410,Neoplasms,409,2,Female,5,976.194206483126,1220.5087898219654,777.3754276543577
410,Neoplasms,409,2,Female,6,941.5730734799704,1188.515093714973,741.0703247578401
410,Neoplasms,409,2,Female,7,913.54525681396,1166.5415673744,708.67583963609
410,Neoplasms,409,2,Female,8,888.718857151278,1150.6937072846356,676.4798988003113
410,Neoplasms,409,2,Female,9,864.8108433764396,1136.513381806555,643.5273709085529
410,Neoplasms,409,2,Female,10,844.4629597235793,1125.065776600224,614.3630111847747
410,Neoplasms,409,2,Female,11,830.3169504268312,1117.4160773257106,593.531574852937
410,Neoplasms,409,2,Female,12,825.0145597203299,1114.62946964308,585.577817137
410,Neoplasms,409,2,Female,13,850.2585314767954,1147.8739824026804,604.2396495158143
410,Neoplasms,409,2,Female,14,916.6894270650624,1235.564469815807,653.5686430642613
410,Neoplasms,409,2,Female,15,1010.3557169634354,1359.636355583947,723.5800424003472
410,Neoplasms,409,2,Female,16,1117.3058716502194,1502.025063408589,804.2890921420782
410,Neoplasms,409,2,Female,17,1223.58836160372,1644.66601699122,885.7110369074601
410,Neoplasms,409,2,Female,18,1332.4945714142484,1796.455284117997,971.9134324915632
410,Neoplasms,409,2,Female,19,1456.5309679165075,1974.4570459562117,1072.8162396520172
410,Neoplasms,409,2,Female,20,1595.568644955388,2172.858896279055,1187.213310450668
410,Neoplasms,409,2,Female,21,1749.4786963757822,2385.848428859718,1313.8984969493604
410,Neoplasms,409,2,Female,22,1918.13221602258,2607.61323747139,1451.66565120994
410,Neoplasms,409,2,Female,23,2113.9129456170213,2842.203200058421,1609.884568560709
410,Neoplasms,409,2,Female,24,2342.305524366539,3095.9787165559624,1793.5904735079494
410,Neoplasms,409,2,Female,25,2592.8323923453127,3366.593163723416,1995.0753618804745
410,Neoplasms,409,2,Female,26,2855.015989627523,3651.699918320181,2206.6312295071
410,Neoplasms,409,2,Female,27,3118.37875628735,3948.95235710566,2420.5500722166403
410,Neoplasms,409,2,Female,28,3385.686650477381,4264.401874760874,2638.6222343342
410,Neoplasms,409,2,Female,29,3664.6833932030054,4601.621143168961,2866.790204572231
410,Neoplasms,409,2,Female,30,3952.358068817605,4954.545454892499,3103.574195340569
410,Neoplasms,409,2,Female,31,4245.699761674562,5317.110102494063,3347.4944190490496
410,Neoplasms,409,2,Female,32,4541.69755612726,5683.2503785362305,3597.0710881075097
410,Neoplasms,409,2,Female,33,4840.029370558031,6051.3004332477385,3854.7035741324175
410,Neoplasms,409,2,Female,34,5142.901627463857,6425.746078501347,4121.882856987055
410,Neoplasms,409,2,Female,35,5451.096167370085,6809.750099325662,4395.76656145148
410,Neoplasms,409,2,Female,36,5765.39483080207,7206.475280749288,4673.5123123057465
410,Neoplasms,409,2,Female,37,6086.57945828516,7619.08440780083,4952.27773432991
410,Neoplasms,409,2,Female,38,6417.309327704173,8070.463015579827,5233.217895335785
410,Neoplasms,409,2,Female,39,6757.408783343771,8559.847541470504,5518.3082303035635
410,Neoplasms,409,2,Female,40,7103.407265329084,9054.927123928508,5805.936914765867
410,Neoplasms,409,2,Female,41,7451.834213785241,9523.390901409484,6094.492124255318
410,Neoplasms,409,2,Female,42,7799.219068837369,9932.92801236908,6382.3620343045395
410,Neoplasms,409,2,Female,43,8142.842162576496,10266.42420917049,6667.649967541446
410,Neoplasms,409,2,Female,44,8485.029114105173,10551.702134556252,6951.431802492315
410,Neoplasms,409,2,Female,45,8829.877294065824,10823.856262551044,7236.554548537306
410,Neoplasms,409,2,Female,46,9181.484073100872,11117.981067179522,7525.86521505658
410,Neoplasms,409,2,Female,47,9543.94682185273,11469.17102246636,7822.2108114303
410,Neoplasms,409,2,Female,48,9916.4790547936,11926.99255962086,8116.538141365752
410,Neoplasms,409,2,Female,49,10296.851312284178,12480.753416480446,8407.188978250038
410,Neoplasms,409,2,Female,50,10686.996503799624,13075.160027011963,8708.10278598304
410,Neoplasms,409,2,Female,51,11088.847538815113,13654.918825182258,9033.219028464631
410,Neoplasms,409,2,Female,52,11504.33732680581,14164.736244958178,9396.4771695947
410,Neoplasms,409,2,Female,53,11938.82974561092,14584.618490898927,9838.46757554946
410,Neoplasms,409,2,Female,54,12392.091871138506,14955.82727193628,10358.469109822494
410,Neoplasms,409,2,Female,55,12857.661409967024,15314.952278595922,10908.453982289744
410,Neoplasms,409,2,Female,56,13329.076068674927,15698.583201403542,11440.394402827147
410,Neoplasms,409,2,Female,57,13799.87355384068,16143.30973088483,11906.26258131064
410,Neoplasms,409,2,Female,58,14279.44461196694,16705.698634039603,12298.877721308509
410,Neoplasms,409,2,Female,59,14772.173145819526,17372.436191250166,12655.196488606509
410,Neoplasms,409,2,Female,60,15264.08659637162,18075.291363115924,12993.39728640679
410,Neoplasms,409,2,Female,61,15741.2124045964,18746.0331102363,13331.6585179115
410,Neoplasms,409,2,Female,62,16189.57801146705,19316.43039321071,13688.15858632279
410,Neoplasms,409,2,Female,63,16609.334604585092,19780.375582597775,14074.937745717432
410,Neoplasms,409,2,Female,64,17011.59245451938,20193.104130145868,14480.15158019968
410,Neoplasms,409,2,Female,65,17398.817626694068,20578.399618239036,14886.151488012918
410,Neoplasms,409,2,Female,66,17773.476186533324,20960.04562926133,15275.28886740052
410,Neoplasms,409,2,Female,67,18138.034199461308,21361.82574559679,15629.91511660587
410,Neoplasms,409,2,Female,68,18497.32586569942,21840.83690253371,15945.123008941837
410,Neoplasms,409,2,Female,69,18850.530041723086,22381.338246349696,16235.583354339688
410,Neoplasms,409,2,Female,70,19191.6297773375,22897.856675912797,16513.01460597038
410,Neoplasms,409,2,Female,71,19514.608122347865,23304.919090091043,16789.135217004878
410,Neoplasms,409,2,Female,72,19813.448126559368,23517.052387752472,17075.663640614137
410,Neoplasms,409,2,Female,73,20113.366472399917,23586.053100251956,17422.13335700201
410,Neoplasms,409,2,Female,74,20421.00223217904,23630.216192048632,17820.791646701706
410,Neoplasms,409,2,Female,75,20702.472040524335,23663.81621166693,18197.42766337818
410,Neoplasms,409,2,Female,76,20923.892532063455,23701.12770763128,18477.830560696417
410,Neoplasms,409,2,Female,77,21051.380341424,23756.42522846611,18587.78949232139
410,Neoplasms,409,2,Female,78,21105.476746538898,23839.30548156001,18555.795806450755
410,Neoplasms,409,2,Female,79,21138.644956941203,23946.96876769872,18479.503170913085
410,Neoplasms,409,2,Female,80,21164.88450465872,24075.095025502407,18388.444218819735
410,Neoplasms,409,2,Female,81,21198.194921719252,24219.36419359124,18312.15158328207
410,Neoplasms,409,2,Female,82,21252.57574015061,24375.45621058537,18280.15789741143
410,Neoplasms,409,2,Female,83,21430.737111424,24596.965452945973,18428.126796530894
410,Neoplasms,409,2,Female,84,21754.956415221874,24892.980391301837,18780.97570981578
410,Neoplasms,409,2,Female,85,22118.58402588888,25192.42210552454,19202.117961155796
410,Neoplasms,409,2,Female,86,22414.970317769672,25424.211675485665,19554.966874440674
410,Neoplasms,409,2,Female,87,22537.4656652089,25517.2701810568,19702.93577356014
410,Neoplasms,409,2,Female,88,22269.050580847303,25251.96077268635,19452.930049602957
410,Neoplasms,409,2,Female,89,21628.983841215795,24619.299875802968,18856.762554012752
410,Neoplasms,409,2,Female,90,20865.033216494317,23864.18848274861,18145.207801211534
410,Neoplasms,409,2,Female,91,20224.96647686281,23231.527585865228,17549.040305621333
410,Neoplasms,409,2,Female,92,19956.55139250121,22966.21817749478,17299.03458166415
410,Neoplasms,409,2,Female,93,19961.27053714151,23001.325106165128,17299.82038855278
410,Neoplasms,409,2,Female,94,19994.304549623645,23125.77022116821,17305.321036773195
410,Neoplasms,409,2,Female,95,20083.968297789434,23368.240015992083,17320.25136765718
410,Neoplasms,409,2,Female,96,20258.5766494807,23757.4209841248,17349.326222536514
410,Neoplasms,409,2,Female,97,20546.44447253928,24321.99961905443,17397.26044274299
410,Neoplasms,409,2,Female,98,20546.44447253928,24321.99961905443,17397.26044274299
410,Neoplasms,409,2,Female,99,20546.44447253928,24321.99961905443,17397.26044274299
410,Neoplasms,409,2,Female,100,20546.44447253928,24321.99961905443,17397.26044274299
410,Neoplasms,409,2,Male,0,895.2567050361799,1124.3433412955,719.4172086864301
410,Neoplasms,409,2,Male,1,895.2567050361799,1124.3433412955,719.4172086864301
410,Neoplasms,409,2,Male,2,895.2567050361799,1124.3433412955,719.4172086864301
410,Neoplasms,409,2,Male,3,856.2102461397302,1072.116187173228,691.7203158100417
410,Neoplasms,409,2,Male,4,819.9227832023073,1024.3914255267812,664.4406303499263
410,Neoplasms,409,2,Male,5,787.013920488596,983.866772028954,637.5886212877181
410,Neoplasms,409,2,Male,6,758.103262263282,953.239942352542,611.1747576050512
410,Neoplasms,409,2,Male,7,733.81041279105,935.20865217034,585.20950828356
410,Neoplasms,409,2,Male,8,711.3298259983709,924.9869650363804,555.8828233713742
410,Neoplasms,409,2,Male,9,689.2157586009793,916.2802110474748,523.1702752446807
410,Neoplasms,409,2,Male,10,670.127519047456,909.5230056905868,492.7607663771989
410,Neoplasms,409,2,Male,11,656.7244157863825,905.1499644526808,470.3431992426488
410,Neoplasms,409,2,Male,12,651.6657572663399,903.59570282072,461.6064763147499
410,Neoplasms,409,2,Male,13,659.1550568140083,909.2835994187132,468.5193990429155
410,Neoplasms,409,2,Male,14,678.9530468408764,924.7921987895184,486.6933026446572
410,Neoplasms,409,2,Male,15,707.0548644227393,947.7888652983728,512.280890245842
410,Neoplasms,409,2,Male,16,739.4556466353922,975.940963310514,541.4348649723373
410,Neoplasms,409,2,Male,17,772.15053055463,1006.91585719118,570.30792995001
410,Neoplasms,409,2,Male,18,806.9113896446139,1050.2145192862126,600.141752356575
410,Neoplasms,409,2,Male,19,847.7243359510817,1112.321885408464,634.3147211563112
410,Neoplasms,409,2,Male,20,893.9058644221923,1186.381265123687,672.1846221549318
410,Neoplasms,409,2,Male,21,944.7724700061052,1265.5359679976343,713.1092411581502
410,Neoplasms,409,2,Male,22,999.64064765098,1342.92930359606,756.44636397168
410,Neoplasms,409,2,Male,23,1061.6315710681831,1418.380731240372,803.0651894680974
410,Neoplasms,409,2,Male,24,1132.646628121797,1496.7893512078692,854.0634858764722
410,Neoplasms,409,2,Male,25,1210.172634989052,1578.9179344981346,909.1418930372572
410,Neoplasms,409,2,Male,26,1291.696407847179,1665.5292521107533,968.0010507909052
410,Neoplasms,409,2,Male,27,1374.70476287341,1757.38607504531,1030.34159897787
410,Neoplasms,409,2,Male,28,1459.9923107916684,1855.460797694,1098.1739558777626
410,Neoplasms,409,2,Male,29,1549.6064876128553,1960.0344712147416,1172.440920836774
410,Neoplasms,409,2,Male,30,1642.9133474446694,2070.832851755706,1251.2417052952258
410,Neoplasms,409,2,Male,31,1739.2789443948086,2187.5816954650622,1332.6755206934404
410,Neoplasms,409,2,Male,32,1838.06933257097,2310.00675849098,1414.84157847174
410,Neoplasms,409,2,Male,33,1937.521708319788,2437.180316710967,1496.4560638292037
410,Neoplasms,409,2,Male,34,2038.2956221045088,2570.1803208033643,1578.9251698688047
410,Neoplasms,409,2,Male,35,2143.3906592077487,2711.7410391175913,1664.383119886707
410,Neoplasms,409,2,Male,36,2255.8064049121235,2864.5967400030695,1754.9641371790744
410,Neoplasms,409,2,Male,37,2378.54244450025,3031.48169180922,1852.80244504207
410,Neoplasms,409,2,Male,38,2512.9394035642217,3220.712300413938,1957.0154053013532
410,Neoplasms,409,2,Male,39,2658.980298759656,3433.7395310303764,2067.345897905003
410,Neoplasms,409,2,Male,40,2817.6283019644516,3662.9994910108408,2186.8664233328127
410,Neoplasms,409,2,Male,41,2989.8465850565062,3900.9282877076366,2318.6494820645767
410,Neoplasms,409,2,Male,42,3176.59831991372,4139.96202847307,2465.7675745800902
410,Neoplasms,409,2,Male,43,3377.540886137195,4367.024308215672,2631.1754115912927
410,Neoplasms,409,2,Male,44,3595.8951750759,4587.61563832239,2817.7626700974565
410,Neoplasms,409,2,Male,45,3837.969626229534,4822.037500863149,3028.5043000093747
410,Neoplasms,409,2,Male,46,4110.072679097794,5090.591377907877,3266.3752512378383
410,Neoplasms,409,2,Male,47,4418.5127731803805,5413.5787515265,3534.3504736936397
410,Neoplasms,409,2,Male,48,4786.681709691422,5843.360819137349,3854.823025237219
410,Neoplasms,409,2,Male,49,5225.732402571665,6393.829691080866,4239.59466509515
410,Neoplasms,409,2,Male,50,5723.614960410743,7027.583218810143,4675.7533952274225
410,Neoplasms,409,2,Male,51,6268.279491798282,7707.219253778277,5150.387217594026
410,Neoplasms,409,2,Male,52,6847.676105323911,8395.33564743836,5650.584134154949
410,Neoplasms,409,2,Male,53,7483.625448952553,9090.563686717656,6190.247754470538
410,Neoplasms,409,2,Male,54,8196.227169042528,9823.281492400698,6786.62726962988
410,Neoplasms,409,2,Male,55,8970.849871773555,10603.707166726488,7431.829053886083
410,Neoplasms,409,2,Male,56,9792.86216332536,11442.058811934028,8117.959481492254
410,Neoplasms,409,2,Male,57,10647.63264987766,12348.55453026232,8837.124926701501
410,Neoplasms,409,2,Male,58,11568.37543205635,13387.564655206585,9618.487592839609
410,Neoplasms,409,2,Male,59,12571.756509227447,14567.032859986846,10474.080527882004
410,Neoplasms,409,2,Male,60,13618.322335680872,15812.537256429308,11370.31637305624
410,Neoplasms,409,2,Male,61,14668.61936570653,17049.655956360166,12273.607769589878
410,Neoplasms,409,2,Male,62,15683.19405359434,18203.96707160563,13150.36735871048
410,Neoplasms,409,2,Male,63,16672.620422253705,19272.277136012017,14002.946614473583
410,Neoplasms,409,2,Male,64,17663.41607572591,20306.39714850977,14853.786197490375
410,Neoplasms,409,2,Male,65,18640.04283999868,21314.41191855132,15699.432528821875
410,Neoplasms,409,2,Male,66,19586.96254105974,22304.40625558908,16536.432029529093
410,Neoplasms,409,2,Male,67,20488.63700489683,23284.46496907546,17361.331120673047
410,Neoplasms,409,2,Male,68,21351.5441254156,24284.97453492026,18189.51481725984
410,Neoplasms,409,2,Male,69,22188.94514456653,25301.10195581048,19023.562425222975
410,Neoplasms,409,2,Male,70,22995.476910404628,26288.102831364296,19840.81180201458
410,Neoplasms,409,2,Male,71,23765.776270984887,27201.232761199917,20618.600805086782
410,Neoplasms,409,2,Male,72,24494.48007436231,27995.74734493554,21334.26729189171
410,Neoplasms,409,2,Male,73,25200.274529928534,28670.223631738965,22015.42998672864
410,Neoplasms,409,2,Male,74,25890.767373148978,29271.418656067828,22683.25525502668
410,Neoplasms,409,2,Male,75,26543.977741189265,29826.85799547504,23305.402415932724
410,Neoplasms,409,2,Male,76,27137.924771215065,30364.06722751354,23849.53078859365
410,Neoplasms,409,2,Male,77,27650.627600392007,30910.571929736252,24283.29969215634
410,Neoplasms,409,2,Male,78,28085.94139955085,31490.571382272996,24609.172340261845
410,Neoplasms,409,2,Male,79,28472.417024477985,32086.053670962632,24872.992341750338
410,Neoplasms,409,2,Male,80,28825.117139772512,32661.22758192163,25107.4896085674
410,Neoplasms,409,2,Male,81,29159.104410033528,33180.30190126649,25345.394052658616
410,Neoplasms,409,2,Male,82,29489.441499860142,33607.48541511367,25619.435585969568
410,Neoplasms,409,2,Male,83,29861.57138729222,33989.84549715004,25995.30816655593
410,Neoplasms,409,2,Male,84,30266.618173414012,34367.55147111019,26453.406096176954
410,Neoplasms,409,2,Male,85,30638.16620739115,34694.4650481822,26898.50980233363
410,Neoplasms,409,2,Male,86,30909.799838389292,34924.447939554164,27235.39971252692
410,Neoplasms,409,2,Male,87,31015.10341557408,35011.36185641413,27368.8562542578
410,Neoplasms,409,2,Male,88,30854.55724191882,34869.78176676507,27246.165349329727
410,Neoplasms,409,2,Male,89,30471.716366279357,34532.167706832675,26937.794818889804
410,Neoplasms,409,2,Male,90,30014.777256645153,34129.20899013918,26533.297939454485
410,Neoplasms,409,2,Male,91,29631.93638100569,33791.5949302068,26122.22798754021
410,Neoplasms,409,2,Male,92,29471.39020735043,33650.01484055773,25794.13823966341
410,Neoplasms,409,2,Male,93,29471.935339398595,33725.09756402314,25543.94604975678
410,Neoplasms,409,2,Male,94,29475.75126373576,33944.45177932477,25308.318771999344
410,Neoplasms,409,2,Male,95,29486.10877265092,34299.236553820694,25089.434683277108
410,Neoplasms,409,2,Male,96,29506.278658433068,34780.61095486897,24889.47206047606
410,Neoplasms,409,2,Male,97,29539.53171337121,35379.73404982769,24710.60918048221
410,Neoplasms,409,2,Male,98,29539.53171337121,35379.73404982769,24710.60918048221
410,Neoplasms,409,2,Male,99,29539.53171337121,35379.73404982769,24710.60918048221
410,Neoplasms,409,2,Male,100,29539.53171337121,35379.73404982769,24710.60918048221
491,Cardiovascular diseases,409,2,Both,0,648.18342445186,825.56943009974,503.9928784846
491,Cardiovascular diseases,409,2,Both,1,648.18342445186,825.56943009974,503.9928784846
491,Cardiovascular diseases,409,2,Both,2,648.18342445186,825.56943009974,503.9928784846
491,Cardiovascular diseases,409,2,Both,3,682.975831870012,884.4556508898512,518.7386657331133
491,Cardiovascular diseases,409,2,Both,4,715.319613346056,939.2958538592392,533.1466811626002
491,Cardiovascular diseases,409,2,Both,5,744.670252296073,989.2405471058008,547.2032240232655
491,Cardiovascular diseases,409,2,Both,6,770.483232136144,1033.4402387274322,560.8945935653138
491,Cardiovascular diseases,409,2,Both,7,792.21403628235,1071.0454368220298,574.20708903895
491,Cardiovascular diseases,409,2,Both,8,808.7158106265802,1099.8908753347253,586.0687730429436
491,Cardiovascular diseases,409,2,Both,9,821.2590938646451,1121.9587020370925,596.5116139934835
491,Cardiovascular diseases,409,2,Both,10,832.9254586185094,1142.6205457666945,607.1777698669036
491,Cardiovascular diseases,409,2,Both,11,846.7964775101364,1167.248035361093,619.7093986395379
491,Cardiovascular diseases,409,2,Both,12,865.95372316149,1201.21279965785,635.74865828772
491,Cardiovascular diseases,409,2,Both,13,901.9504084901836,1273.414190618127,661.349619802528
491,Cardiovascular diseases,409,2,Both,14,956.647986092131,1387.3856349512614,697.7365573550622
491,Cardiovascular diseases,409,2,Both,15,1018.5903881067464,1510.449873617083,739.3069336916906
491,Cardiovascular diseases,409,2,Both,16,1076.3215466734446,1609.9296475754195,780.4582115587806
491,Cardiovascular diseases,409,2,Both,17,1118.38539393164,1653.1476977861,815.5878537026999
491,Cardiovascular diseases,409,2,Both,18,1143.6062453638517,1656.2760475581836,842.4754788736699
491,Cardiovascular diseases,409,2,Both,19,1161.906015903836,1657.9284665616085,865.1696940615216
491,Cardiovascular diseases,409,2,Both,20,1178.4750368678635,1659.090315297518,887.471444372036
491,Cardiovascular diseases,409,2,Both,21,1198.503639572205,1660.7469542670567,913.1816749109952
491,Cardiovascular diseases,409,2,Both,22,1227.18215533313,1663.88374397137,946.10133078418
491,Cardiovascular diseases,409,2,Both,23,1277.5271479174717,1698.5119111052416,992.9084538620028
491,Cardiovascular diseases,409,2,Both,24,1353.742748014672,1782.9905697345368,1054.860513150783
491,Cardiovascular diseases,409,2,Both,25,1447.8006373249182,1900.8269114170216,1127.6275944601648
491,Cardiovascular diseases,409,2,Both,26,1551.6724975483955,2035.5281277104605,1206.8797835997923
491,Cardiovascular diseases,409,2,Both,27,1657.33001038529,2170.60141017262,1288.2871663793098
491,Cardiovascular diseases,409,2,Both,28,1767.0801618005614,2315.8958482654693,1371.9230167284406
491,Cardiovascular diseases,409,2,Both,29,1888.1432134956951,2486.836343925203,1461.8121568841318
491,Cardiovascular diseases,409,2,Both,30,2019.860760775665,2675.2938074209246,1559.5519951168617
491,Cardiovascular diseases,409,2,Both,31,2161.5743989454454,2873.1391490217356,1666.739939697108
491,Cardiovascular diseases,409,2,Both,32,2312.62572331001,3072.24327899674,1784.97339889535
491,Cardiovascular diseases,409,2,Both,33,2470.1522975244725,3263.2122436224863,1915.1968816917947
491,Cardiovascular diseases,409,2,Both,34,2636.8343006613923,3452.146810383598,2059.69326169982
491,Cardiovascular diseases,409,2,Both,35,2820.327251151914,3654.159971361292,2222.0674941396596
491,Cardiovascular diseases,409,2,Both,36,3028.286667427182,3884.364718636781,2405.924534231548
491,Cardiovascular diseases,409,2,Both,37,3268.36806791834,4157.87404429128,2614.8693371957197
491,Cardiovascular diseases,409,2,Both,38,3566.323312067701,4515.297286106995,2866.712303420255
491,Cardiovascular diseases,409,2,Both,39,3931.813543719517,4967.1513976781525,3170.823578957357
491,Cardiovascular diseases,409,2,Both,40,4348.358207907838,5483.4107948040055,3518.1477375234413
491,Cardiovascular diseases,409,2,Both,41,4799.4767496667155,6034.049893283807,3899.6293528349233
491,Cardiovascular diseases,409,2,Both,42,5268.6886140302,6589.0431089168105,4306.21299860822
491,Cardiovascular diseases,409,2,Both,43,5763.242814696574,7149.08787255943,4754.290514806205
491,Cardiovascular diseases,409,2,Both,44,6300.584561260745,7737.692575145497,5259.2071945335465
491,Cardiovascular diseases,409,2,Both,45,6879.5275926017,8359.048072590382,5810.337791219355
491,Cardiovascular diseases,409,2,Both,46,7498.8856475984285,9017.34522080946,6397.057058292737
491,Cardiovascular diseases,409,2,Both,47,8157.472465129919,9716.7748757181,7008.739749182801
491,Cardiovascular diseases,409,2,Both,48,8865.84274567707,10459.590280241722,7645.21761488131
491,Cardiovascular diseases,409,2,Both,49,9633.168859314388,11249.93470660472,8319.15099848224
491,Cardiovascular diseases,409,2,Both,50,10456.191049311285,12094.83405467092,9039.157541568016
491,Cardiovascular diseases,409,2,Both,51,11331.64955893716,13001.314224304151,9813.854885721075
491,Cardiovascular diseases,409,2,Both,52,12256.284631461427,13976.40111536824,10651.86067252384
491,Cardiovascular diseases,409,2,Both,53,13238.158108202511,15038.688202237185,11578.538425543436
491,Cardiovascular diseases,409,2,Both,54,14288.977585314848,16198.251033475375,12602.310356045218
491,Cardiovascular diseases,409,2,Both,55,15410.951938321852,17449.338620232254,13706.382137158971
491,Cardiovascular diseases,409,2,Both,56,16606.290042746943,18786.19997365726,14873.95944201448
491,Cardiovascular diseases,409,2,Both,57,17877.20077411353,20203.08410489983,16088.24794374153
491,Cardiovascular diseases,409,2,Both,58,19231.84738368295,21717.36134187798,17341.080100874202
491,Cardiovascular diseases,409,2,Both,59,20683.377116096755,23349.839690180695,18652.546659074203
491,Cardiovascular diseases,409,2,Both,60,22241.47483694869,25099.924677463845,20048.24072216276
491,Cardiovascular diseases,409,2,Both,61,23915.8254118325,26967.021831383292,21553.755393961084
491,Cardiovascular diseases,409,2,Both,62,25716.11370634193,28950.53667959492,23194.683778290408
491,Cardiovascular diseases,409,2,Both,63,27740.486521156618,31154.65378304001,25067.973931573662
491,Cardiovascular diseases,409,2,Both,64,30010.60951434692,33603.175853615845,27187.679412764952
491,Cardiovascular diseases,409,2,Both,65,32421.445837592684,36174.93564541229,29455.05157948223
491,Cardiovascular diseases,409,2,Both,66,34867.958642573765,38748.76591251922,31771.341789343467
491,Cardiovascular diseases,409,2,Both,67,37245.11108097,41203.49940902649,34037.80139996662
491,Cardiovascular diseases,409,2,Both,68,39576.052476553115,43543.03371665838,36282.87997808526
491,Cardiovascular diseases,409,2,Both,69,41930.80787353054,45849.58856580484,38572.71068512623
491,Cardiovascular diseases,409,2,Both,70,44274.65400423563,48119.47993355423,40865.07027074741
491,Cardiovascular diseases,409,2,Both,71,46572.867601001766,50349.02379699491,43117.73548460673
491,Cardiovascular diseases,409,2,Both,72,48790.72539616232,52534.53613321527,45288.48307636209
491,Cardiovascular diseases,409,2,Both,73,50942.689076259725,54698.46048112691,47396.648673174575
491,Cardiovascular diseases,409,2,Both,74,53055.243996078265,56845.07608029362,49473.4121548724
491,Cardiovascular diseases,409,2,Both,75,55111.70239031405,58943.45245878204,51494.31665011415
491,Cardiovascular diseases,409,2,Both,76,57095.37649366323,60962.659144658784,53434.905287558424
491,Cardiovascular diseases,409,2,Both,77,58989.578540821894,62871.76566599049,55270.721195863815
491,Cardiovascular diseases,409,2,Both,78,60801.34468763989,64664.28264674258,57010.54828529605
491,Cardiovascular diseases,409,2,Both,79,62548.66418510506,66369.56690848611,58679.51435751284
491,Cardiovascular diseases,409,2,Both,80,64231.27891062053,68010.45727569622,60277.678378260774
491,Cardiovascular diseases,409,2,Both,81,65848.9307415894,69609.79257284796,61805.09931328644
491,Cardiovascular diseases,409,2,Both,82,67401.36155541481,71190.41162441646,63261.8361283364
491,Cardiovascular diseases,409,2,Both,83,68911.91597630679,72766.89431565593,64666.364721667545
491,Cardiovascular diseases,409,2,Both,84,70386.49970699244,74325.66190743414,66025.69045134341
491,Cardiovascular diseases,409,2,Both,85,71798.6962426506,75847.31528764668,67322.66647282055
491,Cardiovascular diseases,409,2,Both,86,73122.08907846006,77312.45534418897,68540.14594155544
491,Cardiovascular diseases,409,2,Both,87,74330.26170959964,78701.68296495652,69660.9820130047
491,Cardiovascular diseases,409,2,Both,88,75449.27284264205,80044.23669707295,70760.59821183333
491,Cardiovascular diseases,409,2,Both,89,76511.3480630658,81359.02390616405,71862.58550721499
491,Cardiovascular diseases,409,2,Both,90,77499.32118440836,82611.1487078786,72872.04822136908
491,Cardiovascular diseases,409,2,Both,91,78396.0260202072,83765.71521786545,73694.09067651503
491,Cardiovascular diseases,409,2,Both,92,79184.29638399977,84787.82755177337,74233.81719487222
491,Cardiovascular diseases,409,2,Both,93,79891.26935075413,85705.48776465797,74588.00158618658
491,Cardiovascular diseases,409,2,Both,94,80547.7726697558,86561.96124731694,74901.94827635602
491,Cardiovascular diseases,409,2,Both,95,81142.17616601846,87345.24711901209,75153.5575118279
491,Cardiovascular diseases,409,2,Both,96,81662.84966455582,88043.3444990054,75320.72953904961
491,Cardiovascular diseases,409,2,Both,97,82098.1629903816,88644.25250655867,75381.36460446854
491,Cardiovascular diseases,409,2,Both,98,82098.16299038159,88644.25250655867,75381.36460446854
491,Cardiovascular diseases,409,2,Both,99,82098.16299038159,88644.25250655867,75381.36460446854
491,Cardiovascular diseases,409,2,Both,100,82098.16299038159,88644.25250655867,75381.36460446854
491,Cardiovascular diseases,409,2,Female,0,538.9652220496799,686.78188699268,420.55237080629
491,Cardiovascular diseases,409,2,Female,1,538.9652220496799,686.78188699268,420.55237080629
491,Cardiovascular diseases,409,2,Female,2,538.9652220496799,686.78188699268,420.55237080629
491,Cardiovascular diseases,409,2,Female,3,589.0458552652384,771.549608120307,442.90401371952294
491,Cardiovascular diseases,409,2,Female,4,635.2606168234104,849.7422295016354,464.2716679064313
491,Cardiovascular diseases,409,2,Female,5,676.4956344432026,919.4348029881232,484.5619407007431
491,Cardiovascular diseases,409,2,Female,6,711.6370358436204,978.7023804312288,503.68143943618657
491,Cardiovascular diseases,409,2,Female,7,739.57094874367,1025.62001368241,521.53677144649
491,Cardiovascular diseases,409,2,Female,8,759.5150554119275,1058.948934707997,536.8788090440612
491,Cardiovascular diseases,409,2,Female,9,774.0683911707127,1083.1806891879212,549.9254684502009
491,Cardiovascular diseases,409,2,Female,10,787.1891133196461,1104.9857995440416,562.7839228619772
491,Cardiovascular diseases,409,2,Female,11,802.8353791583484,1131.0347881982182,577.5613454764576
491,Cardiovascular diseases,409,2,Female,12,824.96534598644,1167.99817757231,596.36490949071
491,Cardiovascular diseases,409,2,Female,13,867.9113741733639,1245.35148671316,624.6013065062648
491,Cardiovascular diseases,409,2,Female,14,933.9845924160048,1367.1441877488137,662.9078778456834
491,Cardiovascular diseases,409,2,Female,15,1009.1113105051458,1501.9077327229302,706.2377712875805
491,Cardiovascular diseases,409,2,Female,16,1079.2178382315697,1618.173573679172,749.5441346105712
491,Cardiovascular diseases,409,2,Female,17,1130.23048538606,1684.4731626612,787.7801155932699
491,Cardiovascular diseases,409,2,Female,18,1160.8027129126078,1708.5469804180489,818.5555747777024
491,Cardiovascular diseases,409,2,Female,19,1183.080075456974,1723.3256456980682,845.4060537420013
491,Cardiovascular diseases,409,2,Female,20,1203.2270233625973,1735.1258175438898,872.1732218189418
491,Cardiovascular diseases,409,2,Female,21,1227.4080069729166,1750.2641549981463,902.6987483412996
491,Cardiovascular diseases,409,2,Female,22,1261.7874766313698,1775.0573171034698,940.82430264185
491,Cardiovascular diseases,409,2,Female,23,1321.5464218189973,1836.8727463625955,993.6114750571294
491,Cardiovascular diseases,409,2,Female,24,1410.933318774439,1947.935191840434,1062.023372297137
491,Cardiovascular diseases,409,2,Female,25,1519.713847977536,2091.847272422883,1140.7539382548418
491,Cardiovascular diseases,409,2,Female,26,1637.6536899081295,2252.2116069958397,1224.497116823213
491,Cardiovascular diseases,409,2,Female,27,1754.5185250460602,2412.6308144452,1307.94685189522
491,Cardiovascular diseases,409,2,Female,28,1871.7231541589088,2584.103335923378,1389.858687765664
491,Cardiovascular diseases,409,2,Female,29,1997.0716699717184,2780.576852304273,1474.1727783622189
491,Cardiovascular diseases,409,2,Female,30,2129.9136909005247,2990.0778420560146,1563.3599820271625
491,Cardiovascular diseases,409,2,Female,31,2269.59883536136,3200.6327836467312,1659.8911571027738
491,Cardiovascular diseases,409,2,Female,32,2415.47672177026,3400.26815554455,1766.23716193133
491,Cardiovascular diseases,409,2,Female,33,2562.617069547925,3576.1708805722947,1882.0596312554192
491,Cardiovascular diseases,409,2,Female,34,2712.4028271813104,3736.428583557929,2008.0523704452316
491,Cardiovascular diseases,409,2,Female,35,2873.6534566858368,3900.4187959772935,2148.234493784449
491,Cardiovascular diseases,409,2,Female,36,3055.1884200769236,4087.5190493062296,2306.6251155567543
491,Cardiovascular diseases,409,2,Female,37,3265.82717936999,4317.10687502058,2487.24335004583
491,Cardiovascular diseases,409,2,Female,38,3529.1908941003453,4631.217314991929,2707.953429735936
491,Cardiovascular diseases,409,2,Female,39,3851.438195731934,5036.9041713288925,2976.097169362023
491,Cardiovascular diseases,409,2,Female,40,4215.194754173132,5501.073115862857,3279.91005658381
491,Cardiovascular diseases,409,2,Female,41,4603.086239332316,5990.629820425212,3607.627579061012
491,Cardiovascular diseases,409,2,Female,42,4997.73832111786,6472.479956847341,3947.4852244533504
491,Cardiovascular diseases,409,2,Female,43,5400.94589236723,6946.450022074962,4304.986714927529
491,Cardiovascular diseases,409,2,Female,44,5827.090983296202,7435.906749500825,4692.09877951593
491,Cardiovascular diseases,409,2,Female,45,6277.679969880612,7943.066165626868,5106.751416176787
491,Cardiovascular diseases,409,2,Female,46,6754.219228096301,8470.144296955028,5546.874622868335
491,Cardiovascular diseases,409,2,Female,47,7258.2151339191105,9019.35716998725,6010.39839754881
491,Cardiovascular diseases,409,2,Female,48,7795.559610807051,9583.122765133334,6501.490498697616
491,Cardiovascular diseases,409,2,Female,49,8369.78075201764,10162.29439552768,7025.909293018373
491,Cardiovascular diseases,409,2,Female,50,8978.839188225964,10771.741086759132,7583.970690805631
491,Cardiovascular diseases,409,2,Female,51,9620.69555010712,11426.331864416516,8175.99060235394
491,Cardiovascular diseases,409,2,Female,52,10293.3104683362,12140.93575408867,8802.28493795785
491,Cardiovascular diseases,409,2,Female,53,10991.154790371604,12932.811393284122,9464.285792127008
491,Cardiovascular diseases,409,2,Female,54,11720.484280425197,13804.619884731072,10167.91263027854
491,Cardiovascular diseases,409,2,Female,55,12496.93694430223,14749.333951847864,10920.21241906822
491,Cardiovascular diseases,409,2,Female,56,13336.15078780798,15759.926318052843,11728.232125151815
491,Cardiovascular diseases,409,2,Female,57,14253.76381674771,16829.36970676436,12599.0187151851
491,Cardiovascular diseases,409,2,Female,58,15259.765473533866,17950.951550413054,13532.576799986846
491,Cardiovascular diseases,409,2,Female,59,16362.296679580431,19142.31433703622,14537.934134130368
491,Cardiovascular diseases,409,2,Female,60,17574.222659195002,20432.963373462157,15635.672399903253
491,Cardiovascular diseases,409,2,Female,61,18908.40863668516,21852.403966519163,16846.373279593085
491,Cardiovascular diseases,409,2,Female,62,20377.71983635849,23430.14142303555,18190.61845548745
491,Cardiovascular diseases,409,2,Female,63,22099.274199491378,25312.492694112276,19781.45943579175
491,Cardiovascular diseases,409,2,Female,64,24108.567298542966,27529.134312627644,21649.014435048764
491,Cardiovascular diseases,409,2,Female,65,26296.030804595015,29934.610958076,23689.46519505216
491,Cardiovascular diseases,409,2,Female,66,28552.09638872926,32383.467309951673,25798.99345759559
491,Cardiovascular diseases,409,2,Female,67,30767.19572202744,34730.24804774901,27873.78096447272
491,Cardiovascular diseases,409,2,Female,68,32962.28138371635,36978.443905186155,29931.739420560363
491,Cardiovascular diseases,409,2,Female,69,35211.686761402976,39225.05376683217,32043.686385888497
491,Cardiovascular diseases,409,2,Female,70,37485.91473873941,41464.884538457736,34185.16238498049
491,Cardiovascular diseases,409,2,Female,71,39755.46819937768,43692.74312583354,36331.70794235976
491,Cardiovascular diseases,409,2,Female,72,41990.85002696989,45903.43643473028,38458.86358254969
491,Cardiovascular diseases,409,2,Female,73,44207.69340413154,48101.61782774635,40597.00093029339
491,Cardiovascular diseases,409,2,Female,74,46425.893730508775,50290.95627245019,42762.4374905971
491,Cardiovascular diseases,409,2,Female,75,48622.34721529969,52464.78208206758,44909.63260837891
491,Cardiovascular diseases,409,2,Female,76,50773.95006770232,54616.42556982428,46993.0456285569
491,Cardiovascular diseases,409,2,Female,77,52857.59849691474,56739.21704894608,48967.13589604919
491,Cardiovascular diseases,409,2,Female,78,54876.32239910788,58850.13985711011,50817.0882319816
491,Cardiovascular diseases,409,2,Female,79,56848.51999127133,60954.30874824425,52580.04306865772
491,Cardiovascular diseases,409,2,Female,80,58774.13996383109,63027.25115995035,54288.393167762246
491,Cardiovascular diseases,409,2,Female,81,60653.131007213175,65044.4945298303,55974.531290979896
491,Cardiovascular diseases,409,2,Female,82,62485.44181184358,66981.56629548594,57670.850199995395
491,Cardiovascular diseases,409,2,Female,83,64297.99494340168,68830.21744686799,59418.74711231333
491,Cardiovascular diseases,409,2,Female,84,66093.4882426545,70611.37970938075,61196.81095146403
491,Cardiovascular diseases,409,2,Female,85,67835.53331265945,72344.35162380653,62943.222038170774
491,Cardiovascular diseases,409,2,Female,86,69487.74175647406,74048.43173092765,64596.160693156824
491,Cardiovascular diseases,409,2,Female,87,71013.72517715578,75742.91857152637,66093.80723714549
491,Cardiovascular diseases,409,2,Female,88,72443.34435396228,77493.01461059797,67529.51958844895
491,Cardiovascular diseases,409,2,Female,89,73814.11593634542,79286.55145566002,68961.02788572937
491,Cardiovascular diseases,409,2,Female,90,75101.13533265407,81026.77136127833,70273.07078023495
491,Cardiovascular diseases,409,2,Female,91,76279.49795123702,82616.91658201872,71350.38692321388
491,Cardiovascular diseases,409,2,Female,92,77324.29920044311,83960.22937244702,72077.7149659144
491,Cardiovascular diseases,409,2,Female,93,78266.33807342239,85112.13411354419,72576.7694186877
491,Cardiovascular diseases,409,2,Female,94,79144.2169120971,86176.72481249087,73023.62429776446
491,Cardiovascular diseases,409,2,Female,95,79944.73614797433,87130.24816315233,73384.55751321204
491,Cardiovascular diseases,409,2,Female,96,80654.69621256126,87948.9508593939,73625.84697509784
491,Cardiovascular diseases,409,2,Female,97,81260.89753736499,88609.07959508085,73713.77059348924
491,Cardiovascular diseases,409,2,Female,98,81260.89753736499,88609.07959508085,73713.77059348924
491,Cardiovascular diseases,409,2,Female,99,81260.89753736499,88609.07959508085,73713.77059348924
491,Cardiovascular diseases,409,2,Female,100,81260.89753736499,88609.07959508085,73713.77059348924
491,Cardiovascular diseases,409,2,Male,0,752.68548039272,954.65655100482,581.26551684151
491,Cardiovascular diseases,409,2,Male,1,752.68548039272,954.65655100482,581.26551684151
491,Cardiovascular diseases,409,2,Male,2,752.68548039272,954.65655100482,581.26551684151
491,Cardiovascular diseases,409,2,Male,3,772.9125048009844,994.4262442417282,590.9112114236725
491,Cardiovascular diseases,409,2,Male,4,792.1246059291443,1031.8590786548505,600.4610311100819
491,Cardiovascular diseases,409,2,Male,5,810.2040139019521,1066.5995178668436,609.913446599966
491,Cardiovascular diseases,409,2,Male,6,827.0329588441598,1098.2920255003646,619.2669285925529
491,Cardiovascular diseases,409,2,Male,7,842.49367088052,1126.58106517807,628.51994778707
491,Cardiovascular diseases,409,2,Male,8,855.3684233522274,1149.3999521487472,636.8467690439007
491,Cardiovascular diseases,409,2,Male,9,865.9320126348604,1167.5782712928628,644.2509607315135
491,Cardiovascular diseases,409,2,Male,10,876.3054534047455,1185.1048906805954,651.9749488112637
491,Cardiovascular diseases,409,2,Male,11,888.6097603382099,1205.968678382122,661.2611592445072
491,Cardiovascular diseases,409,2,Male,12,904.96594811158,1234.15850246762,673.3520179926
491,Cardiovascular diseases,409,2,Male,13,934.3195954102912,1293.0910527619324,694.2350735503043
491,Cardiovascular diseases,409,2,Male,14,978.2052626904272,1385.6355695106915,725.5078355789194
491,Cardiovascular diseases,409,2,Male,15,1027.62743728429,1484.9597464152607,761.8276717896064
491,Cardiovascular diseases,409,2,Male,16,1073.5906065241804,1564.2312771770023,797.8519498935262
491,Cardiovascular diseases,409,2,Male,17,1107.0992577424,1596.61785549728,828.2380376018399
491,Cardiovascular diseases,409,2,Male,18,1127.16700343646,1594.6819880349824,850.9481895126086
491,Cardiovascular diseases,409,2,Male,19,1141.633662226614,1590.0656887018113,869.8421828830893
491,Cardiovascular diseases,409,2,Male,20,1154.7430306292783,1584.555912078349,888.4236694132367
491,Cardiovascular diseases,409,2,Male,21,1170.7389051608684,1579.9396127451776,910.1963008030054
491,Cardiovascular diseases,409,2,Male,22,1193.8650823378,1578.00374528288,938.66372875235
491,Cardiovascular diseases,409,2,Male,23,1235.2096464173385,1602.0347426243666,980.7281892686711
491,Cardiovascular diseases,409,2,Male,24,1298.9503602610737,1665.8583878540308,1038.2999523328606
491,Cardiovascular diseases,409,2,Male,25,1378.9655382919073,1757.0706607796783,1107.3947206051082
491,Cardiovascular diseases,409,2,Male,26,1469.1334949327418,1863.2675412091164,1184.0281967456046
491,Cardiovascular diseases,409,2,Male,27,1563.33254460648,1972.04500895015,1264.21608341454
491,Cardiovascular diseases,409,2,Male,28,1665.350220258661,2092.40091594806,1349.4149834374816
491,Cardiovascular diseases,409,2,Male,29,1782.3363099835542,2238.298943654745,1444.2258605270956
491,Cardiovascular diseases,409,2,Male,30,1913.2125109271565,2404.783816137943,1549.380958674221
491,Cardiovascular diseases,409,2,Male,31,2056.900520235466,2586.9002574653887,1665.612521869696
491,Cardiovascular diseases,409,2,Male,32,2212.32203505448,2779.69299170482,1793.65279410436
491,Cardiovascular diseases,409,2,Male,33,2379.2340550074173,2981.051343399139,1935.104791111573
491,Cardiovascular diseases,409,2,Male,34,2562.2843630562375,3198.1387402396863,2093.6097939976025
491,Cardiovascular diseases,409,2,Male,35,2767.730831355048,3439.9110610168545,2272.9574448126514
491,Cardiovascular diseases,409,2,Male,36,3001.831332057957,3715.324184521038,2476.9373856069196
491,Cardiovascular diseases,409,2,Male,37,3270.84373731907,4033.3339895426298,2709.3392584306102
491,Cardiovascular diseases,409,2,Male,38,3602.880482945643,4432.2449744465275,2990.3732812062694
491,Cardiovascular diseases,409,2,Male,39,4011.287569983271,4927.157267304699,3331.672346774582
491,Cardiovascular diseases,409,2,Male,40,4480.173218443571,5492.22019146815,3724.1601095629553
491,Cardiovascular diseases,409,2,Male,41,4993.645648338162,6101.583070287879,4158.760223998799
491,Cardiovascular diseases,409,2,Male,42,5535.81307967866,6729.39522711489,4626.3963445095205
491,Cardiovascular diseases,409,2,Male,43,6120.59056113228,7379.751787520918,5148.179568221005
491,Cardiovascular diseases,409,2,Male,44,6769.450549189226,8076.960246792837,5743.529861389574
491,Cardiovascular diseases,409,2,Male,45,7477.837375595598,8825.488482854355,6400.834182138284
491,Cardiovascular diseases,409,2,Male,46,8241.195372097498,9629.804373629178,7108.4794885901965
491,Cardiovascular diseases,409,2,Male,47,9054.96887044103,10494.37579704102,7854.852738868371
491,Cardiovascular diseases,409,2,Male,48,9934.234404607523,11432.487390023094,8645.85665347938
491,Cardiovascular diseases,409,2,Male,49,10894.556199327892,12454.61017596593,9499.428688092856
491,Cardiovascular diseases,409,2,Male,50,11932.11012247259,13560.991612479218,10422.007903576456
491,Cardiovascular diseases,409,2,Male,51,13043.072041912072,14751.879157172643,11420.033360797832
491,Cardiovascular diseases,409,2,Male,52,14223.6178255168,16027.52026765589,12499.94412062464
491,Cardiovascular diseases,409,2,Male,53,15497.145732980907,17419.776381562133,13705.67597068226
491,Cardiovascular diseases,409,2,Male,54,16881.44783793641,18948.46568925091,15053.413447019571
491,Cardiovascular diseases,409,2,Male,55,18364.290729160573,20595.770777421385,16507.968733139434
491,Cardiovascular diseases,409,2,Male,56,19933.440995430657,22343.874232772778,18034.15401254473
491,Cardiovascular diseases,409,2,Male,57,21576.66522552392,24174.95864200426,19596.781468738332
491,Cardiovascular diseases,409,2,Male,58,23305.992964324127,26121.462032010455,21183.25914341564
491,Cardiovascular diseases,409,2,Male,59,25142.942491982063,28211.419428798297,22824.11090091873
491,Cardiovascular diseases,409,2,Male,60,27089.51350017561,30420.408917735454,24548.822658720495
491,Cardiovascular diseases,409,2,Male,61,29147.705680582596,32724.008584189625,26386.880334293823
491,Cardiovascular diseases,409,2,Male,62,31319.51872488089,35097.79651352846,28367.769845111612
491,Cardiovascular diseases,409,2,Male,63,33696.2357030779,37617.16664902603,30592.705981576062
491,Cardiovascular diseases,409,2,Male,64,36295.42285693834,40307.89656493408,33068.257659168194
491,Cardiovascular diseases,409,2,Male,65,39008.50463577598,43071.13979308685,35681.941982979144
491,Cardiovascular diseases,409,2,Male,66,41726.905488904624,45808.04986531856,38321.27605810002
491,Cardiovascular diseases,409,2,Male,67,44342.04986563805,48419.78031346347,40873.77698962193
491,Cardiovascular diseases,409,2,Male,68,46888.0376041964,50930.45420307808,43381.31692276509
491,Cardiovascular diseases,409,2,Male,69,49438.14095754063,53409.09293596996,45919.023039349675
491,Cardiovascular diseases,409,2,Male,70,51942.54299709579,55824.19754834988,48424.294999366815
491,Cardiovascular diseases,409,2,Male,71,54351.42679428689,58144.2690764286,50834.53246280762
491,Cardiovascular diseases,409,2,Male,72,56614.97542053898,60337.80855641691,53087.13508966323
491,Cardiovascular diseases,409,2,Male,73,58748.6649525981,62416.78987493181,55194.99653002979
491,Cardiovascular diseases,409,2,Male,74,60797.19867719574,64412.729264603186,57212.14080645076
491,Cardiovascular diseases,409,2,Male,75,62754.600480735186,66323.44128066108,59137.663137588126
491,Cardiovascular diseases,409,2,Male,76,64614.89424961968,68146.74047833553,60970.65874210391
491,Cardiovascular diseases,409,2,Male,77,66372.10387025251,69880.44141285657,62710.22283866009
491,Cardiovascular diseases,409,2,Male,78,68045.56302732482,71540.65239165463,64387.05001184812
491,Cardiovascular diseases,409,2,Male,79,69650.42000642249,73137.95358989603,66011.73225575178
491,Cardiovascular diseases,409,2,Male,80,71174.42059529072,74661.86736441473,67553.2109032716
491,Cardiovascular diseases,409,2,Male,81,72605.31058167487,76101.91607204468,68980.4272873081
491,Cardiovascular diseases,409,2,Male,82,73930.83575332018,77447.62206961981,70262.32274076187
491,Cardiovascular diseases,409,2,Male,83,75177.27793565666,78720.61167746094,71416.01550970649
491,Cardiovascular diseases,409,2,Male,84,76366.26580900176,79938.88630336769,72483.51940649797
491,Cardiovascular diseases,409,2,Male,85,77478.56544343202,81086.53093539226,73471.11911346047
491,Cardiovascular diseases,409,2,Male,86,78494.94290902383,82147.63056158686,74385.0993129181
491,Cardiovascular diseases,409,2,Male,87,79396.16427585369,83106.27017000364,75231.74468719498
491,Cardiovascular diseases,409,2,Male,88,80216.77799699413,83982.66100146138,76082.62204793889
491,Cardiovascular diseases,409,2,Male,89,80989.01536896787,84802.90576514018,76944.44761040449
491,Cardiovascular diseases,409,2,Male,90,81690.16672702658,85559.92665163426,77726.23016232612
491,Cardiovascular diseases,409,2,Male,91,82297.52240642197,86246.64585153788,78336.97849143823
491,Cardiovascular diseases,409,2,Male,92,82788.37274240579,86855.98555544525,78685.70138547524
491,Cardiovascular diseases,409,2,Male,93,83201.31000521345,87407.78125169534,78861.98753196553
491,Cardiovascular diseases,409,2,Male,94,83579.03987865485,87920.91968584836,79011.38221041735
491,Cardiovascular diseases,409,2,Male,95,83905.0228183434,88386.8999343305,79126.82909653492
491,Cardiovascular diseases,409,2,Male,96,84162.71927989241,88797.22107356788,79201.27186602238
491,Cardiovascular diseases,409,2,Male,97,84335.58971891533,89143.38217998673,79227.65419458394
491,Cardiovascular diseases,409,2,Male,98,84335.58971891533,89143.38217998673,79227.65419458394
491,Cardiovascular diseases,409,2,Male,99,84335.58971891533,89143.38217998673,79227.65419458394
491,Cardiovascular diseases,409,2,Male,100,84335.58971891533,89143.38217998673,79227.65419458394
508,Chronic respiratory diseases,409,2,Both,0,7601.12120374592,11036.98159213843,5242.5062885674
508,Chronic respiratory diseases,409,2,Both,1,7601.12120374592,11036.98159213843,5242.5062885674
508,Chronic respiratory diseases,409,2,Both,2,7601.12120374592,11036.98159213843,5242.5062885674
508,Chronic respiratory diseases,409,2,Both,3,9730.716866098632,13885.447698513288,6646.67292041343
508,Chronic respiratory diseases,409,2,Both,4,11682.897614817768,16474.679075082255,7930.317782191954
508,Chronic respiratory diseases,409,2,Both,5,13287.719379562695,18589.963829643413,9011.688782426265
508,Chronic respiratory diseases,409,2,Both,6,14375.238089992785,20016.590069994847,9809.033829639651
508,Chronic respiratory diseases,409,2,Both,7,14775.5096757674,20539.84590393464,10240.60083235541
508,Chronic respiratory diseases,409,2,Both,8,14771.355604228764,20510.669616726016,10447.0558988247
508,Chronic respiratory diseases,409,2,Both,9,14759.312039505015,20430.05562350677,10619.15390915984
508,Chronic respiratory diseases,409,2,Both,10,14740.006956434416,20308.37622688688,10750.275929675858
508,Chronic respiratory diseases,409,2,Both,11,14714.068329855209,20156.0037294763,10833.803026687783
508,Chronic respiratory diseases,409,2,Both,12,14682.12413460564,19983.31043388499,10863.11626651064
508,Chronic respiratory diseases,409,2,Both,13,14578.04367707584,19706.06607797321,10816.714756857788
508,Chronic respiratory diseases,409,2,Both,14,14361.976233068788,19274.446428132454,10694.302513351133
508,Chronic respiratory diseases,409,2,Both,15,14073.969731542027,18750.432829769605,10521.067964168526
508,Chronic respiratory diseases,409,2,Both,16,13754.0721014531,18196.006628291525,10322.199537487822
508,Chronic respiratory diseases,409,2,Both,17,13442.33127175953,17673.149169105072,10122.885661486873
508,Chronic respiratory diseases,409,2,Both,18,13113.708430732178,17159.845320996243,9897.542852453293
508,Chronic respiratory diseases,409,2,Both,19,12737.24166313262,16614.23092120583,9622.300824720713
508,Chronic respiratory diseases,409,2,Both,20,12344.09424265449,16068.513767822882,9324.917803536013
508,Chronic respiratory diseases,409,2,Both,21,11965.42944299142,15554.901658936456,9033.15201414607
508,Chronic respiratory diseases,409,2,Both,22,11632.41053783705,15105.602392635608,8774.76168179776
508,Chronic respiratory diseases,409,2,Both,23,11335.657155053135,14710.255749429003,8536.858640382212
508,Chronic respiratory diseases,409,2,Both,24,11050.748128612408,14339.996557303202,8299.135611193467
508,Chronic respiratory diseases,409,2,Both,25,10786.285541374942,13999.275185564104,8078.222150582767
508,Chronic respiratory diseases,409,2,Both,26,10550.871476200824,13692.542003517614,7890.74781490136
508,Chronic respiratory diseases,409,2,Both,27,10353.10801595014,13424.24738046962,7753.34216050049
508,Chronic respiratory diseases,409,2,Both,28,10172.406259184389,13163.908037402916,7647.36325357092
508,Chronic respiratory diseases,409,2,Both,29,9995.444541157518,12901.154794530985,7549.13423029514
508,Chronic respiratory diseases,409,2,Both,30,9841.72579976827,12670.609170005766,7467.732252011982
508,Chronic respiratory diseases,409,2,Both,31,9730.752972915392,12506.89268197921,7412.234480060279
508,Chronic respiratory diseases,409,2,Both,32,9682.02899849763,12444.62684860326,7391.718075778859
508,Chronic respiratory diseases,409,2,Both,33,9671.915831654273,12449.700835997235,7391.895977849833
508,Chronic respiratory diseases,409,2,Both,34,9663.85005651486,12464.076895120364,7392.427552659396
508,Chronic respiratory diseases,409,2,Both,35,9657.94655446352,12486.486171384437,7393.309603102505
508,Chronic respiratory diseases,409,2,Both,36,9654.320206884357,12515.65981020125,7394.538932074121
508,Chronic respiratory diseases,409,2,Both,37,9653.0858951615,12550.3289569826,7396.1123424692
508,Chronic respiratory diseases,409,2,Both,38,9690.96884769744,12617.045263420136,7429.87723746781
508,Chronic respiratory diseases,409,2,Both,39,9792.81367472604,12735.670283762678,7518.330471652913
508,Chronic respiratory diseases,409,2,Both,40,9940.91433037847,12894.900017257787,7647.443025023812
508,Chronic respiratory diseases,409,2,Both,41,10117.564768785904,13083.430463153014,7803.185877579811
508,Chronic respiratory diseases,409,2,Both,42,10305.05894407951,13289.95762069591,7971.53000932021
508,Chronic respiratory diseases,409,2,Both,43,10536.394838810163,13554.500597748767,8195.175733823064
508,Chronic respiratory diseases,409,2,Both,44,10840.757711696884,13903.976080680954,8503.491812874734
508,Chronic respiratory diseases,409,2,Both,45,11194.722431123062,14307.426436500637,8862.451898787007
508,Chronic respiratory diseases,409,2,Both,46,11574.863865472083,14733.894032215983,9238.02964387165
508,Chronic respiratory diseases,409,2,Both,47,11957.75688312734,15152.42123483516,9596.198700440453
508,Chronic respiratory diseases,409,2,Both,48,12357.14702825398,15567.980506511252,9930.816864953147
508,Chronic respiratory diseases,409,2,Both,49,12791.614632312932,16002.39325566314,10264.79155936989
508,Chronic respiratory diseases,409,2,Both,50,13244.98674463125,16449.9752686977,10607.670874253088
508,Chronic respiratory diseases,409,2,Both,51,13701.090414535982,16905.042332021803,10969.002900165147
508,Chronic respiratory diseases,409,2,Both,52,14143.75269135418,17361.910232042323,11358.33572766847
508,Chronic respiratory diseases,409,2,Both,53,14562.855041917195,17820.369573246306,11785.704198751191
508,Chronic respiratory diseases,409,2,Both,54,14969.219269899542,18284.39240897985,12248.665395927896
508,Chronic respiratory diseases,409,2,Both,55,15378.082929893011,18754.56669893842,12738.050770550648
508,Chronic respiratory diseases,409,2,Both,56,15804.683576489408,19231.480402817466,13244.69177397152
508,Chronic respiratory diseases,409,2,Both,57,16264.25876428052,19715.72148031243,13759.41985754258
508,Chronic respiratory diseases,409,2,Both,58,16741.43968852795,20180.307719411565,14259.899382669491
508,Chronic respiratory diseases,409,2,Both,59,17229.613561736915,20625.112350230207,14753.376153434408
508,Chronic respiratory diseases,409,2,Both,60,17757.151964364642,21091.006495654477,15275.053785204138
508,Chronic respiratory diseases,409,2,Both,61,18352.42647686836,21618.861278570505,15860.135893345476
508,Chronic respiratory diseases,409,2,Both,62,19043.80867970529,22249.54782186441,16543.82609322523
508,Chronic respiratory diseases,409,2,Both,63,19923.122558297935,23076.737321047905,17410.73980486316
508,Chronic respiratory diseases,409,2,Both,64,21012.500620810053,24118.123471875984,18475.655619482193
508,Chronic respiratory diseases,409,2,Both,65,22235.777231810735,25300.611147599684,19669.021909253923
508,Chronic respiratory diseases,409,2,Both,66,23516.786755869092,26551.105221470025,20921.287046349913
508,Chronic respiratory diseases,409,2,Both,67,24779.36355755422,27796.51056673804,22162.899402941748
508,Chronic respiratory diseases,409,2,Both,68,26040.640222084672,29061.25875552764,23418.717210157934
508,Chronic respiratory diseases,409,2,Both,69,27353.84673091072,30398.839915788943,24738.190688714996
508,Chronic respiratory diseases,409,2,Both,70,28696.96354294907,31779.7467545123,26088.656195166503
508,Chronic respiratory diseases,409,2,Both,71,30047.971117116416,33174.471978688096,27437.450086066034
508,Chronic respiratory diseases,409,2,Both,72,31384.84991232946,34553.50829530667,28751.90871796716
508,Chronic respiratory diseases,409,2,Both,73,32739.238744878316,35958.793430772224,30058.51345623689
508,Chronic respiratory diseases,409,2,Both,74,34125.817883765194,37410.02847384918,31379.332349132434
508,Chronic respiratory diseases,409,2,Both,75,35497.129966974935,38844.35117506824,32675.081777542666
508,Chronic respiratory diseases,409,2,Both,76,36805.717632492415,40198.89928496009,33906.47812235647
508,Chronic respiratory diseases,409,2,Both,77,38004.123518302455,41410.81055405544,35034.23776446273
508,Chronic respiratory diseases,409,2,Both,78,39117.49687184949,42482.464746919926,36097.59760112224
508,Chronic respiratory diseases,409,2,Both,79,40187.62103440277,43471.39618878542,37133.087717446746
508,Chronic respiratory diseases,409,2,Both,80,41191.98978468435,44397.47447118186,38097.36427610156
508,Chronic respiratory diseases,409,2,Both,81,42108.096901416306,45280.56918563925,38947.08343975197
508,Chronic respiratory diseases,409,2,Both,82,42913.43616332071,46140.54992368759,39638.901371063286
508,Chronic respiratory diseases,409,2,Both,83,43635.87168610171,46995.31191054079,40205.85853139059
508,Chronic respiratory diseases,409,2,Both,84,44309.18044012132,47834.7964793158,40710.311004710675
508,Chronic respiratory diseases,409,2,Both,85,44919.72548608836,48636.9423833972,41152.88838762132
508,Chronic respiratory diseases,409,2,Both,86,45453.86988471168,49379.68837616946,41534.22027672035
508,Chronic respiratory diseases,409,2,Both,87,45897.97669670012,50040.97321101717,41854.93626860558
508,Chronic respiratory diseases,409,2,Both,88,46272.96437613381,50636.325533638206,42153.349428323505
508,Chronic respiratory diseases,409,2,Both,89,46608.41876398313,51192.21682785025,42444.67183337044
508,Chronic respiratory diseases,409,2,Both,90,46903.70400129233,51703.000104217455,42694.88159901894
508,Chronic respiratory diseases,409,2,Both,91,47158.18422910561,52163.02837330396,42869.95684054152
508,Chronic respiratory diseases,409,2,Both,92,47371.22358846719,52566.65464567392,42935.8756732107
508,Chronic respiratory diseases,409,2,Both,93,47557.64708197805,52929.10895295293,42935.64162053846
508,Chronic respiratory diseases,409,2,Both,94,47728.46790318087,53265.03454878316,42934.00325183279
508,Chronic respiratory diseases,409,2,Both,95,47877.332479532335,53567.904276753645,42929.55625106027
508,Chronic respiratory diseases,409,2,Both,96,47997.88723848919,53831.19098045343,42920.896302187466
508,Chronic respiratory diseases,409,2,Both,97,48083.778607508146,54048.36750347153,42906.619089180946
508,Chronic respiratory diseases,409,2,Both,98,48083.778607508146,54048.36750347152,42906.619089180946
508,Chronic respiratory diseases,409,2,Both,99,48083.778607508146,54048.36750347152,42906.619089180946
508,Chronic respiratory diseases,409,2,Both,100,48083.778607508146,54048.36750347152,42906.619089180946
508,Chronic respiratory diseases,409,2,Female,0,6213.38854593209,9075.6491269552,4218.14965349198
508,Chronic respiratory diseases,409,2,Female,1,6213.38854593209,9075.6491269552,4218.14965349198
508,Chronic respiratory diseases,409,2,Female,2,6213.38854593209,9075.6491269552,4218.14965349198
508,Chronic respiratory diseases,409,2,Female,3,8073.115305623018,11591.966994870696,5447.800377424481
508,Chronic respiratory diseases,409,2,Female,4,9773.014909420444,13895.335505719033,6573.258048612155
508,Chronic respiratory diseases,409,2,Female,5,11207.04946063577,15818.140901398465,7548.2379955445585
508,Chronic respiratory diseases,409,2,Female,6,12269.181062580392,17192.769423807254,8326.455546711253
508,Chronic respiratory diseases,409,2,Female,7,12853.371818565707,17851.60731484366,8861.62603060179
508,Chronic respiratory diseases,409,2,Female,8,13142.900047832982,18076.953770462183,9228.258748974418
508,Chronic respiratory diseases,409,2,Female,9,13385.187509322286,18259.90755956689,9534.351268686834
508,Chronic respiratory diseases,409,2,Female,10,13570.411465893229,18396.05428348038,9783.85131587778
508,Chronic respiratory diseases,409,2,Female,11,13688.749180405412,18480.979543525227,9980.706616685997
508,Chronic respiratory diseases,409,2,Female,12,13730.37791571845,18510.26894102405,10128.86489725022
508,Chronic respiratory diseases,409,2,Female,13,13730.238987765058,18456.799390756227,10252.140644801251
508,Chronic respiratory diseases,409,2,Female,14,13729.823100095526,18318.356600023973,10365.154906798576
508,Chronic respiratory diseases,409,2,Female,15,13729.131596995829,18127.889358934117,10458.065249723986
508,Chronic respiratory diseases,409,2,Female,16,13728.165822751938,17918.346457593478,10521.029240059255
508,Chronic respiratory diseases,409,2,Female,17,13726.92712164983,17722.67668610888,10544.20444428617
508,Chronic respiratory diseases,409,2,Female,18,13664.587565875168,17533.79160991024,10495.454499765554
508,Chronic respiratory diseases,409,2,Female,19,13507.680584399626,17328.53274943185,10370.11429927832
508,Chronic respiratory diseases,409,2,Female,20,13297.24955668818,17115.7438272871,10199.54829243639
508,Chronic respiratory diseases,409,2,Female,21,13074.337862205795,16904.26856608937,10015.120928851682
508,Chronic respiratory diseases,409,2,Female,22,12879.98888041745,16702.950688452052,9848.19665813612
508,Chronic respiratory diseases,409,2,Female,23,12709.170270139197,16514.971889711363,9680.587375792904
508,Chronic respiratory diseases,409,2,Female,24,12534.498879363333,16334.224786287978,9491.16145506384
508,Chronic respiratory diseases,409,2,Female,25,12363.491871319204,16155.619482421986,9306.868062168747
508,Chronic respiratory diseases,409,2,Female,26,12203.666409236155,15974.066082353464,9154.656363327447
508,Chronic respiratory diseases,409,2,Female,27,12062.53965634354,15784.4746903225,9061.47552475976
508,Chronic respiratory diseases,409,2,Female,28,11924.218782582746,15551.065518076226,9009.271317461496
508,Chronic respiratory diseases,409,2,Female,29,11781.323432211157,15276.918413083158,8963.863456739202
508,Chronic respiratory diseases,409,2,Female,30,11654.139479932091,15015.232933165446,8928.0120252788
508,Chronic respiratory diseases,409,2,Female,31,11562.952800448882,14819.208636145238,8904.477105766215
508,Chronic respiratory diseases,409,2,Female,32,11528.04926846485,14742.045079844693,8896.01878088737
508,Chronic respiratory diseases,409,2,Female,33,11532.375339949289,14758.597420051354,8898.687107055455
508,Chronic respiratory diseases,409,2,Female,34,11544.743351177114,14803.487944004855,8906.384709575848
508,Chronic respiratory diseases,409,2,Female,35,11564.237997310089,14869.56690670549,8918.650524472765
508,Chronic respiratory diseases,409,2,Female,36,11589.943973509977,14949.684563153536,8935.023487770415
508,Chronic respiratory diseases,409,2,Female,37,11620.94597493854,15036.691168349282,8955.04253549301
508,Chronic respiratory diseases,409,2,Female,38,11690.642946760374,15144.420617402046,9007.08248686588
508,Chronic respiratory diseases,409,2,Female,39,11822.511922853842,15289.03976387004,9111.790432131327
508,Chronic respiratory diseases,409,2,Female,40,12000.754731451383,15466.8983004269,9257.11371383904
508,Chronic respiratory diseases,409,2,Female,41,12209.573200785426,15674.345919746258,9430.999674538683
508,Chronic respiratory diseases,409,2,Female,42,12433.16915908841,15907.732314501747,9621.39565677995
508,Chronic respiratory diseases,409,2,Female,43,12704.329990984625,16209.410768035144,9873.982900271028
508,Chronic respiratory diseases,409,2,Female,44,13049.736141404712,16601.300878209342,10217.742192102574
508,Chronic respiratory diseases,409,2,Female,45,13444.42902904062,17049.10180947965,10615.570195897968
508,Chronic respiratory diseases,409,2,Female,46,13863.450072584295,17518.512726301382,11030.363575280597
508,Chronic respiratory diseases,409,2,Female,47,14281.84069072769,17975.23279312982,11425.01899387383
508,Chronic respiratory diseases,409,2,Female,48,14713.094226300036,18423.13037711641,11796.308617170043
508,Chronic respiratory diseases,409,2,Female,49,15175.792911382065,18885.73985913379,12169.11932033381
508,Chronic respiratory diseases,409,2,Female,50,15652.611498542976,19358.259424219184,12548.519831496817
508,Chronic respiratory diseases,409,2,Female,51,16126.224740351976,19835.88725740975,12939.578878790748
508,Chronic respiratory diseases,409,2,Female,52,16579.30738937826,20313.8215437427,13347.365190347293
508,Chronic respiratory diseases,409,2,Female,53,17001.807536892018,20796.09734340821,13774.265871868116
508,Chronic respiratory diseases,409,2,Female,54,17405.693695287355,21285.98288750734,14218.170445624444
508,Chronic respiratory diseases,409,2,Female,55,17806.671248819373,21777.52611744359,14677.401264602291
508,Chronic respiratory diseases,409,2,Female,56,18220.445581743163,22264.774974620443,15150.280681787684
508,Chronic respiratory diseases,409,2,Female,57,18662.722078313825,22741.7774004414,15635.131050166632
508,Chronic respiratory diseases,409,2,Female,58,19115.97378712419,23179.05933934028,16110.710713614222
508,Chronic respiratory diseases,409,2,Female,59,19571.91793124478,23580.785415360748,16579.146342356114
508,Chronic respiratory diseases,409,2,Female,60,20060.126156647213,23991.461589320996,17073.812778904197
508,Chronic respiratory diseases,409,2,Female,61,20610.17010930312,24455.593822039256,17628.08486577036
508,Chronic respiratory diseases,409,2,Female,62,21251.621435184108,25017.68807433374,18275.33744546649
508,Chronic respiratory diseases,409,2,Female,63,22069.33666861575,25762.30833449722,19095.063999196893
508,Chronic respiratory diseases,409,2,Female,64,23081.55674554373,26700.772290311077,20100.62544397652
508,Chronic respiratory diseases,409,2,Female,65,24217.929914369885,27767.716451826407,21226.197776033227
508,Chronic respiratory diseases,409,2,Female,66,25408.104423496035,28897.777329094315,22405.95699159488
508,Chronic respiratory diseases,409,2,Female,67,26581.72852132402,30025.5914321659,23574.07908688933
508,Chronic respiratory diseases,409,2,Female,68,27758.159082273705,31176.20519452512,24754.41215381405
508,Chronic respiratory diseases,409,2,Female,69,28986.623117405597,32397.94813285192,25993.493694649256
508,Chronic respiratory diseases,409,2,Female,70,30241.5740800825,33660.38138199134,27259.53382119692
508,Chronic respiratory diseases,409,2,Female,71,31497.465423667203,34933.066076788455,28520.74264525904
508,Chronic respiratory diseases,409,2,Female,72,32728.75060152249,36185.56335208832,29745.33027863759
508,Chronic respiratory diseases,409,2,Female,73,33968.98243489811,37459.82628146411,30965.112490580228
508,Chronic respiratory diseases,409,2,Female,74,35235.30687261877,38776.14746412991,32201.750047210942
508,Chronic respiratory diseases,409,2,Female,75,36477.56705940966,40071.59732339212,33408.22055564619
508,Chronic respiratory diseases,409,2,Female,76,37645.606139996016,41283.24628255716,34537.50162300244
508,Chronic respiratory diseases,409,2,Female,77,38689.26725910305,42348.164764931425,35542.57085639616
508,Chronic respiratory diseases,409,2,Female,78,39634.54032251225,43281.293930423875,36469.24231964069
508,Chronic respiratory diseases,409,2,Female,79,40529.42886459672,44142.95179254185,37364.35651264146
508,Chronic respiratory diseases,409,2,Female,80,41356.79647296917,44938.27405498928,38182.43069665305
508,Chronic respiratory diseases,409,2,Female,81,42099.5067352422,45672.39642147011,38877.98213293
508,Chronic respiratory diseases,409,2,Female,82,42740.42323902851,46350.4545956883,39405.52808272688
508,Chronic respiratory diseases,409,2,Female,83,43300.70423784404,46977.34861812972,39790.39422165636
508,Chronic respiratory diseases,409,2,Female,84,43811.47821184568,47558.9754398943,40105.33786148663
508,Chronic respiratory diseases,409,2,Female,85,44270.56408860747,48101.96613060702,40376.02371770559
508,Chronic respiratory diseases,409,2,Female,86,44675.78079570351,48612.9517598929,40628.116505801125
508,Chronic respiratory diseases,409,2,Female,87,45024.947260707835,49098.563397376936,40887.28094126111
508,Chronic respiratory diseases,409,2,Female,88,45328.1787532521,49556.917169207845,41190.58340780722
508,Chronic respiratory diseases,409,2,Female,89,45599.48732652135,49987.14833216619,41521.69777823809
508,Chronic respiratory diseases,409,2,Female,90,45842.537083419775,50397.41665182472,41826.20000165704
508,Chronic respiratory diseases,409,2,Female,91,46060.99212685156,50795.88189375619,42049.66602716738
508,Chronic respiratory diseases,409,2,Female,92,46258.51655972088,51190.70382353333,42137.67180387244
508,Chronic respiratory diseases,409,2,Female,93,46441.37652630513,51582.53703075744,42139.595053810735
508,Chronic respiratory diseases,409,2,Female,94,46611.60510867583,51966.409235714265,42141.09473615079
508,Chronic respiratory diseases,409,2,Female,95,46766.5168164284,52342.03990000324,42142.16865569098
508,Chronic respiratory diseases,409,2,Female,96,46903.42615915825,52709.14848522383,42142.81461722963
508,Chronic respiratory diseases,409,2,Female,97,47019.64764646078,53067.45445297548,42143.0304255651
508,Chronic respiratory diseases,409,2,Female,98,47019.64764646077,53067.454452975486,42143.0304255651
508,Chronic respiratory diseases,409,2,Female,99,47019.64764646077,53067.454452975486,42143.0304255651
508,Chronic respiratory diseases,409,2,Female,100,47019.64764646077,53067.454452975486,42143.0304255651
508,Chronic respiratory diseases,409,2,Male,0,8928.930237846409,12917.38754498113,6246.23944549732
508,Chronic respiratory diseases,409,2,Male,1,8928.930237846409,12917.38754498113,6246.23944549732
508,Chronic respiratory diseases,409,2,Male,2,8928.930237846409,12917.38754498113,6246.23944549732
508,Chronic respiratory diseases,409,2,Male,3,11268.42248264747,15960.944438810842,7809.26668270723
508,Chronic respiratory diseases,409,2,Male,4,13366.228042205224,18675.07408906728,9245.5515894464
508,Chronic respiratory diseases,409,2,Male,5,15062.529619344412,20860.482755612153,10428.368197618029
508,Chronic respiratory diseases,409,2,Male,6,16197.50991688978,22317.87669830715,11230.990539125323
508,Chronic respiratory diseases,409,2,Male,7,16611.35163766607,22847.962177014,11526.69264587149
508,Chronic respiratory diseases,409,2,Male,8,16550.933707112286,22751.89569663032,11526.684463174975
508,Chronic respiratory diseases,409,2,Male,9,16389.163151970686,22494.695984145477,11526.65991659498
508,Chronic respiratory diseases,409,2,Male,10,16155.264827020916,22122.862632558747,11526.619008395808
508,Chronic respiratory diseases,409,2,Male,11,15878.463587042615,21682.895234869415,11526.561740841777
508,Chronic respiratory diseases,409,2,Male,12,15587.984286815428,21221.29338407676,11526.48811619719
508,Chronic respiratory diseases,409,2,Male,13,15234.769490650531,20643.72298132727,11403.114139145617
508,Chronic respiratory diseases,409,2,Male,14,14776.759187327249,19883.437441969305,11085.529810116888
508,Chronic respiratory diseases,409,2,Male,15,14253.67436832742,19028.31763030497,10652.296124994717
508,Chronic respiratory diseases,409,2,Male,16,13705.236025132894,18166.244410636333,10181.97407966281
508,Chronic respiratory diseases,409,2,Male,17,13171.16514922552,17385.09864726549,9753.12467000488
508,Chronic respiratory diseases,409,2,Male,18,12625.38565416224,16682.700161862835,9345.974605844884
508,Chronic respiratory diseases,409,2,Male,19,12040.607258200866,15998.94582189203,8907.242493129705
508,Chronic respiratory diseases,409,2,Male,20,11454.729659874543,15334.832060345088,8465.227171927438
508,Chronic respiratory diseases,409,2,Male,21,10905.65255771643,14691.355310214029,8048.227482306183
508,Chronic respiratory diseases,409,2,Male,22,10431.27565025966,14069.512004490867,7684.542264334041
508,Chronic respiratory diseases,409,2,Male,23,10015.147634150366,13432.983946646886,7355.390737724952
508,Chronic respiratory diseases,409,2,Male,24,9622.904995493163,12779.570576956892,7035.9715624223845
508,Chronic respiratory diseases,409,2,Male,25,9265.579117008972,12161.44478361821,6745.55273883871
508,Chronic respiratory diseases,409,2,Male,26,8954.201381418681,11630.77945482815,6503.402267386304
508,Chronic respiratory diseases,409,2,Male,27,8699.8031714432,11239.747478784033,6328.788148477541
508,Chronic respiratory diseases,409,2,Male,28,8480.424019176247,10942.634320738072,6196.867724551392
508,Chronic respiratory diseases,409,2,Male,29,8275.620335459807,10671.467414700368,6076.462331719962
508,Chronic respiratory diseases,409,2,Male,30,8098.698821137153,10445.03260200507,5977.33596090533
508,Chronic respiratory diseases,409,2,Male,31,7962.96617705157,10282.11572398633,5909.252603029576
508,Chronic respiratory diseases,409,2,Male,32,7881.72910404634,10201.50262197829,5881.9762490147805
508,Chronic respiratory diseases,409,2,Male,33,7834.831497699061,10170.87329293324,5878.700441339875
508,Chronic respiratory diseases,409,2,Male,34,7794.661047619022,10145.84537117631,5876.121357095111
508,Chronic respiratory diseases,409,2,Male,35,7763.340145697034,10127.111154100932,5874.256939119542
508,Chronic respiratory diseases,409,2,Male,36,7742.991183823913,10115.362939100529,5873.125130252227
508,Chronic respiratory diseases,409,2,Male,37,7735.73655389047,10111.29302356852,5872.743873332221
508,Chronic respiratory diseases,409,2,Male,38,7762.058047160281,10147.49129456841,5898.279309933942
508,Chronic respiratory diseases,409,2,Male,39,7833.551480224274,10244.839283214667,5967.440173118786
508,Chronic respiratory diseases,409,2,Male,40,7939.010282964299,10386.466752977172,6069.05829295627
508,Chronic respiratory diseases,409,2,Male,41,8067.227885262199,10555.503467325809,6191.965499515912
508,Chronic respiratory diseases,409,2,Male,42,8206.99771699982,10735.07918973045,6324.9936228672295
508,Chronic respiratory diseases,409,2,Male,43,8392.507153473043,10957.85326058576,6498.530711803245
508,Chronic respiratory diseases,409,2,Male,44,8650.602573915376,11251.952735636953,6736.600244552491
508,Chronic respiratory diseases,409,2,Male,45,8959.06591411508,11593.708951379744,7018.487195337754
508,Chronic respiratory diseases,409,2,Male,46,9295.679109860444,11959.453244309854,7323.476538381819
508,Chronic respiratory diseases,409,2,Male,47,9638.22409693973,12325.516950923,7630.853247907469
508,Chronic respiratory diseases,409,2,Male,48,10002.498938533732,12698.620101872417,7944.53313325532
508,Chronic respiratory diseases,409,2,Male,49,10407.905405749552,13096.87373524675,8281.298355229126
508,Chronic respiratory diseases,409,2,Male,50,10837.63099626496,13513.695698694844,8639.733415246383
508,Chronic respiratory diseases,409,2,Male,51,11274.863207757702,13942.503839865538,9018.422814724592
508,Chronic respiratory diseases,409,2,Male,52,11702.78953790554,14376.716006407669,9415.95105508126
508,Chronic respiratory diseases,409,2,Male,53,12111.468416089125,14815.282553159384,9839.187347201228
508,Chronic respiratory diseases,409,2,Male,54,12512.130345925656,15263.212990568138,10292.256389571035
508,Chronic respiratory diseases,409,2,Male,55,12919.720936447717,15723.013899696747,10769.625915010733
508,Chronic respiratory diseases,409,2,Male,56,13349.18579668788,16197.191861608026,11265.763656340348
508,Chronic respiratory diseases,409,2,Male,57,13815.47053567873,16688.25345736478,11775.13734637993
508,Chronic respiratory diseases,409,2,Male,58,14305.628090790657,17172.266057128738,12275.025796386512
508,Chronic respiratory diseases,409,2,Male,59,14814.768306259088,17648.922239034302,12770.784286362936
508,Chronic respiratory diseases,409,2,Male,60,15369.922151414185,18156.166396103337,13298.995252247929
508,Chronic respiratory diseases,409,2,Male,61,15998.120595586102,18731.942921357677,13896.24112998023
508,Chronic respiratory diseases,409,2,Male,62,16726.394608104998,19414.196207819172,14599.104355498572
508,Chronic respiratory diseases,409,2,Male,63,17653.75153222283,20303.485388212364,15509.356237422078
508,Chronic respiratory diseases,409,2,Male,64,18806.81370490815,21422.655310569276,16648.211063663555
508,Chronic respiratory diseases,409,2,Male,65,20104.03458606603,22693.078940872983,17931.415739102245
508,Chronic respiratory diseases,409,2,Male,66,21463.867635601528,24036.129245106553,19274.717168617397
508,Chronic respiratory diseases,409,2,Male,67,22804.76631341969,25373.17918925306,20593.86225708825
508,Chronic respiratory diseases,409,2,Male,68,24141.10688587937,26724.8437986351,21903.300326272612
508,Chronic respiratory diseases,409,2,Male,69,25530.038037362072,28148.54828745691,23261.489797415677
508,Chronic respiratory diseases,409,2,Male,70,26954.171854806857,29620.880905024045,24650.1912246278
508,Chronic respiratory diseases,409,2,Male,71,28396.120425152785,31118.429900642062,26051.165162019337
508,Chronic respiratory diseases,409,2,Male,72,29838.49583533892,32617.7835236165,27446.17216370064
508,Chronic respiratory diseases,409,2,Male,73,31310.88561484423,34158.33702288462,28862.554999015058
508,Chronic respiratory diseases,409,2,Male,74,32825.14401999006,35756.2375733955,30312.54405506686
508,Chronic respiratory diseases,409,2,Male,75,34337.28322797902,37353.20131347251,31755.231312607782
508,Chronic respiratory diseases,409,2,Male,76,35803.31541601372,38890.94438143899,33149.70875238955
508,Chronic respiratory diseases,409,2,Male,77,37179.25276129678,40311.18291561826,34455.0683551639
508,Chronic respiratory diseases,409,2,Male,78,38486.656718240505,41614.75217542233,35710.00486057694
508,Chronic respiratory diseases,409,2,Male,79,39760.55122987661,42849.41949782222,36947.93414102107
508,Chronic respiratory diseases,409,2,Male,80,40977.142206336815,44027.29913747982,38120.02987636743
508,Chronic respiratory diseases,409,2,Male,81,42112.63555775287,45160.50534905702,39177.46574648718
508,Chronic respiratory diseases,409,2,Male,82,43143.23719425649,46261.1523872157,40071.41543125145
508,Chronic respiratory diseases,409,2,Male,83,44095.26783910557,47343.43836245517,40846.927665806674
508,Chronic respiratory diseases,409,2,Male,84,44998.59038202032,48402.48324507147,41566.09966178901
508,Chronic respiratory diseases,409,2,Male,85,45834.72398282595,49421.78407942148,42205.67781380418
508,Chronic respiratory diseases,409,2,Male,86,46585.18780134771,50384.837909862115,42742.408516457945
508,Chronic respiratory diseases,409,2,Male,87,47231.50099741083,51275.14178075029,43153.038164356025
508,Chronic respiratory diseases,409,2,Male,88,47790.97012170089,52114.088874195266,43474.650151641144
508,Chronic respiratory diseases,409,2,Male,89,48296.04688300082,52920.91854415624,43756.99803428857
508,Chronic respiratory diseases,409,2,Male,90,48750.96817828184,53675.897092765,43995.83344965286
508,Chronic respiratory diseases,409,2,Male,91,49159.97090451521,54359.290822153336,44186.90803508861
508,Chronic respiratory diseases,409,2,Male,92,49527.29195867216,54951.36603445303,44325.9734279504
508,Chronic respiratory diseases,409,2,Male,93,49865.0851594421,55475.09903561652,44435.51800523965
508,Chronic respiratory diseases,409,2,Male,94,50179.20720790804,55960.05727133152,44535.28431238875
508,Chronic respiratory diseases,409,2,Male,95,50464.449324631685,56396.39375333268,44616.905239398744
508,Chronic respiratory diseases,409,2,Male,96,50715.60273017471,56774.261493354665,44672.013676270646
508,Chronic respiratory diseases,409,2,Male,97,50927.4586450988,57083.813503132165,44692.242513005505
508,Chronic respiratory diseases,409,2,Male,98,50927.4586450988,57083.813503132165,44692.2425130055
508,Chronic respiratory diseases,409,2,Male,99,50927.4586450988,57083.813503132165,44692.2425130055
508,Chronic respiratory diseases,409,2,Male,100,50927.4586450988,57083.813503132165,44692.2425130055
526,Digestive diseases,409,2,Both,0,372.63092616497,434.4018611477901,313.81378915612
526,Digestive diseases,409,2,Both,1,372.63092616497,434.4018611477901,313.81378915612
526,Digestive diseases,409,2,Both,2,372.63092616497,434.4018611477901,313.81378915612
526,Digestive diseases,409,2,Both,3,466.70962146395914,549.0447619607617,388.7904775407005
526,Digestive diseases,409,2,Both,4,570.107901462121,675.036584739667,471.8590025152145
526,Digestive diseases,409,2,Both,5,681.9624862461415,811.3265313781023,562.2282209764122
526,Digestive diseases,409,2,Both,6,801.4100959027058,956.8638037696644,659.106989821044
526,Digestive diseases,409,2,Both,7,927.5874505185,1110.59760380795,761.70416594586
526,Digestive diseases,409,2,Both,8,1046.6049125681209,1256.0310104225243,858.6375705615574
526,Digestive diseases,409,2,Both,9,1160.4768018493023,1395.615885861662,951.7532042423852
526,Digestive diseases,409,2,Both,10,1292.1957744334345,1556.724606997023,1060.1021929304225
526,Digestive diseases,409,2,Both,11,1464.7544863919068,1766.729550700269,1202.7356625677478
526,Digestive diseases,409,2,Both,12,1701.14559379611,2053.00309384306,1398.70473909644
526,Digestive diseases,409,2,Both,13,2331.4502227415965,2776.6918651828005,1950.3353880835616
526,Digestive diseases,409,2,Both,14,3516.1629577252547,4113.327441251545,3004.845621588207
526,Digestive diseases,409,2,Both,15,5023.896642420476,5811.859620582925,4348.624635290506
526,Digestive diseases,409,2,Both,16,6623.264120500655,7621.238201710575,5768.061624870592
526,Digestive diseases,409,2,Both,17,8082.87823563918,9290.41298316813,7049.54578600859
526,Digestive diseases,409,2,Both,18,9409.168785400094,10833.536335128783,8197.94751955142
526,Digestive diseases,409,2,Both,19,10756.81801342422,12419.31211694141,9355.718355634122
526,Digestive diseases,409,2,Both,20,12116.81743250015,14028.51736090314,10515.619183869034
526,Digestive diseases,409,2,Both,21,13480.158555416456,15641.929099311106,11670.410893868471
526,Digestive diseases,409,2,Both,22,14837.83289496172,17240.32436446245,12812.85437524477
526,Digestive diseases,409,2,Both,23,16213.324383093544,18846.266817431035,13950.109517002604
526,Digestive diseases,409,2,Both,24,17612.638890589686,20472.579361928445,15087.123144772062
526,Digestive diseases,409,2,Both,25,19000.550838468993,22085.427894208395,16213.336553103589
526,Digestive diseases,409,2,Both,26,20341.834647750304,23650.978310524595,17318.191036547614
526,Digestive diseases,409,2,Both,27,21601.26473945245,25135.39650713076,18391.12788965458
526,Digestive diseases,409,2,Both,28,22801.669527706086,26580.01771434079,19460.560221507403
526,Digestive diseases,409,2,Both,29,23972.216421375015,28012.369394083016,20534.840874001737
526,Digestive diseases,409,2,Both,30,25087.188333577775,29377.905790032793,21573.320740907133
526,Digestive diseases,409,2,Both,31,26120.868177432927,30622.081145865493,22535.350715993132
526,Digestive diseases,409,2,Both,32,27047.538866059014,31690.34970525647,23380.28169302929
526,Digestive diseases,409,2,Both,33,27876.421269184862,32590.468244112035,24109.29975030875
526,Digestive diseases,409,2,Both,34,28640.025660826886,33388.12894351697,24766.06409299556
526,Digestive diseases,409,2,Both,35,29347.569060534977,34115.689154914326,25373.63530516565
526,Digestive diseases,409,2,Both,36,30008.268487859063,34805.50622974717,25955.07397089493
526,Digestive diseases,409,2,Both,37,30631.34096234905,35489.93751945856,26533.440674259306
526,Digestive diseases,409,2,Both,38,31216.244340527297,36190.82022361323,27115.88937068581
526,Digestive diseases,409,2,Both,39,31762.63151036241,36888.77874114116,27688.303246599044
526,Digestive diseases,409,2,Both,40,32280.012038573692,37554.351222533325,28241.836732571268
526,Digestive diseases,409,2,Both,41,32777.895491880445,38158.07581828065,28767.644259174747
526,Digestive diseases,409,2,Both,42,33265.79143700197,38670.49067887412,29256.88025698175
526,Digestive diseases,409,2,Both,43,33733.98762378562,39074.53781632714,29707.44987887638
526,Digestive diseases,409,2,Both,44,34177.318263347304,39405.60876510721,30129.03582878055
526,Digestive diseases,409,2,Both,45,34612.112614309095,39712.91595938632,30530.458863823227
526,Digestive diseases,409,2,Both,46,35054.69993529309,40045.671833336535,30920.53974113335
526,Digestive diseases,409,2,Both,47,35521.40948492139,40453.08882112985,31308.099217839892
526,Digestive diseases,409,2,Both,48,36008.236139197696,40992.60687156695,31668.492173311315
526,Digestive diseases,409,2,Both,49,36505.34144794428,41648.80302040152,31996.247333230105
526,Digestive diseases,409,2,Both,50,37020.30468051099,42361.59533223511,32328.946224196236
526,Digestive diseases,409,2,Both,51,37560.70510624774,43070.90187166926,32704.17037280967
526,Digestive diseases,409,2,Both,52,38134.1219945044,43716.64070330552,33159.50130567038
526,Digestive diseases,409,2,Both,53,38772.5067623908,44283.81942112554,33796.10071856768
526,Digestive diseases,409,2,Both,54,39475.12553201593,44814.43527170908,34621.482271043344
526,Digestive diseases,409,2,Both,55,40200.52963022845,45333.89079855493,35532.75543532606
526,Digestive diseases,409,2,Both,56,40907.27038387698,45867.58854516182,36427.02968364453
526,Digestive diseases,409,2,Both,57,41553.89911981019,46440.93105502853,37201.41448822745
526,Digestive diseases,409,2,Both,58,42126.410644417294,47084.515473624866,37849.41193500407
526,Digestive diseases,409,2,Both,59,42655.88416986262,47784.04838851009,38446.63896601151
526,Digestive diseases,409,2,Both,60,43168.497631657425,48497.596506317175,39013.37733764022
526,Digestive diseases,409,2,Both,61,43690.42896531295,49183.22653367905,39569.90880628065
526,Digestive diseases,409,2,Both,62,44247.85610634045,49799.0051772287,40136.5151283233
526,Digestive diseases,409,2,Both,63,44866.292012607104,50344.6614807944,40718.825298093085
526,Digestive diseases,409,2,Both,64,45529.93346397822,50853.803232482525,41303.36799518431
526,Digestive diseases,409,2,Both,65,46202.98412896228,51335.31525534316,41881.77450389152
526,Digestive diseases,409,2,Both,66,46849.64767606773,51798.082372426376,42445.676108509295
526,Digestive diseases,409,2,Both,67,47434.12777380306,52250.98940678223,42986.70409333215
526,Digestive diseases,409,2,Both,68,47960.28048287504,52694.88999444215,43516.04588135868
526,Digestive diseases,409,2,Both,69,48456.97772650518,53125.03630035986,44040.499887501835
526,Digestive diseases,409,2,Both,70,48925.946966974,53541.91094096888,44545.11388392766
526,Digestive diseases,409,2,Both,71,49368.91566656204,53945.99653270276,45014.93564280222
526,Digestive diseases,409,2,Both,72,49787.61128754986,54337.77569199504,45435.01293629156
526,Digestive diseases,409,2,Both,73,50197.31514124975,54736.02123586529,45810.67644904877
526,Digestive diseases,409,2,Both,74,50599.90041583297,55141.2994853407,46158.60859310794
526,Digestive diseases,409,2,Both,75,50976.98238886848,55526.783312866195,46480.88473170662
526,Digestive diseases,409,2,Both,76,51310.17633792522,55865.64559088675,46779.58022808236
526,Digestive diseases,409,2,Both,77,51581.09754057216,56131.059191847286,47056.77044547274
526,Digestive diseases,409,2,Both,78,51820.73246839787,56354.064318722914,47345.80948268861
526,Digestive diseases,409,2,Both,79,52054.26622965336,56568.057969912305,47648.74625804196
526,Digestive diseases,409,2,Both,80,52254.61205690123,56749.74821099577,47920.698364021984
526,Digestive diseases,409,2,Both,81,52394.68318270405,56875.84310755363,48116.78339311793
526,Digestive diseases,409,2,Both,82,52447.39283962441,56923.05072516618,48192.11893781897
526,Digestive diseases,409,2,Both,83,52392.32632134916,56837.501177243066,48181.70123223027
526,Digestive diseases,409,2,Both,84,52261.0138546928,56630.882777967265,48153.51064887326
526,Digestive diseases,409,2,Both,85,52104.286071909395,56378.240894079085,48112.14098786151
526,Digestive diseases,409,2,Both,86,51972.973605253035,56154.62089231883,48062.186049308584
526,Digestive diseases,409,2,Both,87,51917.907086977786,56035.0681394268,48008.2396333281
526,Digestive diseases,409,2,Both,88,51923.6067577999,55995.31235915441,47919.05519991321
526,Digestive diseases,409,2,Both,89,51940.1209257091,55961.9774459487,47785.07114286291
526,Digestive diseases,409,2,Both,90,51966.57232386968,55936.450022593344,47643.40866299941
526,Digestive diseases,409,2,Both,91,52002.08368544594,55920.11671187207,47531.188961144995
526,Digestive diseases,409,2,Both,92,52045.77774360217,55914.364136568605,47485.53323812192
526,Digestive diseases,409,2,Both,93,52171.2588004142,56040.700062408505,47600.174782156784
526,Digestive diseases,409,2,Both,94,52431.686201921904,56384.9913354352,47917.31847476806
526,Digestive diseases,409,2,Both,95,52795.51524723563,56895.16319890913,48396.79290671576
526,Digestive diseases,409,2,Both,96,53231.20123546574,57519.140896090794,48998.42666875991
526,Digestive diseases,409,2,Both,97,53707.1994657226,58204.84967024064,49682.04835166053
526,Digestive diseases,409,2,Both,98,53707.1994657226,58204.84967024064,49682.04835166053
526,Digestive diseases,409,2,Both,99,53707.1994657226,58204.84967024064,49682.04835166053
526,Digestive diseases,409,2,Both,100,53707.1994657226,58204.84967024064,49682.04835166053
526,Digestive diseases,409,2,Female,0,370.67324584431,448.99280330786,299.60508123169
526,Digestive diseases,409,2,Female,1,370.67324584431,448.99280330786,299.60508123169
526,Digestive diseases,409,2,Female,2,370.67324584431,448.99280330786,299.60508123169
526,Digestive diseases,409,2,Female,3,503.8946626608888,607.5878161596121,402.0346293254914
526,Digestive diseases,409,2,Female,4,642.6598723105042,774.2282394250809,510.8769151557658
526,Digestive diseases,409,2,Female,5,786.6945774266704,948.4492375426156,625.6982503651436
526,Digestive diseases,409,2,Female,6,935.7244806429012,1129.7859749505656,746.0649465962548
526,Digestive diseases,409,2,Female,7,1089.47528459271,1317.77361608728,871.5433154917299
526,Digestive diseases,409,2,Female,8,1230.3015300843235,1491.843175462323,988.0435935851934
526,Digestive diseases,409,2,Female,9,1358.8432443062086,1653.079269386212,1096.5777203771745
526,Digestive diseases,409,2,Female,10,1502.2543594622423,1833.4974649987291,1219.364561960661
526,Digestive diseases,409,2,Female,11,1687.6888077563008,2065.1133294396545,1378.6229844286404
526,Digestive diseases,409,2,Female,12,1942.30052139226,2379.9424298487697,1596.5718538741
526,Digestive diseases,409,2,Female,13,2550.016726536254,3083.8981707880594,2131.752012326604
526,Digestive diseases,409,2,Female,14,3644.8286854963735,4321.315566936044,3105.658661871025
526,Digestive diseases,409,2,Female,15,5028.986384689431,5881.842600607307,4334.942208683313
526,Digestive diseases,409,2,Female,16,6504.739810532243,7555.127254116434,5636.253058939417
526,Digestive diseases,409,2,Female,17,7874.33894944162,9130.81750977801,6826.24161881529
526,Digestive diseases,409,2,Female,18,9147.01876247253,10626.64014301122,7905.764731282697
526,Digestive diseases,409,2,Female,19,10456.081599288427,12186.485008946614,8997.347620400447
526,Digestive diseases,409,2,Female,20,11789.87852921885,13789.244709465826,10100.143263975056
526,Digestive diseases,409,2,Female,21,13136.760621593328,15413.81184645048,11213.304639813032
526,Digestive diseases,409,2,Female,22,14485.078945741408,17039.07902178221,12335.98472572089
526,Digestive diseases,409,2,Female,23,15865.130396507871,18713.521538077825,13493.384410640703
526,Digestive diseases,409,2,Female,24,17284.843881730536,20451.564133825083,14686.304446886008
526,Digestive diseases,409,2,Female,25,18699.018490228485,22181.02356471202,15877.297607320495
526,Digestive diseases,409,2,Female,26,20062.4533108208,23829.716586426697,17028.91666480786
526,Digestive diseases,409,2,Female,27,21329.94743232656,25325.45995465714,18103.71439221181
526,Digestive diseases,409,2,Female,28,22527.686559235382,26694.603704274577,19119.38672326179
526,Digestive diseases,409,2,Female,29,23692.864554086675,27999.583218659896,20106.137574849305
526,Digestive diseases,409,2,Female,30,24796.79274277417,29222.343276265685,21045.281694581132
526,Digestive diseases,409,2,Female,31,25810.78245119162,30344.828655544512,21918.13383006403
526,Digestive diseases,409,2,Female,32,26706.14500523278,31348.98413494896,22706.00872890478
526,Digestive diseases,409,2,Female,33,27495.016385713516,32242.533542980356,23420.81449150875
526,Digestive diseases,409,2,Female,34,28215.21681593704,33056.722636315404,24086.941607315443
526,Digestive diseases,409,2,Female,35,28876.583985528086,33808.779085669805,24704.428407482785
526,Digestive diseases,409,2,Female,36,29488.9555841114,34515.930561759225,25273.313223168738
526,Digestive diseases,409,2,Female,37,30062.16930131173,35195.40473529935,25793.634385531223
526,Digestive diseases,409,2,Female,38,30594.14443670936,35863.15088148789,26260.010439799924
526,Digestive diseases,409,2,Female,39,31084.974329585697,36512.10533559259,26680.40269583829
526,Digestive diseases,409,2,Female,40,31547.75772911713,37124.97635843416,27074.86363175494
526,Digestive diseases,409,2,Female,41,31995.593384480035,37684.47221083332,27463.445725658497
526,Digestive diseases,409,2,Female,42,32441.58004485081,38173.30115361081,27866.20145565757
526,Digestive diseases,409,2,Female,43,32875.27542508153,38572.13008290705,28282.681963709463
526,Digestive diseases,409,2,Female,44,33288.50426256233,38904.24800392555,28699.52286159542
526,Digestive diseases,409,2,Female,45,33697.765840276785,39216.29634108163,29117.403332160007
526,Digestive diseases,409,2,Female,46,34119.5594412084,39554.91651879057,29537.002558247776
526,Digestive diseases,409,2,Female,47,34570.38434834071,39966.74996146766,29958.999722703276
526,Digestive diseases,409,2,Female,48,35049.45838853542,40509.197387812805,30364.472837237863
526,Digestive diseases,409,2,Female,49,35547.917324333524,41168.66710475216,30752.99197790793
526,Digestive diseases,409,2,Female,50,36070.13734223746,41885.31191904046,31152.97442407557
526,Digestive diseases,409,2,Female,51,36620.49462874968,42599.28463743241,31592.83745510292
526,Digestive diseases,409,2,Female,52,37203.3653703726,43250.73806668276,32100.99835035208
526,Digestive diseases,409,2,Female,53,37850.540652020245,43819.290807936595,32751.711899037444
526,Digestive diseases,409,2,Female,54,38563.94123434586,44346.63434714021,33545.99703838908
526,Digestive diseases,409,2,Female,55,39303.13781746068,44866.03081825012,34402.417269792655
526,Digestive diseases,409,2,Female,56,40027.701101476,45410.742355222836,35239.53609463378
526,Digestive diseases,409,2,Female,57,40697.201786503065,46014.03109201488,35975.91701429813
526,Digestive diseases,409,2,Female,58,41301.2670012204,46738.680111188354,36600.65520700871
526,Digestive diseases,409,2,Female,59,41869.41825428341,47569.69071414876,37174.09405841483
526,Digestive diseases,409,2,Female,60,42421.06781576867,48423.65236311768,37721.669381041545
526,Digestive diseases,409,2,Female,61,42975.6279557528,49217.15452031673,38268.81698741391
526,Digestive diseases,409,2,Female,62,43552.51094431235,49866.786647967485,38840.97269005699
526,Digestive diseases,409,2,Female,63,44173.233380737176,50377.88847279553,39451.85926408225
526,Digestive diseases,409,2,Female,64,44825.255541658,50825.71565339586,40084.81258615495
526,Digestive diseases,409,2,Female,65,45476.905213162754,51231.7315497942,40719.688121130785
526,Digestive diseases,409,2,Female,66,46096.51018133937,51617.39952201627,41336.34133386545
526,Digestive diseases,409,2,Female,67,46652.3982322758,52004.182930087794,41914.62768921467
526,Digestive diseases,409,2,Female,68,47149.56475159735,52398.41194423935,42483.89900988666
526,Digestive diseases,409,2,Female,69,47615.37018778795,52786.72272665146,43059.8811249066
526,Digestive diseases,409,2,Female,70,48051.68992122355,53161.037625274774,43601.99050860557
526,Digestive diseases,409,2,Female,71,48460.39933228004,53513.27898805992,44069.64363531468
526,Digestive diseases,409,2,Female,72,48843.37380133336,53835.36916295751,44422.256979365
526,Digestive diseases,409,2,Female,73,49215.07822451851,54137.46276777583,44665.86394915159
526,Digestive diseases,409,2,Female,74,49577.86261084437,54428.52633278066,44854.3440355913
526,Digestive diseases,409,2,Female,75,49915.430009997624,54698.70007460886,45018.88283679789
526,Digestive diseases,409,2,Female,76,50211.48347166494,54938.12420989733,45190.66595088521
526,Digestive diseases,409,2,Female,77,50449.72604553302,55136.938955282945,45400.87897596701
526,Digestive diseases,409,2,Female,78,50657.88510072942,55317.75165911285,45715.343943241256
526,Digestive diseases,409,2,Female,79,50859.38665634316,55495.520339597955,46118.40072804401
526,Digestive diseases,409,2,Female,80,51031.48173700302,55648.911218170826,46519.01169469624
526,Digestive diseases,409,2,Female,81,51151.42136733781,55756.590516264005,46826.13920751888
526,Digestive diseases,409,2,Female,82,51196.45657197635,55797.22445531005,46948.74563083288
526,Digestive diseases,409,2,Female,83,51142.239974922246,55696.48979554657,46886.997971816905
526,Digestive diseases,409,2,Female,84,51012.95424348553,55456.27637611057,46734.94791884132
526,Digestive diseases,409,2,Female,85,50858.64546725462,55169.570036783734,46542.384858014586
526,Digestive diseases,409,2,Female,86,50729.359735817896,54929.35661734774,46359.09817544521
526,Digestive diseases,409,2,Female,87,50675.14313876379,54828.621957584255,46234.87725724168
526,Digestive diseases,409,2,Female,88,50695.32627304937,54842.11822486616,46156.951975964825
526,Digestive diseases,409,2,Female,89,50751.58946871069,54880.81802635208,46084.06258145136
526,Digestive diseases,409,2,Female,90,50837.50341495466,54942.03786150225,46023.26402572363
526,Digestive diseases,409,2,Female,91,50946.63880098818,55023.09422977695,45981.61126080395
526,Digestive diseases,409,2,Female,92,51072.56631601812,55121.30363063643,45966.15923871465
526,Digestive diseases,409,2,Female,93,51273.33399467331,55348.979257120795,46102.399241301835
526,Digestive diseases,409,2,Female,94,51594.69092602688,55788.13381890422,46475.26459710736
526,Digestive diseases,409,2,Female,95,52011.75938095218,56390.633090398114,47030.97332819717
526,Digestive diseases,409,2,Female,96,52499.6616303226,57108.34284601383,47715.74345663725
526,Digestive diseases,409,2,Female,97,53033.519945011474,57893.12886016278,48475.79300449352
526,Digestive diseases,409,2,Female,98,53033.519945011474,57893.12886016278,48475.79300449352
526,Digestive diseases,409,2,Female,99,53033.519945011474,57893.12886016278,48475.79300449352
526,Digestive diseases,409,2,Female,100,53033.519945011474,57893.12886016278,48475.79300449352
526,Digestive diseases,409,2,Male,0,374.50407197662,426.12516924449,323.73088863795
526,Digestive diseases,409,2,Male,1,374.50407197662,426.12516924449,323.73088863795
526,Digestive diseases,409,2,Male,2,374.50407197662,426.12516924449,323.73088863795
526,Digestive diseases,409,2,Male,3,431.4960790163725,499.02431803169833,369.9130531145124
526,Digestive diseases,409,2,Male,4,501.8096906500675,586.2145712889754,426.9508268244538
526,Digestive diseases,409,2,Male,5,583.4736614116244,685.7490322669103,493.2338052903772
526,Digestive diseases,409,2,Male,6,674.5167458349623,795.6808042160922,567.1515840348851
526,Digestive diseases,409,2,Male,7,772.967698454,914.06299038711,647.09375858058
526,Digestive diseases,409,2,Male,8,870.0327206170091,1029.5001818987023,725.7418289964123
526,Digestive diseases,409,2,Male,9,970.3113850781784,1146.5351378328287,806.8534057296423
526,Digestive diseases,409,2,Male,10,1091.9225034803037,1287.128213384908,905.4322498703382
526,Digestive diseases,409,2,Male,11,1252.9848874661786,1473.2397637503584,1036.482122508568
526,Digestive diseases,409,2,Male,12,1471.6173486786,1726.8301441246,1215.0067847343998
526,Digestive diseases,409,2,Male,13,2122.7808956435,2478.689492390598,1774.9600877420755
526,Digestive diseases,409,2,Male,14,3393.357843577081,3943.346705709572,2882.726194609433
526,Digestive diseases,409,2,Male,15,5019.34896415754,5818.370278194324,4301.954334251935
526,Digestive diseases,409,2,Male,16,6736.755029063073,7801.328703957656,5796.293735585044
526,Digestive diseases,409,2,Male,17,8281.57680997188,9589.79047711237,7129.39362752422
526,Digestive diseases,409,2,Male,18,9658.625497986184,11193.618752131228,8298.449937037562
526,Digestive diseases,409,2,Male,19,11043.922122796832,12814.516146323043,9461.05812785889
526,Digestive diseases,409,2,Male,20,12430.282213964956,14437.810348054714,10621.466734052265
526,Digestive diseases,409,2,Male,21,13810.521301051696,16048.829045693135,11783.924289681738
526,Digestive diseases,409,2,Male,22,15177.45491361818,17632.8999276052,12952.67932881137
526,Digestive diseases,409,2,Male,23,16548.41342265622,19195.876792548344,14144.879106926805
526,Digestive diseases,409,2,Male,24,17928.315930893732,20747.98725227463,15357.717235042595
526,Digestive diseases,409,2,Male,25,19291.361065496007,22281.11971464288,16565.51178051616
526,Digestive diseases,409,2,Male,26,20611.747453628344,23787.16258751192,17742.58081070493
526,Digestive diseases,409,2,Male,27,21863.67372245604,25258.00427874058,18863.24239296631
526,Digestive diseases,409,2,Male,28,23067.113721937636,26748.877009998992,19947.15241771306
526,Digestive diseases,409,2,Male,29,24243.75096719434,28266.57589196123,21014.445858761657
526,Digestive diseases,409,2,Male,30,25370.34858313545,29730.33366599202,22040.159408575095
526,Digestive diseases,409,2,Male,31,26423.669694670243,31059.383073456072,22999.329759616357
526,Digestive diseases,409,2,Male,32,27380.47742670801,32172.956855718123,23866.99360434845
526,Digestive diseases,409,2,Male,33,28247.582058674347,33080.65343056979,24648.85788531266
526,Digestive diseases,409,2,Male,34,29053.04185323715,33872.864257894325,25373.36001699824
526,Digestive diseases,409,2,Male,35,29805.491910169178,34590.01164219383,26049.632399790094
526,Digestive diseases,409,2,Male,36,30513.56732924319,35272.517887970425,26686.807434073115
526,Digestive diseases,409,2,Male,37,31185.90321023194,35960.80529972624,27294.01752023221
526,Digestive diseases,409,2,Male,38,31823.62266687512,36664.43291779731,27869.816405759186
526,Digestive diseases,409,2,Male,39,32425.94667496893,37357.83455795849,28412.305929875125
526,Digestive diseases,409,2,Male,40,32998.65712737088,38028.744687870065,28929.94063055888
526,Digestive diseases,409,2,Male,41,33547.53591693849,38664.89777519235,29431.1750457893
526,Digestive diseases,409,2,Male,42,34078.36493652926,39254.02828758564,29924.463713545218
526,Digestive diseases,409,2,Male,43,34582.65902578458,39791.66903646663,30401.639072765855
526,Digestive diseases,409,2,Male,44,35058.4577811232,40290.988641420496,30857.88824224345
526,Digestive diseases,409,2,Male,45,35521.33023056871,40766.17528236027,31306.6977797364
526,Digestive diseases,409,2,Male,46,35986.8454021447,41231.41713919898,31761.554243003106
526,Digestive diseases,409,2,Male,47,36470.57232387478,41700.90239184966,32235.94418980195
526,Digestive diseases,409,2,Male,48,36965.57416482432,42163.35758260395,32728.13488444893
526,Digestive diseases,409,2,Male,49,37461.80580562015,42609.45927308777,33229.772664863805
526,Digestive diseases,409,2,Male,50,37970.17384162794,43056.32067221557,33744.412699210705
526,Digestive diseases,409,2,Male,51,38501.58486821344,43521.05498890179,34275.61015565372
526,Digestive diseases,409,2,Male,52,39066.94548074231,44020.77543206091,34826.92020235693
526,Digestive diseases,409,2,Male,53,39698.790521997915,44571.32105371849,35418.29214257428
526,Digestive diseases,409,2,Male,54,40393.78053270015,45164.71420272227,36049.01674229098
526,Digestive diseases,409,2,Male,55,41109.01065511957,45782.34303321993,36691.66136376812
526,Digestive diseases,409,2,Male,56,41801.57603152672,46405.59569935913,37318.793369266736
526,Digestive diseases,409,2,Male,57,42428.57180419213,47015.86035528756,37902.98012104793
526,Digestive diseases,409,2,Male,58,42972.62528383297,47612.83133772375,38427.59079901693
526,Digestive diseases,409,2,Male,59,43466.806946348064,48208.917945024186,38913.159361140046
526,Digestive diseases,409,2,Male,60,43943.87668178047,48804.58077379348,39388.000336769925
526,Digestive diseases,409,2,Male,61,44436.594380173236,49400.28042063624,39880.42825525923
526,Digestive diseases,409,2,Male,62,44977.71993156942,49996.47748215706,40418.75764596059
526,Digestive diseases,409,2,Male,63,45598.1560885007,50601.23677028821,41027.13936902997
526,Digestive diseases,409,2,Male,64,46280.0426214551,51214.25137270156,41690.88881457741
526,Digestive diseases,409,2,Male,65,46982.99494741019,51823.42429961114,42380.06730688674
526,Digestive diseases,409,2,Male,66,47666.62848334358,52416.65856123098,43064.73617024176
526,Digestive diseases,409,2,Male,67,48290.55864623285,52981.85716777508,43714.95672892631
526,Digestive diseases,409,2,Male,68,48857.309044242065,53519.648310150325,44344.448511384646
526,Digestive diseases,409,2,Male,69,49397.41093444513,54039.6377553956,44973.92529971058
526,Digestive diseases,409,2,Male,70,49912.49120718445,54543.19487792299,45583.93979866212
526,Digestive diseases,409,2,Male,71,50404.176752802385,55031.68905214455,46155.04471299734
526,Digestive diseases,409,2,Male,72,50874.09446164134,55506.48965247236,46667.79274747426
526,Digestive diseases,409,2,Male,73,51335.689278286474,56001.679146110895,47128.19099507112
526,Digestive diseases,409,2,Male,74,51790.15178681791,56517.32971431393,47556.52071447232
526,Digestive diseases,409,2,Male,75,52220.72733682045,57003.795302567414,47954.74585899516
526,Digestive diseases,409,2,Male,76,52610.661277878906,57411.42985635731,48324.83038195696
526,Digestive diseases,409,2,Male,77,52943.19895957804,57690.58732116961,48668.73823667504
526,Digestive diseases,409,2,Male,78,53255.31739918912,57884.271824859046,49018.57688033935
526,Digestive diseases,409,2,Male,79,53568.277696054174,58059.26099310871,49377.06490628433
526,Digestive diseases,409,2,Male,80,53841.75132286418,58201.56901814706,49702.08297204399
526,Digestive diseases,409,2,Male,81,54035.40975231012,58297.210092202535,49951.51173515234
526,Digestive diseases,409,2,Male,82,54108.924457083,58332.19840750359,50083.23185314337
526,Digestive diseases,409,2,Male,83,54078.47996205462,58292.6268335188,50137.94998167496
526,Digestive diseases,409,2,Male,84,54005.881550833095,58198.100676749906,50183.36020550603
526,Digestive diseases,409,2,Male,85,53919.23183421386,58084.902784975166,50217.824325822214
526,Digestive diseases,409,2,Male,86,53846.63342299234,57989.3160059728,50239.704143809126
526,Digestive diseases,409,2,Male,87,53816.18892796396,57947.62318752104,50247.361460652406
526,Digestive diseases,409,2,Male,88,53821.30689285395,57945.224695870034,50229.601476586846
526,Digestive diseases,409,2,Male,89,53836.15720556166,57943.33977308485,50187.250745353595
526,Digestive diseases,409,2,Male,90,53859.98449314375,57941.97958066608,50136.70309839777
526,Digestive diseases,409,2,Male,91,53892.033382656846,57941.155280114384,50094.35236716451
526,Digestive diseases,409,2,Male,92,53931.54850115759,57940.87803293033,50076.59238309895
526,Digestive diseases,409,2,Male,93,54049.16386485408,58028.90944242885,50152.30792907961
526,Digestive diseases,409,2,Male,94,54295.83592442866,58267.928927120134,50359.773200484866
526,Digestive diseases,409,2,Male,95,54641.29295864926,58620.32437129782,50669.46614750964
526,Digestive diseases,409,2,Male,96,55055.263246283845,59048.483659255515,51051.86472034884
526,Digestive diseases,409,2,Male,97,55507.47506610036,59514.794675286845,51477.44686919742
526,Digestive diseases,409,2,Male,98,55507.47506610036,59514.794675286845,51477.44686919742
526,Digestive diseases,409,2,Male,99,55507.47506610036,59514.794675286845,51477.44686919742
526,Digestive diseases,409,2,Male,100,55507.47506610036,59514.794675286845,51477.44686919742
542,Neurological disorders,409,2,Both,0,204.53,292.92,124.19
542,Neurological disorders,409,2,Both,1,204.53,292.92,124.19
542,Neurological disorders,409,2,Both,2,204.53,292.92,124.19
542,Neurological disorders,409,2,Both,3,216.7871687037966,315.84202964262226,130.65879606070826
542,Neurological disorders,409,2,Both,4,228.97830611138983,338.73808892786667,137.0107881821248
542,Neurological disorders,409,2,Both,5,241.10285916708477,361.60813339180004,143.24238227318722
542,Neurological disorders,409,2,Both,6,253.16027481518648,384.4521185704889,149.34998424283307
542,Neurological disorders,409,2,Both,7,265.15,407.27,155.33
542,Neurological disorders,409,2,Both,8,277.1732749594945,432.37097125452726,160.96838012527917
542,Neurological disorders,409,2,Both,9,289.23139015695824,459.75513608324854,166.27351083114945
542,Neurological disorders,409,2,Both,10,301.1738678746747,485.95881528470625,171.57545147438017
542,Neurological disorders,409,2,Both,11,312.85023039492745,507.51832965744256,177.2042614117406
542,Neurological disorders,409,2,Both,12,324.10999999999996,520.97,183.49
542,Neurological disorders,409,2,Both,13,334.7350261693328,527.5884189034487,190.7856730946657
542,Neurological disorders,409,2,Both,14,344.8455018181061,531.9402303979673,198.97635204483853
542,Neurological disorders,409,2,Both,15,354.79846438221307,535.4998324407618,207.69019444767858
542,Neurological disorders,409,2,Both,16,364.9509512975467,539.7416229890375,216.55535790034574
542,Neurological disorders,409,2,Both,17,375.66,546.14,225.2
542,Neurological disorders,409,2,Both,18,386.9420435424534,558.4958490315206,233.65396628043035
542,Neurological disorders,409,2,Both,19,398.58572013778684,577.4661836209127,242.16537809464987
542,Neurological disorders,409,2,Both,20,410.6063749618937,599.8095936945444,250.6898067686541
542,Neurological disorders,409,2,Both,21,423.0193531906671,622.284669178784,259.18282362843894
542,Neurological disorders,409,2,Both,22,435.84000000000003,641.65,267.6
542,Neurological disorders,409,2,Both,23,449.3509280335815,657.8426790610927,275.5692826598928
542,Neurological disorders,409,2,Both,24,463.5776687108519,673.128451025086,283.12091209634116
542,Neurological disorders,409,2,Both,25,478.1499453713316,687.7588834585329,290.81390020284306
542,Neurological disorders,409,2,Both,26,492.6974813545408,701.9855439279866,299.20725887289666
542,Neurological disorders,409,2,Both,27,506.84999999999997,716.0600000000001,308.86
542,Neurological disorders,409,2,Both,28,520.944737986283,730.2152015522819,321.34408288297357
542,Neurological disorders,409,2,Both,29,535.2323126511401,744.2997529822723,336.61252506476745
542,Neurological disorders,409,2,Both,30,549.2125183228559,757.9887036361215,352.79592580507455
542,Neurological disorders,409,2,Both,31,562.3851493297143,770.9571028599806,368.02488436358783
542,Neurological disorders,409,2,Both,32,574.25,782.88,380.43
542,Neurological disorders,409,2,Both,33,584.5790535981549,793.2312930304978,389.95513336201157
542,Neurological disorders,409,2,Both,34,593.8548904607519,802.3388840353138,398.1873273717235
542,Neurological disorders,409,2,Both,35,602.6432005242715,811.1588285248807,405.72195470042965
542,Neurological disorders,409,2,Both,36,611.509673725194,820.6471820096318,413.15438801942383
542,Neurological disorders,409,2,Both,37,621.02,831.76,421.08
542,Neurological disorders,409,2,Both,38,630.4326888956334,844.3052565330449,428.86080028554363
542,Neurological disorders,409,2,Both,39,639.3910873382109,857.9788871031496,436.102810214473
542,Neurological disorders,409,2,Both,40,649.0381413329716,873.568889406732,443.7674200006304
542,Neurological disorders,409,2,Both,41,660.5167968851549,891.8632611402095,452.8160198578586
542,Neurological disorders,409,2,Both,42,674.9699999999999,913.65,464.21
542,Neurological disorders,409,2,Both,43,696.3118531912313,943.2925195489934,480.6608500207212
542,Neurological disorders,409,2,Both,44,726.1078088961872,982.7216526608764,503.1915896351091
542,Neurological disorders,409,2,Both,45,761.9778380055275,1029.0765259982627,530.2309042391364
542,Neurological disorders,409,2,Both,46,801.5419114099118,1079.496266223766,560.2074792287758
542,Neurological disorders,409,2,Both,47,842.42,1131.12,591.55
542,Neurological disorders,409,2,Both,48,885.879017557797,1184.8943388130265,625.2524687048946
542,Neurological disorders,409,2,Both,49,934.3073488975995,1243.4040891121156,663.1117395618749
542,Neurological disorders,409,2,Both,50,987.0071714585032,1306.2456700046912,704.760776066408
542,Neurological disorders,409,2,Both,51,1043.2806626796048,1373.0155005981778,749.8325417139606
542,Neurological disorders,409,2,Both,52,1102.43,1443.31,797.96
542,Neurological disorders,409,2,Both,53,1163.595378306646,1515.5097173928673,849.5539495137838
542,Neurological disorders,409,2,Both,54,1227.8813515002485,1590.5631839684454,905.6834976168252
542,Neurological disorders,409,2,Both,55,1297.536635540528,1671.918791847589,966.9690709629747
542,Neurological disorders,409,2,Both,56,1374.8099463872054,1763.0249331511557,1034.0310962060828
542,Neurological disorders,409,2,Both,57,1461.95,1867.33,1107.49
542,Neurological disorders,409,2,Both,58,1560.994264332611,1988.8428449430937,1187.1403510285106
542,Neurological disorders,409,2,Both,59,1673.8767966189203,2130.425342435158,1274.4748707408055
542,Neurological disorders,409,2,Both,60,1802.6911967389242,2293.8054174556755,1372.661214938845
542,Neurological disorders,409,2,Both,61,1949.5310645726186,2480.710994984129,1484.8670394245896
542,Neurological disorders,409,2,Both,62,2116.49,2692.87,1614.26
542,Neurological disorders,409,2,Both,63,2317.4847549111887,2949.5255600507826,1774.2160200596509
542,Neurological disorders,409,2,Both,64,2561.5406617124986,3263.375447649061,1971.547563513877
542,Neurological disorders,409,2,Both,65,2843.4141910582143,3626.329555221947,2199.577096938278
542,Neurological disorders,409,2,Both,66,3157.8618136026203,4030.297775196556,2451.6270869084524
542,Neurological disorders,409,2,Both,67,3499.6400000000003,4467.1900000000005,2721.02
542,Neurological disorders,409,2,Both,68,3879.958060516221,4950.074665280485,3010.9502730958234
542,Neurological disorders,409,2,Both,69,4314.215831298307,5498.51336620917,3332.9861830745485
542,Neurological disorders,409,2,Both,70,4803.455571822284,6114.155734497616,3693.0109565053617
542,Neurological disorders,409,2,Both,71,5348.719541564174,6798.6514018573735,4096.90781995745
542,Neurological disorders,409,2,Both,72,5951.05,7553.65,4550.5599999999995
542,Neurological disorders,409,2,Both,73,6643.184906305453,8415.038836521424,5088.204042638187
542,Neurological disorders,409,2,Both,74,7447.169771786597,9408.85298063878,5726.813831281553
542,Neurological disorders,409,2,Both,75,8348.008184115013,10521.963706495422,6446.378598605825
542,Neurological disorders,409,2,Both,76,9330.703730962285,11741.24228823471,7226.88757728673
542,Neurological disorders,409,2,Both,77,10380.26,13053.560000000001,8048.33
542,Neurological disorders,409,2,Both,78,11546.909154915395,14535.758276520239,8935.735616188887
542,Neurological disorders,409,2,Both,79,12861.937673518032,16227.226787769421,9915.504981821034
542,Neurological disorders,409,2,Both,80,14281.930614662971,18058.659160758485,10969.683539358733
542,Neurological disorders,409,2,Both,81,15763.47303720527,19960.749022498367,12080.316731264287
542,Neurological disorders,409,2,Both,82,17263.149999999998,21864.190000000002,13229.449999999999
542,Neurological disorders,409,2,Both,83,18814.089540089997,23815.12960389795,14465.190754583798
542,Neurological disorders,409,2,Both,84,20449.636317222856,25863.212718430448,15806.506118185533
542,Neurological disorders,409,2,Both,85,22126.70032431071,27944.37903101397,17191.731104495368
542,Neurological disorders,409,2,Both,86,23802.191554265715,29994.568229065,18559.200727203468
542,Neurological disorders,409,2,Both,87,25433.02,31949.719999999998,19847.25
542,Neurological disorders,409,2,Both,88,27051.745246789964,33783.04405623608,21083.140236517524
542,Neurological disorders,409,2,Both,89,28687.473278856323,35540.43462488929,22310.56658666761
542,Neurological disorders,409,2,Both,90,30291.933687527693,37266.85816542444,23492.514818558928
542,Neurological disorders,409,2,Both,91,31816.85606413271,39007.2811373064,24591.970700300168
542,Neurological disorders,409,2,Both,92,33213.97,40806.67,25571.920000000002
542,Neurological disorders,409,2,Both,93,34501.103890735765,42666.75592186946,26455.137396084498
542,Neurological disorders,409,2,Both,94,35723.172577077734,44558.79781210314,27282.566670595057
542,Neurological disorders,409,2,Both,95,36872.53531805183,46482.053741402095,28044.447247063374
542,Neurological disorders,409,2,Both,96,37941.55137268394,48435.78178046736,28731.018549021126
542,Neurological disorders,409,2,Both,97,38922.579999999994,50419.240000000005,29332.52
542,Neurological disorders,409,2,Both,98,38922.579999999994,50419.240000000005,29332.52
542,Neurological disorders,409,2,Both,99,38922.579999999994,50419.240000000005,29332.52
542,Neurological disorders,409,2,Both,100,38922.579999999994,50419.240000000005,29332.52
542,Neurological disorders,409,2,Female,0,201.53,288.74,121.11999999999999
542,Neurological disorders,409,2,Female,1,201.53,288.74,121.11999999999999
542,Neurological disorders,409,2,Female,2,201.53,288.74,121.11999999999999
542,Neurological disorders,409,2,Female,3,213.4416796718736,312.7603757440476,127.49288418966736
542,Neurological disorders,409,2,Female,4,225.2538390156209,336.2391272321429,133.7110525690021
542,Neurological disorders,409,2,Female,5,236.96515852343137,359.1546908482143,139.7677788535032
542,Neurological disorders,409,2,Female,6,248.57431868749453,381.4855029761905,145.65633675866948
542,Neurological disorders,409,2,Female,7,260.08,403.21,151.37
542,Neurological disorders,409,2,Female,8,271.49528644136905,425.64972770076395,156.66728207796052
542,Neurological disorders,409,2,Female,9,282.8232568631595,448.855001182649,161.56387765638692
542,Neurological disorders,409,2,Female,10,294.0475840642654,470.8974108141521,166.43883219583304
542,Neurological disorders,409,2,Female,11,305.15194084358086,489.84854696377016,171.67119115685279
542,Neurological disorders,409,2,Female,12,316.12,503.78000000000003,177.64000000000001
542,Neurological disorders,409,2,Female,13,326.63177955406684,512.6851799528514,184.60619820713143
542,Neurological disorders,409,2,Female,14,336.7015771286775,519.0333699357126,192.46173589611956
542,Neurological disorders,409,2,Female,15,346.8144849262548,524.609969942148,201.03217448154197
542,Neurological disorders,409,2,Female,16,357.45559514922144,531.2003799657223,210.14307537797623
542,Neurological disorders,409,2,Female,17,369.11,540.59,219.62
542,Neurological disorders,409,2,Female,18,381.94740613646303,557.6177254225591,229.69732407994135
542,Neurological disorders,409,2,Female,19,395.7785189307984,583.0311462226958,240.5722238922107
542,Neurological disorders,409,2,Female,20,410.54992865690224,612.4787043115533,252.01446166450944
542,Neurological disorders,409,2,Female,21,426.20822558867076,641.6088416002738,263.79379962453885
542,Neurological disorders,409,2,Female,22,442.70000000000005,666.07,275.68
542,Neurological disorders,409,2,Female,23,460.6441343741085,685.4562983590699,287.30829026076697
542,Neurological disorders,409,2,Female,24,480.2267512314353,702.9335155664776,298.8482079914077
542,Neurological disorders,409,2,Female,25,500.7453009017078,719.5075835943504,310.87098059166516
542,Neurological disorders,409,2,Female,26,521.4972337146536,736.1844344148155,323.94783546128167
542,Neurological disorders,409,2,Female,27,541.78,753.97,338.65
542,Neurological disorders,409,2,Female,28,562.1370642667536,773.623189529322,357.0642387682555
542,Neurological disorders,409,2,Female,29,583.0367930425142,794.5024882380619,379.21804209694636
542,Neurological disorders,409,2,Female,30,603.6639896848976,815.513192182141,402.5937260415096
542,Neurological disorders,409,2,Female,31,623.2034575515207,835.56059741748,424.6736066573818
542,Neurological disorders,409,2,Female,32,640.84,853.5500000000001,442.94
542,Neurological disorders,409,2,Female,33,656.4620195230135,868.9264220965961,457.42709927471935
542,Neurological disorders,409,2,Female,34,670.8120415387054,882.609466360087,470.2483917547939
542,Neurological disorders,409,2,Female,35,684.3560537928905,895.71629957528,482.00513459750874
542,Neurological disorders,409,2,Female,36,697.5600440313838,909.3640885269818,493.2985849601491
542,Neurological disorders,409,2,Female,37,710.89,924.67,504.73
542,Neurological disorders,409,2,Female,38,723.3587048513704,941.078954086069,515.5286891365166
542,Neurological disorders,409,2,Female,39,734.661392855372,958.0208282638727,525.3070876924884
542,Neurological disorders,409,2,Female,40,746.2877284336885,976.5902253986421,535.2411416802018
542,Neurological disorders,409,2,Female,41,759.7273760080034,997.8817483556076,546.5067971119436
542,Neurological disorders,409,2,Female,42,776.47,1022.99,560.2800000000001
542,Neurological disorders,409,2,Female,43,799.629259021671,1055.7124320387506,578.2701958396965
542,Neurological disorders,409,2,Female,44,830.0289766553344,1097.3135157844324,600.7854371747179
542,Neurological disorders,409,2,Female,45,865.7240647781623,1145.088383510739,626.8995805898909
542,Neurological disorders,409,2,Female,46,904.7694352673268,1196.3321674913639,655.6864826700427
542,Neurological disorders,409,2,Female,47,945.22,1248.3400000000001,686.22
542,Neurological disorders,409,2,Female,48,988.1556235530275,1301.5048418522967,719.5790570928554
542,Neurological disorders,409,2,Female,49,1035.5491116829005,1358.056244520242,757.1058386988032
542,Neurological disorders,409,2,Female,50,1086.7947880362597,1418.044226262039,798.2690917583232
542,Neurological disorders,409,2,Female,51,1141.2869762597459,1481.5188053358904,842.5375632118954
542,Neurological disorders,409,2,Female,52,1198.42,1548.53,889.38
542,Neurological disorders,409,2,Female,53,1257.1108343048652,1617.2912273284592,938.6243111109861
542,Neurological disorders,409,2,Female,54,1318.3018436575733,1688.36747173101,991.2681312103217
542,Neurological disorders,409,2,Female,55,1384.425435857849,1765.3361024693313,1048.5347957541642
542,Neurological disorders,409,2,Female,56,1457.9140187054163,1851.7744888051018,1111.6476401986713
542,Neurological disorders,409,2,Female,57,1541.2,1951.26,1181.83
542,Neurological disorders,409,2,Female,58,1636.2833163316423,2067.8022065683026,1259.9443780467088
542,Neurological disorders,409,2,Female,59,1745.0153692533268,2204.289983650881,1347.4568589819762
542,Neurological disorders,409,2,Female,60,1869.6057640091901,2362.6196574493088,1446.4961508938893
542,Neurological disorders,409,2,Female,61,2012.264105843369,2544.6875541651575,1559.190961870535
542,Neurological disorders,409,2,Female,62,2175.2,2752.39,1687.67
542,Neurological disorders,409,2,Female,63,2372.837878615102,3006.754912069704,1841.9537411633605
542,Neurological disorders,409,2,Female,64,2614.7841893662244,3321.470541255277,2028.528758207796
542,Neurological disorders,409,2,Female,65,2896.0215608097947,3687.4237144059975,2244.222904670551
542,Neurological disorders,409,2,Female,66,3211.5326215022437,4095.501258371146,2485.8640340888714
542,Neurological disorders,409,2,Female,67,3556.3,4536.59,2750.2799999999997
542,Neurological disorders,409,2,Female,68,3944.3187544427565,5022.138736155653,3047.134899079746
542,Neurological disorders,409,2,Female,69,4392.579767025206,5572.962669174395,3388.8478948353004
542,Neurological disorders,409,2,Female,70,4900.559402386277,6193.998234115313,3776.3794410509818
542,Neurological disorders,409,2,Female,71,5467.734025164898,6890.181866037487,4210.689991511109
542,Neurological disorders,409,2,Female,72,6093.58,7666.45,4692.74
542,Neurological disorders,409,2,Female,73,6812.666770922349,8573.328678312357,5254.095045071169
542,Neurological disorders,409,2,Female,74,7649.540185875467,9641.49819893422,5914.598468695853
542,Neurological disorders,409,2,Female,75,8588.641215367408,10846.126380399905,6657.627369784952
542,Neurological disorders,409,2,Female,76,9614.410829906235,12162.381041243725,7466.558847249368
542,Neurological disorders,409,2,Female,77,10711.29,13565.43,8324.77
542,Neurological disorders,409,2,Female,78,11936.968136034204,15133.562511941673,9269.262608173827
542,Neurological disorders,409,2,Female,79,13324.876482453903,16912.313079156294,10326.946196484625
542,Neurological disorders,409,2,Female,80,14823.068760856497,18827.71739040008,11466.059480708513
542,Neurological disorders,409,2,Female,81,16379.5986928394,20805.811134429245,12654.8411766216
542,Neurological disorders,409,2,Female,82,17942.52,22772.63,13861.53
542,Neurological disorders,409,2,Female,83,19548.067761431026,24776.76244265831,15127.31659320076
542,Neurological disorders,409,2,Female,84,21234.00380195478,26869.588940862574,16477.157028758567
542,Neurological disorders,409,2,Female,85,22950.67196176301,28981.33321773769,17854.93816771599
542,Neurological disorders,409,2,Female,86,24648.416081047493,31042.218996408537,19204.546871115606
542,Neurological disorders,409,2,Female,87,26277.579999999998,32982.47,20469.87
542,Neurological disorders,409,2,Female,88,27868.235208672548,34773.121889792,21680.725694977104
542,Neurological disorders,409,2,Female,89,29455.277907397118,36466.8582408639,22878.340730562155
542,Neurological disorders,409,2,Female,90,30996.289001785422,38116.374647039804,24023.714918658654
542,Neurological disorders,409,2,Female,91,32448.84939744915,39774.3667021438,25077.8480711701
542,Neurological disorders,409,2,Female,92,33770.54,41493.53,26001.739999999998
542,Neurological disorders,409,2,Female,93,34982.34960503359,43275.314314991134,26823.212482745785
542,Neurological disorders,409,2,Female,94,36127.54960566279,45085.62480436503,27588.13834308901
542,Neurological disorders,409,2,Female,95,37197.14480377519,46923.84013624335,28284.593962059334
542,Neurological disorders,409,2,Female,96,38182.1400012584,48789.338978747786,28900.65572068645
542,Neurological disorders,409,2,Female,97,39073.54,50681.5,29424.4
542,Neurological disorders,409,2,Female,98,39073.54,50681.5,29424.4
542,Neurological disorders,409,2,Female,99,39073.54,50681.5,29424.4
542,Neurological disorders,409,2,Female,100,39073.54,50681.5,29424.4
542,Neurological disorders,409,2,Male,0,207.4,297.76000000000005,127.13000000000001
542,Neurological disorders,409,2,Male,1,207.4,297.76000000000005,127.13000000000001
542,Neurological disorders,409,2,Male,2,207.4,297.76000000000005,127.13000000000001
542,Neurological disorders,409,2,Male,3,219.98609297836404,319.8598450037679,133.2505716400766
542,Neurological disorders,409,2,Male,4,232.53827893509208,342.3647350113037,139.40411492022974
542,Neurological disorders,409,2,Male,5,245.05641840263814,365.2647025169556,145.59037238034463
542,Neurological disorders,409,2,Male,6,257.54037191345617,388.5497800150716,151.8090865603063
542,Neurological disorders,409,2,Male,7,269.99,412.21,158.06
542,Neurological disorders,409,2,Male,8,282.59609224665826,439.1535781866887,164.25297821560207
542,Neurological disorders,409,2,Male,9,295.358974077705,469.40377208832547,170.38862194738053
542,Neurological disorders,409,2,Male,10,307.99280978542254,498.62317689661785,176.602776571358
542,Neurological disorders,409,2,Male,11,320.21176366209346,522.4743878032734,183.03128746355696
542,Neurological disorders,409,2,Male,12,331.73,536.62,189.81
542,Neurological disorders,409,2,Male,13,342.47635614592343,542.9316859802125,197.2639052159706
542,Neurological disorders,409,2,Male,14,352.68914963862807,547.0702444538398,205.33200146722467
542,Neurological disorders,409,2,Male,15,362.5467650583709,550.381959937361,213.57114511049346
542,Neurological disorders,409,2,Male,16,372.2275869854092,554.2131169472549,221.53819250250814
542,Neurological disorders,409,2,Male,17,381.91,559.91,228.79
542,Neurological disorders,409,2,Male,18,391.61139146116875,570.2854306179379,235.40982616836686
542,Neurological disorders,409,2,Male,19,401.21617028136285,585.489282758217,241.74291090213157
542,Neurological disorders,409,2,Male,20,410.70325337097256,602.8734195895274,247.73908255171287
542,Neurological disorders,409,2,Male,21,420.0515576403882,619.7897042805585,253.34816946752943
542,Neurological disorders,409,2,Male,22,429.24,633.59,258.52
542,Neurological disorders,409,2,Male,23,438.3523688739303,644.4898625630533,262.971215436381
542,Neurological disorders,409,2,Male,24,447.4081261719827,654.5064809413079,266.79387216001857
542,Neurological disorders,409,2,Male,25,456.28969903307006,663.6941680380356,270.50092116546557
542,Neurological disorders,409,2,Male,26,464.8795145961049,672.1072367565091,274.60531344727514
542,Neurological disorders,409,2,Male,27,473.06,679.8000000000001,279.62
542,Neurological disorders,409,2,Male,28,480.98299522104384,686.7166178627542,286.8080941896534
542,Neurological disorders,409,2,Male,29,488.7554304183763,692.9493958197536,296.1161017453199
542,Neurological disorders,409,2,Male,30,496.19236800518684,698.774864845376,306.08206220615955
542,Neurological disorders,409,2,Male,31,503.10887039466496,704.4695559139988,315.2440151113329
542,Neurological disorders,409,2,Male,32,509.32,710.31,322.14
542,Neurological disorders,409,2,Male,33,514.5641634224891,715.8739997637086,326.8009327242373
542,Neurological disorders,409,2,Male,34,519.0619334462752,720.9778021877469,330.5567813005511
542,Neurological disorders,409,2,Male,35,523.3516217588169,726.2556047299305,333.8941635147462
542,Neurological disorders,409,2,Male,36,527.9715400475723,732.3416048480763,337.2996971526275
542,Neurological disorders,409,2,Male,37,533.46,739.87,341.26
542,Neurological disorders,409,2,Male,38,539.5562357549871,749.5204380477591,345.38837632257884
542,Neurological disorders,409,2,Male,39,546.0841056488615,761.642923957575,349.4012569108728
542,Neurological disorders,409,2,Male,40,553.7088576652421,776.3771908435116,353.9399493378774
542,Neurological disorders,409,2,Male,41,563.0957397877485,793.862971819632,359.645761176588
542,Neurological disorders,409,2,Male,42,574.91,814.24,367.15999999999997
542,Neurological disorders,409,2,Male,43,594.0214934673926,841.5898444163627,381.0284335234686
542,Neurological disorders,409,2,Male,44,622.9412421001814,878.3036578644726,403.5826347622927
542,Neurological disorders,409,2,Male,45,658.7962439992739,921.9855491044012,432.1426192393823
542,Neurological disorders,409,2,Male,46,698.7134972655775,970.2396268962199,464.02840247764806
542,Neurological disorders,409,2,Male,47,739.8199999999999,1020.6700000000001,496.56
542,Neurological disorders,409,2,Male,48,783.6361395858422,1075.2878932594122,530.6312537534577
542,Neurological disorders,409,2,Male,49,833.0326665549858,1136.8082113624946,568.7759494539347
542,Neurological disorders,409,2,Male,50,887.1621237312082,1203.8905828358709,610.774018277683
542,Neurological disorders,409,2,Male,51,945.1770539382871,1275.194636206165,656.4053914009542
542,Neurological disorders,409,2,Male,52,1006.23,1349.3799999999999,705.45
542,Neurological disorders,409,2,Male,53,1069.6615099236892,1424.662017800592,758.6563387333589
542,Neurological disorders,409,2,Male,54,1136.7695678547211,1502.5669791844002,817.1347721252561
542,Neurological disorders,409,2,Male,55,1209.6428708239082,1586.7209316679125,881.2080361504736
542,Neurological disorders,409,2,Male,56,1290.3701158620636,1680.7499227676165,951.1988667837941
542,Neurological disorders,409,2,Male,57,1381.04,1788.28,1027.43
542,Neurological disorders,409,2,Male,58,1483.7792712440375,1913.408947766648,1109.7032422164855
542,Neurological disorders,409,2,Male,59,1600.6060904943947,2058.8320799348803,1199.6430908503653
542,Neurological disorders,409,2,Male,60,1733.4462741227337,2226.071738219789,1300.306318376002
542,Neurological disorders,409,2,Male,61,1884.2256385007147,2416.650264336465,1414.7496972677593
542,Neurological disorders,409,2,Male,62,2054.87,2632.0899999999997,1546.03
542,Neurological disorders,409,2,Male,63,2258.9428901296424,2890.766767855705,1707.1685818910116
542,Neurological disorders,409,2,Male,64,2504.9341117683375,3204.690558356724,1904.3337191003118
542,Neurological disorders,409,2,Male,65,2787.158888342212,3565.83496492989,2130.3025653641057
542,Neurological disorders,409,2,Male,66,3099.932443277391,3966.173581002037,2377.8522744185993
542,Neurological disorders,409,2,Male,67,3437.57,4397.68,2639.76
542,Neurological disorders,409,2,Male,68,3808.3654425252935,4872.044951826013,2915.8080544754253
542,Neurological disorders,409,2,Male,69,4226.125969065838,5407.353433554255,3216.1920213179687
542,Neurological disorders,409,2,Male,70,4693.436774343739,6005.1704393694945,3549.3089609227995
542,Neurological disorders,409,2,Male,71,5212.883053081092,6667.060963456488,3923.5559336850865
542,Neurological disorders,409,2,Male,72,5787.05,7394.59,4347.33
542,Neurological disorders,409,2,Male,73,6446.867233245874,8220.323079856082,4856.858897724126
542,Neurological disorders,409,2,Male,74,7211.422484637157,9167.038490568219,5467.367133304841
542,Neurological disorders,409,2,Male,75,8065.5381194055035,10221.62036135231,6155.746920023492
542,Neurological disorders,409,2,Male,76,8994.036502782565,11370.95282142427,6898.890471161429
542,Neurological disorders,409,2,Male,77,9981.74,12601.92,7673.6900000000005
542,Neurological disorders,409,2,Male,78,11068.641369001863,13972.243827463377,8496.306099863103
542,Neurological disorders,409,2,Male,79,12282.90869594779,15515.708385310623,9392.254793050097
542,Neurological disorders,409,2,Male,80,13591.627338392784,17183.291029426186,10352.461436305543
542,Neurological disorders,409,2,Male,81,14961.88265389185,18925.969115694494,11367.851386373992
542,Neurological disorders,409,2,Male,82,16360.759999999998,20694.719999999998,12429.35
542,Neurological disorders,409,2,Male,83,17815.174688441057,22525.29900613792,13578.546321071208
542,Neurological disorders,409,2,Male,84,19352.631088605936,24456.252136071078,14829.776886030057
542,Neurological disorders,409,2,Male,85,20941.09814455029,26442.742762935275,16133.088290453303
542,Neurological disorders,409,2,Male,86,22548.544800329768,28439.934259866317,17438.5271299177
542,Neurological disorders,409,2,Male,87,24142.940000000002,30402.99,18696.14
542,Neurological disorders,409,2,Male,88,25756.428921456285,32316.43752363334,19926.09170256082
542,Neurological disorders,409,2,Male,89,27410.477820807846,34210.190987563685,21162.093406982254
542,Neurological disorders,409,2,Male,90,29057.037259431265,36107.49368967735,22374.51126012328
542,Neurological disorders,409,2,Male,91,30648.057798703125,38031.588927860685,23533.711408842868
542,Neurological disorders,409,2,Male,92,32135.49,40005.719999999994,24610.06
542,Neurological disorders,409,2,Male,93,33529.41635377168,42032.163443250814,25613.951271250495
542,Neurological disorders,409,2,Male,94,34869.071597993134,44097.04982365717,26572.565580156803
542,Neurological disorders,409,2,Male,95,36150.13466532876,46199.40348243811,27481.44825343787
542,Neurological disorders,409,2,Male,96,37368.28448844292,48338.248760812705,28336.144617812624
542,Neurological disorders,409,2,Male,97,38519.2,50512.61,29132.199999999997
542,Neurological disorders,409,2,Male,98,38519.2,50512.61,29132.2
542,Neurological disorders,409,2,Male,99,38519.2,50512.61,29132.2
542,Neurological disorders,409,2,Male,100,38519.2,50512.61,29132.2
558,Mental disorders,409,2,Both,0,2637.91104486697,4318.56185902663,1635.0675894636402
558,Mental disorders,409,2,Both,1,2637.91104486697,4318.56185902663,1635.0675894636402
558,Mental disorders,409,2,Both,2,2637.91104486697,4318.56185902663,1635.0675894636402
558,Mental disorders,409,2,Both,3,4218.4984287656025,7589.490684393788,2613.642330009388
558,Mental disorders,409,2,Both,4,5767.987833642558,10592.865996191937,3648.252973066515
558,Mental disorders,409,2,Both,5,7285.323394635985,13232.318935724576,4735.351290207921
558,Mental disorders,409,2,Both,6,8769.44924688403,15411.480644295209,5871.389053006504
558,Mental disorders,409,2,Both,7,10219.30952552484,17033.98226320733,7052.818033035161
558,Mental disorders,409,2,Both,8,11613.779509735688,18128.268659121964,8322.943387576746
558,Mental disorders,409,2,Both,9,12955.322884194224,18919.200502330943,9690.0443162945
558,Mental disorders,409,2,Both,10,14278.266392289182,19605.03263958398,11098.033654331894
558,Mental disorders,409,2,Both,11,15616.936777409288,20384.0199176308,12490.824236832395
558,Mental disorders,409,2,Both,12,17005.66078294327,21454.41718322112,13812.32889893948
558,Mental disorders,409,2,Both,13,18697.925898997008,23487.91796467782,15243.376466157846
558,Mental disorders,409,2,Both,14,20672.27889924064,26482.79525002546,16823.357554949267
558,Mental disorders,409,2,Both,15,22550.63545240929,29627.17307556625,18284.02768689284
558,Mental disorders,409,2,Both,16,23954.91122723806,32109.175477602425,19357.14238356765
558,Mental disorders,409,2,Both,17,24507.021892462068,33116.926492436214,19774.457166552787
558,Mental disorders,409,2,Both,18,24270.55572402013,32493.120177969457,19636.32713929198
558,Mental disorders,409,2,Both,19,23699.970637083818,30988.38010683208,19306.940151208528
558,Mental disorders,409,2,Both,20,23003.486759237396,29152.72458741842,18913.800842850855
558,Mental disorders,409,2,Both,21,22389.32421806511,27536.171928122832,18584.413854767394
558,Mental disorders,409,2,Both,22,22065.70314115123,26688.74043733966,18446.28382750659
558,Mental disorders,409,2,Both,23,21975.596209303952,26428.297315621287,18465.37629743051
558,Mental disorders,409,2,Both,24,21913.852325340813,26211.48615178791,18510.904494941387
558,Mental disorders,409,2,Both,25,21866.505949860028,26046.489836635606,18565.244601647915
558,Mental disorders,409,2,Both,26,21819.59154345984,25941.49126096044,18610.772799158793
558,Mental disorders,409,2,Both,27,21759.143566738458,25904.67331555848,18629.86526908271
558,Mental disorders,409,2,Both,28,21681.930746330163,25908.829825940215,18592.91520965656
558,Mental disorders,409,2,Both,29,21596.384912650523,25918.741504542824,18502.934645461
558,Mental disorders,409,2,Both,30,21506.035181969703,25930.571572552384,18391.22799762037
558,Mental disorders,409,2,Both,31,21414.410670557892,25940.48325115499,18289.09968725903
558,Mental disorders,409,2,Both,32,21325.04049468526,25944.63976153673,18227.854135501308
558,Mental disorders,409,2,Both,33,21240.326292807877,25760.107398307384,18203.48360564841
558,Mental disorders,409,2,Both,34,21157.915041094853,25308.23280422651,18187.441754148116
558,Mental disorders,409,2,Both,35,21074.203862385937,24741.599722704905,18174.225091844728
558,Mental disorders,409,2,Both,36,20985.589879520856,24212.79189715332,18158.330129582497
558,Mental disorders,409,2,Both,37,20888.47021533935,23874.39307098253,18134.25337820569
558,Mental disorders,409,2,Both,38,20776.883408305457,23705.292081719632,18089.727646205643
558,Mental disorders,409,2,Both,39,20651.93874910945,23572.83799101863,18021.57704495631
558,Mental disorders,409,2,Both,40,20520.63948893039,23462.304878480696,17937.935039625874
558,Mental disorders,409,2,Both,41,20389.988878947363,23358.96682370697,17846.935095382538
558,Mental disorders,409,2,Both,42,20266.99017033943,23248.097906298608,17756.71067739448
558,Mental disorders,409,2,Both,43,20152.313637244093,23112.140942812697,17668.241431081588
558,Mental disorders,409,2,Both,44,20041.12159465208,22960.813429157217,17575.26015409255
558,Mental disorders,409,2,Both,45,19932.15535502233,22820.3014639597,17475.030039938774
558,Mental disorders,409,2,Both,46,19824.15623081379,22716.791145847674,17364.81428213167
558,Mental disorders,409,2,Both,47,19715.8655344854,22676.46857344866,17241.87607418264
558,Mental disorders,409,2,Both,48,19610.90041181321,22733.033718525618,17092.552105352293
558,Mental disorders,409,2,Both,49,19510.0932711844,22867.91983370912,16914.745850801653
558,Mental disorders,409,2,Both,50,19408.008318974586,23028.912938928148,16723.070682892765
558,Mental disorders,409,2,Both,51,19299.2097615594,23163.799054111656,16532.139973987683
558,Mental disorders,409,2,Both,52,19178.261805314454,23220.36419918861,16356.56709644844
558,Mental disorders,409,2,Both,53,19036.675923600964,23095.70997511942,16200.09431959498
558,Mental disorders,409,2,Both,54,18875.96812067387,22785.89569751646,16052.566853983531
558,Mental disorders,409,2,Both,55,18705.709399249397,22387.143958286662,15907.7524838306
558,Mental disorders,409,2,Both,56,18535.47076204376,21995.67734933696,15759.418993352678
558,Mental disorders,409,2,Both,57,18374.82321177319,21707.71846257428,15601.33416676626
558,Mental disorders,409,2,Both,58,18221.815268118153,21523.72718290791,15404.350215587425
558,Mental disorders,409,2,Both,59,18069.913536670927,21369.89528447923,15172.050627940862
558,Mental disorders,409,2,Both,60,17921.816149015438,21231.04319304331,14947.300102956013
558,Mental disorders,409,2,Both,61,17780.221236735615,21091.99133435523,14772.963339762304
558,Mental disorders,409,2,Both,62,17647.82693141538,20937.56013417005,14691.90503748918
558,Mental disorders,409,2,Both,63,17527.590095632113,20735.516637845696,14676.672746296988
558,Mental disorders,409,2,Both,64,17416.876311146363,20495.489662417534,14668.23415799714
558,Mental disorders,409,2,Both,65,17309.996788316854,20265.092291156823,14662.084184195655
558,Mental disorders,409,2,Both,66,17201.262737502282,20091.93760733481,14653.717736498556
558,Mental disorders,409,2,Both,67,17084.98536906137,20023.63869422275,14638.62972651186
558,Mental disorders,409,2,Both,68,16959.661304330668,20074.043603521295,14565.92939533595
558,Mental disorders,409,2,Both,69,16828.74223601632,20194.239925694743,14413.2001388545
558,Mental disorders,409,2,Both,70,16693.971981531427,20337.700052159827,14218.648100848432
558,Mental disorders,409,2,Both,71,16557.09435828908,20457.896374333275,14020.479425098689
558,Mental disorders,409,2,Both,72,16419.85318370238,20508.30128363182,13856.9002553862
558,Mental disorders,409,2,Both,73,16279.820492791256,20359.76604684773,13729.407154194972
558,Mental disorders,409,2,Both,74,16135.788679312049,20001.96385248774,13611.368950867274
558,Mental disorders,409,2,Both,75,15991.332098782466,19566.599974540295,13498.800189471423
558,Mental disorders,409,2,Both,76,15850.025106720224,19185.379686993827,13387.715414075745
558,Mental disorders,409,2,Both,77,15715.442058643031,18990.008263836768,13274.12916874855
558,Mental disorders,409,2,Both,78,15580.130294677278,18943.484812060433,13146.69809163877
558,Mental disorders,409,2,Both,79,15441.396424892457,18914.213080342168,13008.07863643896
558,Mental disorders,409,2,Both,80,15309.953709720943,18892.005305199476,12875.285070532882
558,Mental disorders,409,2,Both,81,15196.515409595111,18866.673723149856,12765.331661304306
558,Mental disorders,409,2,Both,82,15111.79478494734,18828.03057071081,12695.232676137
558,Mental disorders,409,2,Both,83,15045.042797205067,18745.90370402059,12656.723001678663
558,Mental disorders,409,2,Both,84,14982.454608115146,18620.482971554564,12627.595394340007
558,Mental disorders,409,2,Both,85,14930.159778589072,18487.12359833588,12603.9509261493
558,Mental disorders,409,2,Both,86,14894.287869538332,18381.180809387693,12581.890669134822
558,Mental disorders,409,2,Both,87,14880.96844187442,18338.00982973315,12557.51569532485
558,Mental disorders,409,2,Both,88,14884.270426518207,18343.42054701545,12526.741914341044
558,Mental disorders,409,2,Both,89,14893.588004127148,18358.572707233536,12492.161446415144
558,Mental disorders,409,2,Both,90,14908.038610217603,18381.84632294421,12459.88967949054
558,Mental disorders,409,2,Both,91,14926.73968030595,18411.621406704264,12436.042001510628
558,Mental disorders,409,2,Both,92,14948.80864990855,18446.27797107048,12426.733800418791
558,Mental disorders,409,2,Both,93,14989.142764246975,18504.24386691308,12444.399453305989
558,Mental disorders,409,2,Both,94,15058.971289087624,18599.761836482445,12493.843732798732
558,Mental disorders,409,2,Both,95,15151.909690764118,18724.934229405622,12569.737620143756
558,Mental disorders,409,2,Both,96,15261.573435610062,18871.86339530967,12666.752096587796
558,Mental disorders,409,2,Both,97,15381.577989959069,19032.651683821645,12779.55814337759
558,Mental disorders,409,2,Both,98,15381.577989959069,19032.65168382164,12779.55814337759
558,Mental disorders,409,2,Both,99,15381.577989959069,19032.65168382164,12779.55814337759
558,Mental disorders,409,2,Both,100,15381.577989959069,19032.65168382164,12779.55814337759
558,Mental disorders,409,2,Female,0,1633.7144263670202,2635.56326091849,969.81637843892
558,Mental disorders,409,2,Female,1,1633.7144263670202,2635.56326091849,969.81637843892
558,Mental disorders,409,2,Female,2,1633.7144263670202,2635.56326091849,969.81637843892
558,Mental disorders,409,2,Female,3,2827.51010136661,5992.323119279499,1570.0636032209834
558,Mental disorders,409,2,Female,4,4063.794710991441,9071.351609008549,2308.8155927360335
558,Mental disorders,409,2,Female,5,5340.715955445058,11766.756464702428,3165.6965648462615
558,Mental disorders,409,2,Female,6,6656.421534931007,13972.645420957942,4120.330737413856
558,Mental disorders,409,2,Female,7,8009.05914965283,15583.12621237189,5152.34232830101
558,Mental disorders,409,2,Female,8,9373.212532035091,16623.27194530988,6353.872919390949
558,Mental disorders,409,2,Female,9,10753.20371493619,17340.16457237939,7772.466002338565
558,Mental disorders,409,2,Female,10,12191.787849210416,17960.925097540003,9320.848659663538
558,Mental disorders,409,2,Female,11,13731.72008571206,18712.674524751288,10911.747973885547
558,Mental disorders,409,2,Female,12,15415.75557529542,19822.53385797284,12457.89102752428
558,Mental disorders,409,2,Female,13,17692.47806655981,22512.815195359315,14209.98692258214
558,Mental disorders,409,2,Female,14,20561.40323328089,26954.649137905908,16226.533266485592
558,Mental disorders,409,2,Female,15,23391.684114077445,31798.38444383301,18131.939899890433
558,Mental disorders,409,2,Female,16,25552.47374756827,35694.369871360985,19550.616663452427
558,Mental disorders,409,2,Female,17,26412.925172372143,37292.95417871023,20106.97339782736
558,Mental disorders,409,2,Female,18,26218.09443851583,36579.01235818565,20083.663437910083
558,Mental disorders,409,2,Female,19,25747.703993884857,34859.531249308944,20028.07814887658
558,Mental disorders,409,2,Female,20,25172.906473886174,32768.02738112562,19961.734416804327
558,Mental disorders,409,2,Female,21,24664.854513926763,30938.0172826812,19906.149127770823
558,Mental disorders,409,2,Female,22,24394.70074941356,30003.01748302121,19882.839167853548
558,Mental disorders,409,2,Female,23,24317.211710671767,29746.806542794773,19922.033848077142
558,Mental disorders,409,2,Female,24,24264.55970840758,29535.446801461138,20015.49808553341
558,Mental disorders,409,2,Female,25,24224.006048599484,29375.880456281004,20127.052175400568
558,Mental disorders,409,2,Female,26,24182.812037225955,29275.049704515077,20220.516412856832
558,Mental disorders,409,2,Female,27,24128.23898026547,29239.89674342406,20259.71109308043
558,Mental disorders,409,2,Female,28,24054.73285527938,29269.03553004533,20224.47582370964
558,Mental disorders,409,2,Female,29,23969.332797420055,29338.520328911436,20140.453258286987
558,Mental disorders,409,2,Female,30,23878.18984905248,29421.45379852582,20040.16826084705
558,Mental disorders,409,2,Female,31,23787.455052541653,29490.938597391927,19956.1456954244
558,Mental disorders,409,2,Female,32,23703.27945025255,29520.0773840132,19920.910426053608
558,Mental disorders,409,2,Female,33,23629.81075365631,29335.63202676393,19939.450360535204
558,Mental disorders,409,2,Female,34,23562.782469585516,28877.415701315815,19983.660973529782
558,Mental disorders,409,2,Female,35,23495.724333447342,28288.108027118386,20036.42847936202
558,Mental disorders,409,2,Female,36,23422.16608064897,27710.388623621173,20080.639092356603
558,Mental disorders,409,2,Female,37,23335.63744659758,27286.937110273717,20099.1790268382
558,Mental disorders,409,2,Female,38,23224.39324194044,26996.523108587375,20062.38453419424
558,Mental disorders,409,2,Female,39,23089.13612260821,26729.31487793108,19967.761616086915
558,Mental disorders,409,2,Female,40,22942.067591933108,26495.089994540725,19838.95111225308
558,Mental disorders,409,2,Female,41,22795.389153247364,26303.6260346522,19699.593862429585
558,Mental disorders,409,2,Female,42,22661.3023098832,26164.700574501392,19573.33070635327
558,Mental disorders,409,2,Female,43,22539.581356669227,26057.077938512157,19463.81380916886
558,Mental disorders,409,2,Female,44,22421.75179058646,25958.64426363185,19355.102159559698
558,Mental disorders,409,2,Female,45,22307.641918195728,25877.85984488163,19241.44683257052
558,Mental disorders,409,2,Female,46,22197.080046057898,25823.184977282657,19117.0989032461
558,Mental disorders,409,2,Female,47,22089.89448073379,25803.07995585607,18976.30944663119
558,Mental disorders,409,2,Female,48,21991.345761789253,25913.49781608412,18801.29767535574
558,Mental disorders,409,2,Female,49,21901.300696475235,26176.801944320232,18591.373531545963
558,Mental disorders,409,2,Female,50,21811.49699288026,26491.068161892377,18366.42418449094
558,Mental disorders,409,2,Female,51,21713.67235909285,26754.372290128485,18146.3368034798
558,Mental disorders,409,2,Female,52,21599.56450320153,26864.790150356537,17950.99855780164
558,Mental disorders,409,2,Female,53,21455.777736225,26731.559503480257,17787.140547722967
558,Mental disorders,409,2,Female,54,21283.73956299524,26397.06376630653,17640.09266941223
558,Mental disorders,409,2,Female,55,21097.422482320693,25959.09724401803,17497.640286011414
558,Mental disorders,409,2,Female,56,20910.79899300981,25515.454241797423,17347.568760662514
558,Mental disorders,409,2,Female,57,20737.841593871028,25163.929064827375,17177.66345650753
558,Mental disorders,409,2,Female,58,20577.59642177933,24902.518470827967,16942.066817821407
558,Mental disorders,409,2,Female,59,20420.49015755877,24661.579532874388,16646.198086841767
558,Mental disorders,409,2,Female,60,20267.566115941383,24437.44702918198,16354.757823654612
558,Mental disorders,409,2,Female,61,20119.86761165923,24226.455737966087,16132.44658834592
558,Mental disorders,409,2,Female,62,19978.43795944437,24024.94043744205,16043.96494100169
558,Mental disorders,409,2,Female,63,19847.24386751711,23807.1718707885,16062.691953629592
558,Mental disorders,409,2,Female,64,19725.121470198865,23574.214678040214,16107.348676049976
558,Mental disorders,409,2,Female,65,19605.41822137329,23362.59448269676,16160.648635067852
558,Mental disorders,409,2,Female,66,19481.48157492407,23208.836908257683,16205.305357488238
558,Mental disorders,409,2,Female,67,19346.65898473488,23149.46757822253,16224.03237011614
558,Mental disorders,409,2,Female,68,19197.690245621015,23206.76134404725,16156.810365994816
558,Mental disorders,409,2,Female,69,19038.066569945386,23343.384939475414,15988.066277235734
558,Mental disorders,409,2,Female,70,18871.262537913084,23506.451811438063,15767.182989246226
558,Mental disorders,409,2,Female,71,18700.752729729196,23643.075406866235,15543.543387433629
558,Mental disorders,409,2,Female,72,18530.01172559881,23700.36917269095,15366.53035720527
558,Mental disorders,409,2,Female,73,18357.40866796991,23528.19435390145,15242.229680308214
558,Mental disorders,409,2,Female,74,18180.523797246653,23103.501984084764,15135.4374598423
558,Mental disorders,409,2,Female,75,18001.64834056837,22564.040193068624,15033.60206324404
558,Mental disorders,409,2,Female,76,17823.0735250744,22047.557110680744,14924.171857949948
558,Mental disorders,409,2,Female,77,17647.09057790411,21691.800866748858,14794.59521139654
558,Mental disorders,409,2,Female,78,17465.481120210654,21485.64848375602,14614.504786317362
558,Mental disorders,409,2,Female,79,17276.7018660799,21316.593241618015,14388.184957228845
558,Mental disorders,409,2,Female,80,17093.056682050243,21170.30765631163,14155.061659241832
558,Mental disorders,409,2,Female,81,16926.84943466006,21032.464243813673,13954.560827467154
558,Mental disorders,409,2,Female,82,16790.383990447743,20888.73552010094,13826.108397015649
558,Mental disorders,409,2,Female,83,16677.32998631567,20718.713556797265,13758.629720588277
558,Mental disorders,409,2,Female,84,16574.334310474067,20531.752074813732,13708.846953232776
558,Mental disorders,409,2,Female,85,16483.166706423046,20358.16606405804,13667.881233580156
558,Mental disorders,409,2,Female,86,16405.596917662748,20228.27051443787,13626.853700261428
558,Mental disorders,409,2,Female,87,16343.394687693311,20172.38041586093,13576.8854919076
558,Mental disorders,409,2,Female,88,16288.803333989878,20164.40407856884,13504.97264465517
558,Mental disorders,409,2,Female,89,16236.6129119425,20158.08424938658,13416.49474174252
558,Mental disorders,409,2,Female,90,16192.41327192367,20153.487573096845,13330.148242453495
558,Mental disorders,409,2,Female,91,16161.79426430588,20150.680694482355,13264.629606071932
558,Mental disorders,409,2,Female,92,16150.34573946162,20149.73025832581,13238.63529188167
558,Mental disorders,409,2,Female,93,16157.564404342664,20162.74006807157,13245.283748551998
558,Mental disorders,409,2,Female,94,16179.364196999575,20198.311267753317,13267.195276086037
558,Mental disorders,409,2,Female,95,16215.960814453025,20251.25651303776,13307.319110768376
558,Mental disorders,409,2,Female,96,16267.569953723672,20316.3884595916,13368.604488883611
558,Mental disorders,409,2,Female,97,16334.407311832188,20388.51976308155,13454.00064671633
558,Mental disorders,409,2,Female,98,16334.407311832188,20388.51976308155,13454.00064671633
558,Mental disorders,409,2,Female,99,16334.407311832188,20388.51976308155,13454.00064671633
558,Mental disorders,409,2,Female,100,16334.407311832188,20388.51976308155,13454.00064671633
558,Mental disorders,409,2,Male,0,3598.74549273388,5994.69690827559,2242.1708585235
558,Mental disorders,409,2,Male,1,3598.74549273388,5994.69690827559,2242.1708585235
558,Mental disorders,409,2,Male,2,3598.74549273388,5994.69690827559,2242.1708585235
558,Mental disorders,409,2,Male,3,5555.437048107779,9074.164390318045,3544.375362279354
558,Mental disorders,409,2,Male,4,7417.343492788917,11916.14847009934,4840.050727063509
558,Mental disorders,409,2,Male,5,9174.06250723989,14452.43895109496,6129.146184957249
558,Mental disorders,409,2,Male,6,10815.1917719233,16614.825636780395,7411.610968041859
558,Mental disorders,409,2,Male,7,12330.32896730174,18335.09833063114,8687.39430839862
558,Mental disorders,409,2,Male,8,13741.60037142955,19652.227199161905,10005.577630953438
558,Mental disorders,409,2,Male,9,15073.278063227335,20725.369367596555,11366.27939418332
558,Mental disorders,409,2,Male,10,16318.178424457095,21666.59507747428,12696.004380496192
558,Mental disorders,409,2,Male,11,17469.11783688082,22587.974570334303,13921.2573723
558,Mental disorders,409,2,Male,12,18518.91268226053,23601.57808771581,14968.54315200267
558,Mental disorders,409,2,Male,13,19590.78550493315,24898.919845465793,15952.580666058482
558,Mental disorders,409,2,Male,14,20705.223249616596,26406.04566746549,16948.707750774967
558,Mental disorders,409,2,Male,15,21700.93889864432,27836.823207305497,17824.357523339928
558,Mental disorders,409,2,Male,16,22416.64543434976,28905.1201185764,18446.963100941182
558,Mental disorders,409,2,Male,17,22691.05583906636,29324.804054868793,18683.95760076653
558,Mental disorders,409,2,Male,18,22413.06658016332,28722.898918435752,18497.919217418104
558,Mental disorders,409,2,Male,19,21742.382103119064,27273.172064695,18053.250434997462
558,Mental disorders,409,2,Male,20,20923.92735743091,25509.60632698409,17520.12080494158
558,Mental disorders,409,2,Male,21,20202.627292596157,23966.184538640555,17068.699878687425
558,Mental disorders,409,2,Male,22,19823.40685811211,23176.889533001948,16869.15720767197
558,Mental disorders,409,2,Male,23,19718.30342981951,22969.636441869265,16856.35317191434
558,Mental disorders,409,2,Male,24,19645.7204257219,22810.325312067125,16849.273308276086
558,Mental disorders,409,2,Male,25,19590.1318585608,22689.91634946851,16844.274903457826
558,Mental disorders,409,2,Male,26,19536.01174107772,22599.369759946396,16837.71524416016
558,Mental disorders,409,2,Male,27,19467.83408601419,22529.64574937377,16825.95161708371
558,Mental disorders,409,2,Male,28,19383.721804802823,22479.883250660172,16785.94816332171
558,Mental disorders,409,2,Male,29,19293.470117362096,22446.94069766105,16708.82077946533
558,Mental disorders,409,2,Male,30,19199.06149916229,22418.357547668227,16612.154385462076
558,Mental disorders,409,2,Male,31,19102.47842567369,22381.673257973533,16513.53390125945
558,Mental disorders,409,2,Male,32,19005.703372366588,22324.42728586879,16430.54424680496
558,Mental disorders,409,2,Male,33,18909.417011097168,22159.153663816447,16364.652444210724
558,Mental disorders,409,2,Male,34,18812.23307561266,21858.083772104943,16303.705588148332
558,Mental disorders,409,2,Male,35,18713.03363421993,21498.303089765108,16244.85870740449
558,Mental disorders,409,2,Male,36,18610.700755225833,21156.89709582775,16185.2668307659
558,Mental disorders,409,2,Male,37,18504.116506937225,20910.95126932369,16122.084987019269
558,Mental disorders,409,2,Male,38,18390.65259007024,20757.338643255876,16055.095863616629
558,Mental disorders,409,2,Male,39,18270.718620213753,20632.310151215213,15986.071351524935
558,Mental disorders,409,2,Male,40,18147.753537983772,20522.01812311446,15915.150284803276
558,Mental disorders,409,2,Male,41,18025.196283996294,20412.614888866356,15842.471497510734
558,Mental disorders,409,2,Male,42,17906.48579886731,20290.25277838367,15768.1738237064
558,Mental disorders,409,2,Male,43,17792.697233939067,20129.810549706766,15695.269520274644
558,Mental disorders,409,2,Male,44,17681.4890332104,19940.217531033104,15623.555923059805
558,Mental disorders,409,2,Male,45,17571.17507628223,19758.701907511066,15548.349484560937
558,Mental disorders,409,2,Male,46,17460.069242755464,19622.491864289022,15464.96665727708
558,Mental disorders,409,2,Male,47,17346.48541223101,19568.81558651537,15368.723893707289
558,Mental disorders,409,2,Male,48,17232.480299474675,19581.50133719614,15247.827706910384
558,Mental disorders,409,2,Male,49,17119.135792474808,19611.751973434893,15101.132819037315
558,Mental disorders,409,2,Male,50,17003.303530666104,19647.85757152632,14939.927996225337
558,Mental disorders,409,2,Male,51,16881.835153483276,19678.10820776507,14775.502004611672
558,Mental disorders,409,2,Male,52,16751.58230036104,19690.79395844584,14619.14361033358
558,Mental disorders,409,2,Male,53,16607.4370344637,19573.401482877045,14471.441525367316
558,Mental disorders,409,2,Male,54,16450.405609228997,19283.140850789103,14324.865055093784
558,Mental disorders,409,2,Male,55,16286.51094950178,18912.887254109664,14178.523855757185
558,Mental disorders,409,2,Male,56,16121.775980126891,18555.5158847664,14031.527583601724
558,Mental disorders,409,2,Male,57,15962.223625949178,18303.901934686968,13882.9858948716
558,Mental disorders,409,2,Male,58,15805.293838363652,18155.735915533707,13721.71545465571
558,Mental disorders,409,2,Male,59,15646.950147136056,18036.6843668634,13548.294188346454
558,Mental disorders,409,2,Male,60,15491.000844667318,17931.58652244533,13379.473642643286
558,Mental disorders,409,2,Male,61,15341.254223358375,17825.28161604882,13232.005364245671
558,Mental disorders,409,2,Male,62,15201.518575610173,17702.60888144315,13122.64089985307
558,Mental disorders,409,2,Male,63,15073.642883674163,17534.378640467075,13051.36121524481
558,Mental disorders,409,2,Male,64,14954.271167996296,17329.761332303486,12998.7314791076
558,Mental disorders,409,2,Male,65,14839.40427826923,17131.136366737894,12952.379542501973
558,Mental disorders,409,2,Male,66,14725.043064185633,16980.883153555827,12899.93325648846
558,Mental disorders,409,2,Male,67,14607.18837543816,16921.3811025428,12829.02047212759
558,Mental disorders,409,2,Male,68,14485.265639016565,16927.355386450778,12717.92844722082
558,Mental disorders,409,2,Male,69,14361.926302674132,16941.6017557698,12567.03746183053
558,Mental disorders,409,2,Male,70,14238.010247248836,16958.6054868925,12397.11490040863
558,Mental disorders,409,2,Male,71,14114.357353578647,16972.85185621152,12228.92814740703
558,Mental disorders,409,2,Male,72,13991.80750250154,16978.826140119498,12083.24458727765
558,Mental disorders,409,2,Male,73,13868.929571340006,16873.718276247775,11959.757682066447
558,Mental disorders,409,2,Male,74,13745.157713068513,16619.702498148254,11843.525242062147
558,Mental disorders,409,2,Male,75,13622.629722002968,16308.740526094389,11733.361174080788
558,Mental disorders,409,2,Male,76,13503.48339245931,16032.79408035965,11628.079384938415
558,Mental disorders,409,2,Male,77,13389.856518753451,15883.8248812175,11526.49378145107
558,Mental disorders,409,2,Male,78,13276.848702634115,15839.974936710065,11421.342690003645
558,Mental disorders,409,2,Male,79,13162.713927730829,15811.79989284926,11313.006200148053
558,Mental disorders,409,2,Male,80,13054.321561180715,15789.881926863272,11211.760863450909
558,Mental disorders,409,2,Male,81,12958.540970120916,15764.803215980271,11127.883231478809
558,Mental disorders,409,2,Male,82,12882.241521688558,15727.14593742843,11071.64985579836
558,Mental disorders,409,2,Male,83,12818.18720151559,15656.191855536556,11038.726637567495
558,Mental disorders,409,2,Male,84,12757.798187082026,15551.853084000648,11014.70128825083
558,Mental disorders,409,2,Male,85,12705.928133297104,15435.657324099662,10994.733074874992
558,Mental disorders,409,2,Male,86,12667.430695070052,15329.132277112549,10973.981264466604
558,Mental disorders,409,2,Male,87,12647.159527310108,15253.805644318269,10947.6051240523
558,Mental disorders,409,2,Male,88,12638.29332579368,15201.2599059851,10906.773499751876
558,Mental disorders,409,2,Male,89,12630.947366336424,15151.956120352552,10853.950041944034
558,Mental disorders,409,2,Male,90,12625.380173906446,15110.73985565642,10801.236224043723
558,Mental disorders,409,2,Male,91,12621.85027347185,15082.456680132487,10760.733519465904
558,Mental disorders,409,2,Male,92,12620.61619000074,15071.95216201656,10744.54340162553
558,Mental disorders,409,2,Male,93,12632.215448849416,15088.55425321568,10754.3805794096
558,Mental disorders,409,2,Male,94,12664.002503865073,15135.69539769674,10783.402195936957
558,Mental disorders,409,2,Male,95,12711.461272752156,15209.377901785288,10830.873375970308
558,Mental disorders,409,2,Male,96,12770.075673215104,15305.604071806878,10896.059244272376
558,Mental disorders,409,2,Male,97,12835.32962295836,15420.376214087051,10978.22492560587
558,Mental disorders,409,2,Male,98,12835.32962295836,15420.376214087051,10978.22492560587
558,Mental disorders,409,2,Male,99,12835.32962295836,15420.376214087051,10978.22492560587
558,Mental disorders,409,2,Male,100,12835.32962295836,15420.376214087051,10978.22492560587
626,Musculoskeletal disorders,409,2,Both,0,0.0,0.0,0.0
626,Musculoskeletal disorders,409,2,Both,1,0.0,0.0,0.0
626,Musculoskeletal disorders,409,2,Both,2,0.0,0.0,0.0
626,Musculoskeletal disorders,409,2,Both,3,40.72799594211923,52.28326398532553,30.64174203926123
626,Musculoskeletal disorders,409,2,Both,4,156.3790212043413,199.85777859366505,118.2708460556873
626,Musculoskeletal disorders,409,2,Both,5,337.1536319404628,428.81062780356274,256.44312889724176
626,Musculoskeletal disorders,409,2,Both,6,573.2523843042802,725.228895593563,438.71440741188815
626,Musculoskeletal disorders,409,2,Both,7,854.8758344495901,1075.19966594221,658.64049844759
626,Musculoskeletal disorders,409,2,Both,8,1453.2177277550286,1757.957298550551,1185.1402052218018
626,Musculoskeletal disorders,409,2,Both,9,2540.738810638141,2953.007233380522,2186.3672753105234
626,Musculoskeletal disorders,409,2,Both,10,3959.540140811089,4496.8431748019975,3504.7299420995355
626,Musculoskeletal disorders,409,2,Both,11,5551.722775986032,6225.958827184855,4982.636438974617
626,Musculoskeletal disorders,409,2,Both,12,7159.38777387513,7976.84789489897,6462.49499932155
626,Musculoskeletal disorders,409,2,Both,13,9037.831800511289,10022.088589523511,8167.254751635956
626,Musculoskeletal disorders,409,2,Both,14,11330.328319341286,12511.275143907846,10234.028343694605
626,Musculoskeletal disorders,409,2,Both,15,13710.94358419808,15096.425294327162,12376.469287804995
626,Musculoskeletal disorders,409,2,Both,16,15853.743848914644,17429.55677705664,14308.231096274634
626,Musculoskeletal disorders,409,2,Both,17,17432.79536732393,19162.68732837146,15742.967281411018
626,Musculoskeletal disorders,409,2,Both,18,18596.82335490732,20439.246322834864,16831.297581822128
626,Musculoskeletal disorders,409,2,Both,19,19665.856798539306,21598.46363611221,17853.49348026756
626,Musculoskeletal disorders,409,2,Both,20,20570.91760914258,22586.05775613189,18717.68610528224
626,Musculoskeletal disorders,409,2,Both,21,21243.02769763981,23347.747170822255,19332.00658540111
626,Musculoskeletal disorders,409,2,Both,22,21613.20897495368,23829.25036811169,19604.5860491591
626,Musculoskeletal disorders,409,2,Both,23,21767.21693071563,24091.83403868641,19658.472092665175
626,Musculoskeletal disorders,409,2,Both,24,21861.995020287857,24268.126832782047,19688.392506980417
626,Musculoskeletal disorders,409,2,Both,25,21935.347103189193,24410.890177651083,19709.998713067973
626,Musculoskeletal disorders,409,2,Both,26,22025.077038938445,24572.885500546017,19738.942131890944
626,Musculoskeletal disorders,409,2,Both,27,22168.98868705445,24806.87422871932,19790.87418441247
626,Musculoskeletal disorders,409,2,Both,28,22441.379425421575,25150.96053677033,19957.58942767239
626,Musculoskeletal disorders,409,2,Both,29,22871.28537054774,25602.722539189068,20295.759610205925
626,Musculoskeletal disorders,409,2,Both,30,23428.618489887085,26154.13257306404,20768.351940219312
626,Musculoskeletal disorders,409,2,Both,31,24083.290750893753,26797.162975483785,21338.333625918774
626,Musculoskeletal disorders,409,2,Both,32,24805.21412102189,27523.786083536823,21968.67187551053
626,Musculoskeletal disorders,409,2,Both,33,25739.51277281637,28476.134368043862,22846.16047519085
626,Musculoskeletal disorders,409,2,Both,34,26967.92602790901,29721.168630843564,24076.59101580684
626,Musculoskeletal disorders,409,2,Both,35,28365.288577384363,31138.103705551355,25501.427412540976
626,Musculoskeletal disorders,409,2,Both,36,29806.435112326988,32606.154425782664,26962.13358057573
626,Musculoskeletal disorders,409,2,Both,37,31166.20032382143,34004.53562515293,28300.17343509358
626,Musculoskeletal disorders,409,2,Both,38,32454.135325553525,35334.706132538166,29508.255036806
626,Musculoskeletal disorders,409,2,Both,39,33753.69204786999,36677.421477008174,30692.61958270682
626,Musculoskeletal disorders,409,2,Both,40,35050.556406846765,38030.84154246907,31865.030692402022
626,Musculoskeletal disorders,409,2,Both,41,36330.41431855973,39393.12621282699,33037.251985497634
626,Musculoskeletal disorders,409,2,Both,42,37578.9516990848,40762.43537198803,34221.04708159963
626,Musculoskeletal disorders,409,2,Both,43,38777.01940952635,42162.44314416392,35415.65188183489
626,Musculoskeletal disorders,409,2,Both,44,39935.04699896275,43594.50415716248,36613.253600990014
626,Musculoskeletal disorders,409,2,Both,45,41083.08841543088,45023.299050284,37815.04282916058
626,Musculoskeletal disorders,409,2,Both,46,42251.19760696764,46413.50846282876,39022.210156442176
626,Musculoskeletal disorders,409,2,Both,47,43469.4285216099,47729.81303409704,40235.94617293037
626,Musculoskeletal disorders,409,2,Both,48,44755.09704778398,48946.60706319485,41453.06450338099
626,Musculoskeletal disorders,409,2,Both,49,46090.21901185689,50091.609548507826,42672.84157041476
626,Musculoskeletal disorders,409,2,Both,50,47451.898268776575,51209.48817825563,43900.1621609247
626,Musculoskeletal disorders,409,2,Both,51,48817.23867349102,52344.910640657974,45139.91106180379
626,Musculoskeletal disorders,409,2,Both,52,50163.344080948154,53542.54462393453,46396.97305994505
626,Musculoskeletal disorders,409,2,Both,53,51503.78671215311,54823.428942983395,47689.553616177705
626,Musculoskeletal disorders,409,2,Both,54,52853.859891823246,56160.21680533129,49014.80885561459
626,Musculoskeletal disorders,409,2,Both,55,54193.24913047485,57524.99748814089,50346.04956157405
626,Musculoskeletal disorders,409,2,Both,56,55501.639938624256,58889.86026857485,51656.58651737441
626,Musculoskeletal disorders,409,2,Both,57,56758.71782678776,60226.8944237958,52919.73050633403
626,Musculoskeletal disorders,409,2,Both,58,57973.91469975097,61584.57578722488,54146.38460045154
626,Musculoskeletal disorders,409,2,Both,59,59163.29666302986,62981.66783169556,55355.93054129066
626,Musculoskeletal disorders,409,2,Both,60,60316.50052823634,64345.69129348905,56534.3971165173
626,Musculoskeletal disorders,409,2,Both,61,61423.163106982305,65604.16690888657,57667.81311379739
626,Musculoskeletal disorders,409,2,Both,62,62472.92121087967,66684.61541416934,58742.20732079688
626,Musculoskeletal disorders,409,2,Both,63,63470.70899615233,67588.2583746932,59769.96303495011
626,Musculoskeletal disorders,409,2,Both,64,64428.36408721259,68389.44563179827,60765.18745808724
626,Musculoskeletal disorders,409,2,Both,65,65345.87849795504,69125.3903357421,61716.49523446789
626,Musculoskeletal disorders,409,2,Both,66,66223.24424227422,69833.30563678224,62612.50100835168
626,Musculoskeletal disorders,409,2,Both,67,67060.45333406467,70550.4046851763,63441.81942399825
626,Musculoskeletal disorders,409,2,Both,68,67894.77108498111,71300.48855273945,64228.01957106284
626,Musculoskeletal disorders,409,2,Both,69,68730.16232723962,72059.49993502272,64986.71913312181
626,Musculoskeletal disorders,409,2,Both,70,69516.66835557696,72792.86441788753,65694.60564531645
626,Musculoskeletal disorders,409,2,Both,71,70204.33046472979,73466.00758719529,66328.36664278805
626,Musculoskeletal disorders,409,2,Both,72,70743.18994943482,74044.35502880737,66864.68966067788
626,Musculoskeletal disorders,409,2,Both,73,71197.06637162704,74591.71902602374,67363.85245936536
626,Musculoskeletal disorders,409,2,Both,74,71631.79175611143,75145.80350143464,67860.25111148068
626,Musculoskeletal disorders,409,2,Both,75,72000.42609192964,75632.87149983682,68291.7506205414
626,Musculoskeletal disorders,409,2,Both,76,72256.02936812336,75979.18606602713,68596.21599006497
626,Musculoskeletal disorders,409,2,Both,77,72351.66157373422,76111.0102448024,68711.51222356895
626,Musculoskeletal disorders,409,2,Both,78,72303.17966547355,76080.4168500391,68627.29634372728
626,Musculoskeletal disorders,409,2,Both,79,72172.21467607256,75996.54020028433,68404.07823786928
626,Musculoskeletal disorders,409,2,Both,80,71980.48770860276,75871.23559734074,68086.00220649532
626,Musculoskeletal disorders,409,2,Both,81,71749.71986613564,75716.35834301097,67717.21255010586
626,Musculoskeletal disorders,409,2,Both,82,71501.63225174275,75543.76373909769,67341.85356920131
626,Musculoskeletal disorders,409,2,Both,83,71182.97632173088,75300.74077139847,66903.45960953845
626,Musculoskeletal disorders,409,2,Both,84,70751.33706146151,74946.16382226566,66354.98729680877
626,Musculoskeletal disorders,409,2,Both,85,70244.68586758806,74509.26628833417,65754.71435141488
626,Musculoskeletal disorders,409,2,Both,86,69700.99413676403,74019.28156623885,65160.91849375925
626,Musculoskeletal disorders,409,2,Both,87,69158.23326564283,73505.44305261454,64631.87744424448
626,Musculoskeletal disorders,409,2,Both,88,68579.38332070738,72880.72657738485,64181.92976916331
626,Musculoskeletal disorders,409,2,Both,89,67935.48446855324,72109.95205014785,63769.45908083981
626,Musculoskeletal disorders,409,2,Both,90,67276.59825600304,71300.11898705017,63368.810668723505
626,Musculoskeletal disorders,409,2,Both,91,66652.78622987935,70558.22690423844,62954.32982226389
626,Musculoskeletal disorders,409,2,Both,92,66114.10993700479,69991.27531785933,62500.361830910435
626,Musculoskeletal disorders,409,2,Both,93,65647.86688383672,69560.20335513505,62002.17148358038
626,Musculoskeletal disorders,409,2,Both,94,65211.60949615339,69165.77738188846,61473.479627010165
626,Musculoskeletal disorders,409,2,Both,95,64810.78169975884,68824.7377721672,60916.31563737811
626,Musculoskeletal disorders,409,2,Both,96,64450.82742045704,68553.82490001888,60332.70889086255
626,Musculoskeletal disorders,409,2,Both,97,64137.19058405196,68369.77913949112,59724.688763641854
626,Musculoskeletal disorders,409,2,Both,98,64137.19058405196,68369.77913949112,59724.688763641854
626,Musculoskeletal disorders,409,2,Both,99,64137.19058405196,68369.77913949112,59724.688763641854
626,Musculoskeletal disorders,409,2,Both,100,64137.19058405196,68369.77913949112,59724.688763641854
626,Musculoskeletal disorders,409,2,Female,0,0.0,0.0,0.0
626,Musculoskeletal disorders,409,2,Female,1,0.0,0.0,0.0
626,Musculoskeletal disorders,409,2,Female,2,0.0,0.0,0.0
626,Musculoskeletal disorders,409,2,Female,3,44.69758028660684,57.62056698165642,33.50430797687727
626,Musculoskeletal disorders,409,2,Female,4,171.79006074626693,220.45879636059925,129.4382395930122
626,Musculoskeletal disorders,409,2,Female,5,370.7770507787397,473.4794807877889,280.9333063766595
626,Musculoskeletal disorders,409,2,Female,6,631.1581597837842,801.6474129141857,481.1210198560739
626,Musculoskeletal disorders,409,2,Female,7,942.43299716116,1189.92738539075,723.13289155951
626,Musculoskeletal disorders,409,2,Female,8,1617.884685407653,1960.5136836900024,1315.453732918009
626,Musculoskeletal disorders,409,2,Female,9,2856.0328710258364,3319.7286364892743,2450.760897807702
626,Musculoskeletal disorders,409,2,Female,10,4474.231949424152,5078.729101246738,3948.4747114244738
626,Musculoskeletal disorders,409,2,Female,11,6289.836316011038,7048.671935420568,5628.015498964211
626,Musculoskeletal disorders,409,2,Female,12,8120.200366194941,9040.71399646894,7308.8035856228
626,Musculoskeletal disorders,409,2,Female,13,10260.612296363914,11371.35953681132,9246.427696077024
626,Musculoskeletal disorders,409,2,Female,14,12875.41918920042,14212.12753291762,11597.784749337312
626,Musculoskeletal disorders,409,2,Female,15,15585.563769554496,17156.69692832168,14034.25736210002
626,Musculoskeletal disorders,409,2,Female,16,18011.988762276193,19798.74666655733,16227.228151061512
626,Musculoskeletal disorders,409,2,Female,17,19775.63689221555,21731.95569115842,17848.07973291814
626,Musculoskeletal disorders,409,2,Female,18,21056.452951644987,23133.183371432908,19079.30783506185
626,Musculoskeletal disorders,409,2,Female,19,22232.399285602423,24405.29577991932,20244.18706840849
626,Musculoskeletal disorders,409,2,Female,20,23221.44494808616,25480.981914997312,21225.268374940275
626,Musculoskeletal disorders,409,2,Female,21,23941.5589930945,26292.93077504654,21905.102696639427
626,Musculoskeletal disorders,409,2,Female,22,24310.71047462572,26773.83135844667,22166.24097548817
626,Musculoskeletal disorders,409,2,Female,23,24440.03629119351,27009.32838516111,22175.63698173121
626,Musculoskeletal disorders,409,2,Female,24,24517.407693221532,27163.06717812012,22180.533684555397
626,Musculoskeletal disorders,409,2,Female,25,24575.89526257307,27284.73764015359,22183.915824356165
626,Musculoskeletal disorders,409,2,Female,26,24648.5695811114,27424.02967409145,22188.768141528937
626,Musculoskeletal disorders,409,2,Female,27,24768.501230699792,27630.63318276359,22198.07537646915
626,Musculoskeletal disorders,409,2,Female,28,25010.967461396005,27944.000410775658,22313.632250839662
626,Musculoskeletal disorders,409,2,Female,29,25409.608498944,28365.016114056736,22607.86211998399
626,Musculoskeletal disorders,409,2,Female,30,25935.039388736368,28885.518962421927,23039.692674818612
626,Musculoskeletal disorders,409,2,Female,31,26557.875176165704,29497.347625686332,23568.05160625997
626,Musculoskeletal disorders,409,2,Female,32,27248.73090662461,30192.340773665037,24151.86660522453
626,Musculoskeletal disorders,409,2,Female,33,28161.101387273597,31116.44263452733,24991.49285165473
626,Musculoskeletal disorders,409,2,Female,34,29383.844735108934,32342.581660269367,26207.716969534576
626,Musculoskeletal disorders,409,2,Female,35,30790.620960276887,33753.07285644656,27640.113815842906
626,Musculoskeletal disorders,409,2,Female,36,32255.09007292369,35230.231228614306,29128.258247558515
626,Musculoskeletal disorders,409,2,Female,37,33650.91208319556,36656.37178232805,30511.72512166024
626,Musculoskeletal disorders,409,2,Female,38,34985.64397691941,38040.68070457901,31784.087830239925
626,Musculoskeletal disorders,409,2,Female,39,36344.00118783507,39463.15216159228,33052.30666462359
626,Musculoskeletal disorders,409,2,Female,40,37715.38139795818,40912.31312777402,34326.03683064135
626,Musculoskeletal disorders,409,2,Female,41,39089.18228930439,42376.69057753038,35614.93353412331
626,Musculoskeletal disorders,409,2,Female,42,40454.80154388933,43844.81148526755,36928.65198089956
626,Musculoskeletal disorders,409,2,Female,43,41802.20660219952,45331.7365070079,38275.098867832654
626,Musculoskeletal disorders,409,2,Female,44,43138.46794915972,46845.34456383887,39648.52027391148
626,Musculoskeletal disorders,409,2,Female,45,44478.63783344293,48363.390027764224,41038.080478155694
626,Musculoskeletal disorders,409,2,Female,46,45837.76850372215,49863.6272707877,42432.94375958494
626,Musculoskeletal disorders,409,2,Female,47,47230.9122086704,51323.81066491307,43822.27439721884
626,Musculoskeletal disorders,409,2,Female,48,48680.23980413954,52737.51452647277,45210.10275136312
626,Musculoskeletal disorders,409,2,Female,49,50176.82617079074,54120.58960642678,46603.65783801229
626,Musculoskeletal disorders,409,2,Female,50,51689.07959451094,55484.20492872025,47996.90191971917
626,Musculoskeletal disorders,409,2,Female,51,53185.40836118712,56839.52951729826,49383.79725903661
626,Musculoskeletal disorders,409,2,Female,52,54634.22075670621,58197.73239610593,50758.30611851745
626,Musculoskeletal disorders,409,2,Female,53,56045.23336918215,59565.34708769349,52133.46693488556
626,Musculoskeletal disorders,409,2,Female,54,57440.63851411645,60934.96520425956,53513.42898975922
626,Musculoskeletal disorders,409,2,Female,55,58807.55806847743,62296.84290422185,54878.82081303284
626,Musculoskeletal disorders,409,2,Female,56,60133.11390923338,63641.23634599803,56210.27093460087
626,Musculoskeletal disorders,409,2,Female,57,61404.42791335261,64958.40168800582,57488.40788435774
626,Musculoskeletal disorders,409,2,Female,58,62631.18649634882,66282.06171830498,58722.527109179435
626,Musculoskeletal disorders,409,2,Female,59,63825.52454516168,67619.47770743669,59928.362632254706
626,Musculoskeletal disorders,409,2,Female,60,64978.236643898446,68921.21353754072,61096.2008479471
626,Musculoskeletal disorders,409,2,Female,61,66080.1173766664,70137.83309075687,62216.32815062017
626,Musculoskeletal disorders,409,2,Female,62,67121.96132757279,71219.90024922494,63279.03093463745
626,Musculoskeletal disorders,409,2,Female,63,68114.04966575112,72174.49668896988,64302.188405737616
626,Musculoskeletal disorders,409,2,Female,64,69068.20127970535,73051.71058678279,65297.32450264767
626,Musculoskeletal disorders,409,2,Female,65,69977.5173325985,73866.61557595267,66245.19271921368
626,Musculoskeletal disorders,409,2,Female,66,70835.09898759353,74634.28528976845,67126.54654928173
626,Musculoskeletal disorders,409,2,Female,67,71634.04740785349,75369.79336151913,67922.13948669781
626,Musculoskeletal disorders,409,2,Female,68,72424.37213691788,76112.05654380137,68667.99305626545
626,Musculoskeletal disorders,409,2,Female,69,73217.70774379755,76855.787199989,69388.90726547847
626,Musculoskeletal disorders,409,2,Female,70,73949.59292986247,77549.75237953676,70048.8033322186
626,Musculoskeletal disorders,409,2,Female,71,74555.56639648264,78142.7191318994,70611.60247436748
626,Musculoskeletal disorders,409,2,Female,72,74971.16684502803,78583.45450653162,71041.22590980683
626,Musculoskeletal disorders,409,2,Female,73,75262.62827868364,78929.72508781245,71392.86155682527
626,Musculoskeletal disorders,409,2,Female,74,75525.35749806734,79252.84799171265,71723.76385033732
626,Musculoskeletal disorders,409,2,Female,75,75738.65240069847,79521.91606507463,72000.95378316342
626,Musculoskeletal disorders,409,2,Female,76,75881.81088409631,79706.02215474074,72191.45234812409
626,Musculoskeletal disorders,409,2,Female,77,75934.1308457802,79774.25910755336,72262.28053803976
626,Musculoskeletal disorders,409,2,Female,78,75825.82947614654,79691.2412888517,72117.28065017027
626,Musculoskeletal disorders,409,2,Female,79,75539.73459905399,79470.10970764374,71736.73540063121
626,Musculoskeletal disorders,409,2,Female,80,75134.06006221526,79152.74717627504,71202.3264105266
626,Musculoskeletal disorders,409,2,Female,81,74667.01971334299,78781.0365070911,70595.73530096051
626,Musculoskeletal disorders,409,2,Female,82,74196.82740014986,78396.8605124375,69998.64369303701
626,Musculoskeletal disorders,409,2,Female,83,73680.4749713227,77958.58051978063,69349.3690969105
626,Musculoskeletal disorders,409,2,Female,84,73061.00553380286,77414.90765670667,68578.61206392011
626,Musculoskeletal disorders,409,2,Female,85,72375.70982268477,76793.24943574067,67756.62877694693
626,Musculoskeletal disorders,409,2,Female,86,71661.87857306292,76121.0133694078,66953.6754188721
626,Musculoskeletal disorders,409,2,Female,87,70956.80252003172,75425.60697023314,66240.00817257666
626,Musculoskeletal disorders,409,2,Female,88,70227.1184467546,74630.59725941163,65626.38669025798
626,Musculoskeletal disorders,409,2,Female,89,69446.89887837984,73708.96164423498,65060.72233324979
626,Musculoskeletal disorders,409,2,Female,90,68664.58816297917,72762.22321637343,64518.998848137904
626,Musculoskeletal disorders,409,2,Female,91,67928.63064862443,71891.90506749721,63977.19998150808
626,Musculoskeletal disorders,409,2,Female,92,67287.47068338736,71199.53028927658,63411.309479946154
626,Musculoskeletal disorders,409,2,Female,93,66725.74802769741,70647.13595996016,62820.9084033952
626,Musculoskeletal disorders,409,2,Female,94,66200.19484981347,70139.92364575488,62221.70834456692
626,Musculoskeletal disorders,409,2,Female,95,65717.39410955149,69694.1631702685,61613.88884919999
626,Musculoskeletal disorders,409,2,Female,96,65283.928766727426,69326.12435710873,60997.62946303305
626,Musculoskeletal disorders,409,2,Female,97,64906.38178115723,69052.07702988331,60373.109731804805
626,Musculoskeletal disorders,409,2,Female,98,64906.38178115723,69052.07702988331,60373.109731804805
626,Musculoskeletal disorders,409,2,Female,99,64906.38178115723,69052.07702988331,60373.109731804805
626,Musculoskeletal disorders,409,2,Female,100,64906.38178115723,69052.07702988331,60373.109731804805
626,Musculoskeletal disorders,409,2,Male,0,0.0,0.0,0.0
626,Musculoskeletal disorders,409,2,Male,1,0.0,0.0,0.0
626,Musculoskeletal disorders,409,2,Male,2,0.0,0.0,0.0
626,Musculoskeletal disorders,409,2,Male,3,36.9459787067151,46.26966600162716,27.923614179236264
626,Musculoskeletal disorders,409,2,Male,4,141.68792090510692,176.78478811398628,107.6632087671304
626,Musculoskeletal disorders,409,2,Male,5,305.08183571254517,379.1045524982938,233.17191183896037
626,Musculoskeletal disorders,409,2,Male,6,517.9837322463997,640.7881453157663,398.4028514700043
626,Musculoskeletal disorders,409,2,Male,7,771.24961962404,949.39475272762,597.30915573554
626,Musculoskeletal disorders,409,2,Male,8,1296.140719295212,1545.90072038826,1061.9572328243862
626,Musculoskeletal disorders,409,2,Male,9,2240.3890052774796,2585.643600008486,1937.4551039618236
626,Musculoskeletal disorders,409,2,Male,10,3469.55661553994,3927.724386834109,3087.3183167778257
626,Musculoskeletal disorders,409,2,Male,11,4849.205688051691,5431.2440761109365,4375.062418902364
626,Musculoskeletal disorders,409,2,Male,12,6244.89836078183,6955.30366308478,5664.20295796541
626,Musculoskeletal disorders,409,2,Male,13,7874.73828027776,8732.265746277524,7145.186170976393
626,Musculoskeletal disorders,409,2,Male,14,9861.96034808936,10891.86617452964,8936.273670487755
626,Musculoskeletal disorders,409,2,Male,15,11929.82358468944,13139.265818564829,10792.704067443983
626,Musculoskeletal disorders,409,2,Male,16,13801.587010550807,15179.625549106786,12469.715972789578
626,Musculoskeletal disorders,409,2,Male,17,15200.50964614628,16718.106236879208,13722.54799746902
626,Musculoskeletal disorders,409,2,Male,18,16247.281676007597,17867.29812503088,14672.76180290491
626,Musculoskeletal disorders,409,2,Male,19,17209.14413523419,18909.571469244544,15558.750758968425
626,Musculoskeletal disorders,409,2,Male,20,18029.18232015042,19804.757159044817,16311.001039276918
626,Musculoskeletal disorders,409,2,Male,21,18650.481527080643,20512.68608395631,16859.99881744775
626,Musculoskeletal disorders,409,2,Male,22,19016.12705234921,20993.18913350364,17136.23026709829
626,Musculoskeletal disorders,409,2,Male,23,19189.402335752333,21283.608844778784,17226.252290500397
626,Musculoskeletal disorders,409,2,Male,24,19298.88438061975,21484.913835635747,17279.041758458083
626,Musculoskeletal disorders,409,2,Male,25,19385.598828576098,21652.374116742252,17318.714797386892
626,Musculoskeletal disorders,409,2,Male,26,19490.571321246007,21841.259698765996,17369.38753370241
626,Musculoskeletal disorders,409,2,Male,27,19654.82750025412,22106.840592374698,17455.1760938202
626,Musculoskeletal disorders,409,2,Male,28,19952.288107504697,22487.81159249221,17649.931111232403
626,Musculoskeletal disorders,409,2,Male,29,20408.81697490851,22979.572202303993,17993.534156134723
626,Musculoskeletal disorders,409,2,Male,30,20993.35437909996,23572.449494870136,18459.147759998046
626,Musculoskeletal disorders,409,2,Male,31,21674.84059671345,24256.77054325073,19019.934454293252
626,Musculoskeletal disorders,409,2,Male,32,22422.21590438337,25022.86242050587,19649.05677049123
626,Musculoskeletal disorders,409,2,Male,33,23375.584660485656,26002.381533283587,20547.742615688363
626,Musculoskeletal disorders,409,2,Male,34,24611.28423360901,27255.427040250222,21817.15957994022
626,Musculoskeletal disorders,409,2,Male,35,26002.604415707043,28664.990142493327,23280.379719156444
626,Musculoskeletal disorders,409,2,Male,36,27422.83499873333,30114.06204110045,24760.475089246676
626,Musculoskeletal disorders,409,2,Male,37,28745.26577464146,31485.63393715912,26080.517746120546
626,Musculoskeletal disorders,409,2,Male,38,29983.149261312712,32791.365632956215,27234.676456806083
626,Musculoskeletal disorders,409,2,Male,39,31221.300998108152,34109.26348986397,28344.08754812664
626,Musculoskeletal disorders,409,2,Male,40,32440.355309201073,35421.83854759806,29422.27441568487
626,Musculoskeletal disorders,409,2,Male,41,33620.946518764766,36711.60184587412,30482.76045508343
626,Musculoskeletal disorders,409,2,Male,42,34743.70895097252,37961.0644244078,31539.06906192497
626,Musculoskeletal disorders,409,2,Male,43,35783.115553162344,39170.5417722202,32581.37869665417
626,Musculoskeletal disorders,409,2,Male,44,36755.92144050668,40353.193775586435,33601.060659017734
626,Musculoskeletal disorders,409,2,Male,45,37706.184188930434,41510.79807010321,34613.427603571385
626,Musculoskeletal disorders,409,2,Male,46,38677.96137435851,42645.13229136722,35633.792184870836
626,Musculoskeletal disorders,409,2,Male,47,39715.31057271582,43757.97407497517,36677.46705747177
626,Musculoskeletal disorders,409,2,Male,48,40833.55833678858,44823.83980020884,37742.065211713205
626,Musculoskeletal disorders,409,2,Male,49,42006.95773632587,45842.601609903075,38817.80954677566
626,Musculoskeletal disorders,409,2,Male,50,43217.95612269689,46854.07078498419,39908.9275804771
626,Musculoskeletal disorders,409,2,Male,51,44449.00084727083,47898.058606378494,41019.64683063552
626,Musculoskeletal disorders,409,2,Male,52,45682.539261416874,49014.37635501228,42154.1948150689
626,Musculoskeletal disorders,409,2,Male,53,46937.88616298733,50240.89515831921,43324.09709672963
626,Musculoskeletal disorders,409,2,Male,54,48227.17837476886,51556.66933163908,44527.59360658681
626,Musculoskeletal disorders,409,2,Male,55,49522.096285532214,52913.2849377575,45748.983414483366
626,Musculoskeletal disorders,409,2,Male,56,50794.32028404816,54262.32803946005,46972.56559026226
626,Musculoskeletal disorders,409,2,Male,57,52015.53075908744,55555.3846995323,48182.63920376644
626,Musculoskeletal disorders,409,2,Male,58,53196.26060608717,56818.61126054103,49406.583596474666
626,Musculoskeletal disorders,409,2,Male,59,54357.306105469725,58085.31146147376,50654.88511354692
626,Musculoskeletal disorders,409,2,Male,60,55485.74272348379,59317.7924597472,51886.50333034802
626,Musculoskeletal disorders,409,2,Male,61,56568.645926378085,60478.3614127781,53060.397822242754
626,Musculoskeletal disorders,409,2,Male,62,57593.091180401265,61529.32547798316,54135.528164595926
626,Musculoskeletal disorders,409,2,Male,63,58558.97033766826,62474.22561347626,55112.052291707616
626,Musculoskeletal disorders,409,2,Male,64,59479.90772153916,63350.87949265799,56026.64054226984
626,Musculoskeletal disorders,409,2,Male,65,60363.577505130415,64173.00934587528,56893.02109823523
626,Musculoskeletal disorders,409,2,Male,66,61217.65386155851,64954.337403475,57724.922141556475
626,Musculoskeletal disorders,409,2,Male,67,62049.81096393991,65708.58589580403,58536.07185418624
626,Musculoskeletal disorders,409,2,Male,68,62886.790000051864,66440.41978217255,59342.935031400186
626,Musculoskeletal disorders,409,2,Male,69,63725.38038822249,67144.23262242904,60138.7007577833
626,Musculoskeletal disorders,409,2,Male,70,64528.32864739459,67818.33954772787,60902.18364925214
626,Musculoskeletal disorders,409,2,Male,71,65258.38129651095,68461.05568922342,61612.198321723314
626,Musculoskeletal disorders,409,2,Male,72,65878.28485451435,69070.69617807004,62247.55939111339
626,Musculoskeletal disorders,409,2,Male,73,66456.49972585135,69705.66876309119,62881.04866138252
626,Musculoskeletal disorders,409,2,Male,74,67036.44824319005,70370.48945944617,63537.03980623084
626,Musculoskeletal disorders,409,2,Male,75,67543.31981780562,70982.6357977932,64121.73524618486
626,Musculoskeletal disorders,409,2,Male,76,67902.30386097317,71459.58530879044,64541.33740177114
626,Musculoskeletal disorders,409,2,Male,77,68038.5897839679,71718.81552309604,64702.048693516226
626,Musculoskeletal disorders,409,2,Male,78,68033.38146310906,71833.58371788089,64628.697831141086
626,Musculoskeletal disorders,409,2,Male,79,68018.29291159926,71929.5828106625,64438.95399442293
626,Musculoskeletal disorders,409,2,Male,80,67994.1287460385,72002.94379261913,64178.280308972666
626,Musculoskeletal disorders,409,2,Male,81,67961.69358302686,72049.79765492906,63892.139900401184
626,Musculoskeletal disorders,409,2,Male,82,67921.79203916434,72066.27538877055,63625.99589431938
626,Musculoskeletal disorders,409,2,Male,83,67797.81115256052,71981.01520479006,63381.60933797632
626,Musculoskeletal disorders,409,2,Male,84,67541.45660225242,71754.62082627598,63127.26799823261
626,Musculoskeletal disorders,409,2,Male,85,67196.01096623122,71431.17151336929,62858.225080116434
626,Musculoskeletal disorders,409,2,Male,86,66804.75682248802,71054.74652621109,62569.73378865598
626,Musculoskeletal disorders,409,2,Male,87,66410.97674901402,70669.42512494234,62257.04732887947
626,Musculoskeletal disorders,409,2,Male,88,65966.8889450511,70189.7422504827,61907.87127788554
626,Musculoskeletal disorders,409,2,Male,89,65432.63344871655,69566.36280325806,61520.371730726816
626,Musculoskeletal disorders,409,2,Male,90,64863.37559631451,68897.56098266883,61105.4926693624
626,Musculoskeletal disorders,409,2,Male,91,64314.28072414916,68281.61098811551,60674.1780757514
626,Musculoskeletal disorders,409,2,Male,92,63840.51416852468,67816.78701899851,60237.371931852904
626,Musculoskeletal disorders,409,2,Male,93,63433.55506147106,67470.39312093038,59793.53559270479
626,Musculoskeletal disorders,409,2,Male,94,63050.54017785453,67153.55890784357,59334.27403821853
626,Musculoskeletal disorders,409,2,Male,95,62695.1213182337,66880.29693161846,58860.24668766359
626,Musculoskeletal disorders,409,2,Male,96,62370.950283167134,66664.61974413536,58372.11296030945
626,Musculoskeletal disorders,409,2,Male,97,62081.67887321341,66520.53989727463,57870.532275425605
626,Musculoskeletal disorders,409,2,Male,98,62081.67887321341,66520.53989727463,57870.53227542561
626,Musculoskeletal disorders,409,2,Male,99,62081.67887321341,66520.53989727463,57870.53227542561
626,Musculoskeletal disorders,409,2,Male,100,62081.67887321341,66520.53989727463,57870.53227542561
640,Other non-communicable diseases,409,2,Both,0,41702.66557347925,47810.04867673528,35819.520275231946
640,Other non-communicable diseases,409,2,Both,1,41702.66557347925,47810.04867673528,35819.520275231946
640,Other non-communicable diseases,409,2,Both,2,41702.66557347925,47810.04867673528,35819.520275231946
640,Other non-communicable diseases,409,2,Both,3,44827.797814517995,50955.79636819712,38732.15604922934
640,Other non-communicable diseases,409,2,Both,4,47235.10078595791,53445.41347437593,40991.17681136934
640,Other non-communicable diseases,409,2,Both,5,48937.99144169125,55254.241264502976,42600.23768242141
640,Other non-communicable diseases,409,2,Both,6,49949.88673561026,56357.62100780957,43562.993783155034
640,Other non-communicable diseases,409,2,Both,7,50284.203621607216,56730.89397352704,43883.10023433969
640,Other non-communicable diseases,409,2,Both,8,49333.58353106881,55909.98056265836,43028.64906192474
640,Other non-communicable diseases,409,2,Both,9,47066.72023824647,53952.41781366384,40991.11165078141
640,Other non-communicable diseases,409,2,Both,10,44361.10921132947,51615.971951960695,38559.21216006195
640,Other non-communicable diseases,409,2,Both,11,42094.24591850712,49658.40920296616,36521.67474891861
640,Other non-communicable diseases,409,2,Both,12,41143.62582796872,48837.49579209749,35667.22357650367
640,Other non-communicable diseases,409,2,Both,13,41791.27433943147,49424.27608219115,36245.06534327041
640,Other non-communicable diseases,409,2,Both,14,43447.30815120547,50923.54972537678,37733.62154452935
640,Other non-communicable diseases,409,2,Both,15,45681.359679369336,52943.71588101139,39765.438531718464
640,Other non-communicable diseases,409,2,Both,16,48063.06134000171,55093.173708451955,41973.06265627581
640,Other non-communicable diseases,409,2,Both,17,50162.04554918121,56980.322367055494,43989.040269639365
640,Other non-communicable diseases,409,2,Both,18,52121.55224776564,58672.08150244189,45984.79157167583
640,Other non-communicable diseases,409,2,Both,19,54228.51768425538,60429.520704958755,48209.928366789565
640,Other non-communicable diseases,409,2,Both,20,56268.11873619283,62152.26405105463,50414.284413225185
640,Other non-communicable diseases,409,2,Both,21,58025.53228112043,63739.93561717805,52347.69346922728
640,Other non-communicable diseases,409,2,Both,22,59285.93519658063,65092.15947977757,53759.98929304041
640,Other non-communicable diseases,409,2,Both,23,60148.051729471386,66340.01236872394,54746.59707476447
640,Other non-communicable diseases,409,2,Both,24,60870.60003183774,67585.15565007023,55584.8158990159
640,Other non-communicable diseases,409,2,Both,25,61478.747838942705,68683.09035453828,56297.29036581416
640,Other non-communicable diseases,409,2,Both,26,61997.66288604929,69489.31751285002,56906.66507517871
640,Other non-communicable diseases,409,2,Both,27,62452.51290842049,69859.33815572731,57435.58462712902
640,Other non-communicable diseases,409,2,Both,28,62826.41396035045,69938.06808978564,57870.54597781771
640,Other non-communicable diseases,409,2,Both,29,63122.14549865916,69981.99877044158,58219.88732488523
640,Other non-communicable diseases,409,2,Both,30,63394.3703623984,70013.99470161869,58539.015130582855
640,Other non-communicable diseases,409,2,Both,31,63697.75139061996,70056.92038724056,58883.3358571618
640,Other non-communicable diseases,409,2,Both,32,64086.95142237561,70133.64033123075,59308.255966873345
640,Other non-communicable diseases,409,2,Both,33,64650.00193728455,70449.68803615382,59868.17104551379
640,Other non-communicable diseases,409,2,Both,34,65380.421228009174,71091.2520874314,60544.102117467395
640,Other non-communicable diseases,409,2,Both,35,66191.10235316605,71902.17961327269,61281.3938028673
640,Other non-communicable diseases,409,2,Both,36,66994.93837137178,72726.31774188687,62025.39072184667
640,Other non-communicable diseases,409,2,Both,37,67704.82234124298,73407.51360148314,62721.43749453864
640,Other non-communicable diseases,409,2,Both,38,68386.18531484877,74016.96439822894,63420.44404167471
640,Other non-communicable diseases,409,2,Both,39,69101.05612485761,74663.78808007778,64159.31309273958
640,Other non-communicable diseases,409,2,Both,40,69757.22450078497,75248.71288791778,64862.37848099618
640,Other non-communicable diseases,409,2,Both,41,70262.4801721464,75672.46706263711,65453.97403970741
640,Other non-communicable diseases,409,2,Both,42,70524.61286845735,75835.77884512398,65858.4336021362
640,Other non-communicable diseases,409,2,Both,43,70626.54470615445,75821.74467051386,66137.42988018169
640,Other non-communicable diseases,409,2,Both,44,70710.77541937045,75782.32988490659,66389.60663831161
640,Other non-communicable diseases,409,2,Both,45,70774.4611641651,75721.56609563672,66594.75428864191
640,Other non-communicable diseases,409,2,Both,46,70814.75809659807,75643.48491003888,66732.66324328842
640,Other non-communicable diseases,409,2,Both,47,70828.82237272913,75552.11793544763,66783.12391436707
640,Other non-communicable diseases,409,2,Both,48,70660.00883366188,75322.61093502272,66553.68523270219
640,Other non-communicable diseases,409,2,Both,49,70251.79443469475,74914.30319094867,66003.21467031329
640,Other non-communicable diseases,409,2,Both,50,69751.51850317973,74457.51658909724,65338.48045110896
640,Other non-communicable diseases,409,2,Both,51,69306.52036646876,74082.57301534024,64766.250798997826
640,Other non-communicable diseases,409,2,Both,52,69064.13935191382,73919.79435554943,64493.2939378885
640,Other non-communicable diseases,409,2,Both,53,68977.79450232419,73907.79292010142,64443.44296381274
640,Other non-communicable diseases,409,2,Both,54,68904.88260514587,73898.34371208353,64403.235042320135
640,Other non-communicable diseases,409,2,Both,55,68848.70960468594,73891.51265643351,64373.49450159599
640,Other non-communicable diseases,409,2,Both,56,68812.58144525148,73887.36567808913,64355.04566982561
640,Other non-communicable diseases,409,2,Both,57,68799.80407114951,73885.96870198817,64348.7128751943
640,Other non-communicable diseases,409,2,Both,58,68930.22422048482,73943.32179238155,64538.13240594052
640,Other non-communicable diseases,409,2,Both,59,69269.02718210427,74097.72105204102,65025.290947024965
640,Other non-communicable diseases,409,2,Both,60,69737.52672642816,74322.67646368551,65688.53842171632
640,Other non-communicable diseases,409,2,Both,61,70257.03662387676,74591.69801003399,66406.22475328327
640,Other non-communicable diseases,409,2,Both,62,70748.87064487036,74878.29567380539,67056.6998649945
640,Other non-communicable diseases,409,2,Both,63,71233.46478737873,75243.32777141275,67663.09149108888
640,Other non-communicable diseases,409,2,Both,64,71767.95940182243,75732.57626166943,68307.45109832195
640,Other non-communicable diseases,409,2,Both,65,72328.72478729801,76296.93659089488,68956.51420873734
640,Other non-communicable diseases,409,2,Both,66,72892.13124290195,76887.30420540861,69577.0163443787
640,Other non-communicable diseases,409,2,Both,67,73434.54906773075,77454.57455153012,70135.6930272897
640,Other non-communicable diseases,409,2,Both,68,73995.33520484947,78093.98507789026,70652.66690750819
640,Other non-communicable diseases,409,2,Both,69,74590.36733022526,78838.74507809783,71155.6115991977
640,Other non-communicable diseases,409,2,Both,70,75160.79684230787,79546.70776593918,71622.58907059045
640,Other non-communicable diseases,409,2,Both,71,75647.77513954711,80075.72635520066,72031.66128991866
640,Other non-communicable diseases,409,2,Both,72,75992.45362039276,80283.65405966862,72360.89022541452
640,Other non-communicable diseases,409,2,Both,73,76226.5328604824,80234.53669606317,72622.49436178734
640,Other non-communicable diseases,409,2,Both,74,76423.76882184704,80117.41067515785,72848.58585005142
640,Other non-communicable diseases,409,2,Both,75,76588.39598252655,79977.61510181926,73047.06715789647
640,Other non-communicable diseases,409,2,Both,76,76724.64882056085,79860.48908091393,73225.84075301222
640,Other non-communicable diseases,409,2,Both,77,76836.76181398978,79811.37171730849,73392.8091030884
640,Other non-communicable diseases,409,2,Both,78,76939.3978016159,79841.15394204379,73568.11287993564
640,Other non-communicable diseases,409,2,Both,79,77037.4262490661,79915.37022223513,73749.40974711628
640,Other non-communicable diseases,409,2,Both,80,77120.39157461686,80011.32496686059,73910.87765994768
640,Other non-communicable diseases,409,2,Both,81,77177.83819654459,80106.3225848983,74026.69457374714
640,Other non-communicable diseases,409,2,Both,82,77199.31053312574,80177.66748532638,74071.038443832
640,Other non-communicable diseases,409,2,Both,83,77177.49118678225,80231.84662678707,74011.99947890817
640,Other non-communicable diseases,409,2,Both,84,77121.28788543718,80285.91051190248,73863.73549089074
640,Other non-communicable diseases,409,2,Both,85,77044.58273561847,80333.0088656207,73669.52583991081
640,Other non-communicable diseases,409,2,Both,86,76961.25784385418,80366.29141288972,73472.64988609949
640,Other non-communicable diseases,409,2,Both,87,76885.19531667228,80378.90787865763,73316.38698958783
640,Other non-communicable diseases,409,2,Both,88,76813.16253288466,80299.70693780742,73206.49731252536
640,Other non-communicable diseases,409,2,Both,89,76735.73318643885,80110.84315578,73112.21062118594
640,Other non-communicable diseases,409,2,Both,90,76657.49885656647,79885.42509336022,73022.0106818872
640,Other non-communicable diseases,409,2,Both,91,76583.0511224991,79696.56131133279,72924.3812609468
640,Other non-communicable diseases,409,2,Both,92,76516.98156346829,79617.3603704826,72807.80612468236
640,Other non-communicable diseases,409,2,Both,93,76458.15196555284,79619.53222717294,72666.24269296734
640,Other non-communicable diseases,409,2,Both,94,76402.68826598799,79634.13066685449,72503.05232626146
640,Other non-communicable diseases,409,2,Both,95,76351.07827073996,79673.2799939429,72320.82470176181
640,Other non-communicable diseases,409,2,Both,96,76303.809785775,79749.10451285391,72122.14949666552
640,Other non-communicable diseases,409,2,Both,97,76261.37061705932,79873.72852800321,71909.61638816968
640,Other non-communicable diseases,409,2,Both,98,76261.3706170593,79873.72852800321,71909.61638816968
640,Other non-communicable diseases,409,2,Both,99,76261.3706170593,79873.72852800321,71909.61638816968
640,Other non-communicable diseases,409,2,Both,100,76261.3706170593,79873.72852800321,71909.61638816968
640,Other non-communicable diseases,409,2,Female,0,46840.75698857367,52223.595731728936,41673.44310958915
640,Other non-communicable diseases,409,2,Female,1,46840.75698857367,52223.595731728936,41673.44310958915
640,Other non-communicable diseases,409,2,Female,2,46840.75698857367,52223.595731728936,41673.44310958915
640,Other non-communicable diseases,409,2,Female,3,49561.68374539389,55069.942249807864,44214.44119642979
640,Other non-communicable diseases,409,2,Female,4,51909.46912058085,57560.79591661825,46371.151222493194
640,Other non-communicable diseases,409,2,Female,5,53751.11857718087,59537.012644410665,48039.95167969302
640,Other non-communicable diseases,409,2,Female,6,54953.63757824025,60839.44834543569,49117.2210599429
640,Other non-communicable diseases,409,2,Female,7,55384.03158680531,61308.958931943904,49499.3378551565
640,Other non-communicable diseases,409,2,Female,8,55071.840688721866,61053.705539369046,49134.47133665835
640,Other non-communicable diseases,409,2,Female,9,54327.38547021522,60445.02437245977,48264.40502331661
640,Other non-communicable diseases,409,2,Female,10,53438.842144900824,59718.53394743902,47225.938778360345
640,Other non-communicable diseases,409,2,Female,11,52694.386926394174,59109.852780529734,46355.87246501861
640,Other non-communicable diseases,409,2,Female,12,52382.19602831073,58854.59938795488,45991.00594652046
640,Other non-communicable diseases,409,2,Female,13,53516.708144768985,60081.713035621106,47026.65063763782
640,Other non-communicable diseases,409,2,Female,14,56363.75921077699,63147.609007004394,49638.60965021676
640,Other non-communicable diseases,409,2,Female,15,60088.62130128466,67129.1198446816,53084.42039309757
640,Other non-communicable diseases,409,2,Female,16,63856.5664912419,71103.07809122959,56621.62027512055
640,Other non-communicable diseases,409,2,Female,17,66832.86685559858,74146.31628922526,59507.746705126
640,Other non-communicable diseases,409,2,Female,18,69125.92285166142,76416.26676457278,61818.64353404148
640,Other non-communicable diseases,409,2,Female,19,71331.96924905066,78592.97709592598,64068.977083618855
640,Other non-communicable diseases,409,2,Female,20,73348.0295911864,80537.20270498618,66174.51846893481
640,Other non-communicable diseases,409,2,Female,21,75071.1274214888,82109.69901345468,68051.03880506604
640,Other non-communicable diseases,409,2,Female,22,76398.28628337801,83171.22144303285,69614.30920708927
640,Other non-communicable diseases,409,2,Female,23,77395.27373286574,83826.26342721123,70915.87128307868
640,Other non-communicable diseases,409,2,Female,24,78228.7868006557,84321.00871524645,72073.90620630469
640,Other non-communicable diseases,409,2,Female,25,78947.2432422061,84728.74820248887,73104.1444396382
640,Other non-communicable diseases,409,2,Female,26,79599.0608129751,85122.7727842888,74022.31644595024
640,Other non-communicable diseases,409,2,Female,27,80232.65726842095,85576.37335599663,74844.15268811178
640,Other non-communicable diseases,409,2,Female,28,80821.85594532259,86084.43007881496,75546.36341891528
640,Other non-communicable diseases,409,2,Female,29,81341.5168047807,86598.71428591917,76140.18838750686
640,Other non-communicable diseases,409,2,Female,30,81841.61253873607,87127.85363061885,76693.15230128777
640,Other non-communicable diseases,409,2,Female,31,82372.11583912947,87680.47576622342,77272.7798676594
640,Other non-communicable diseases,409,2,Female,32,82982.99939790172,88265.20834604248,77946.59579402301
640,Other non-communicable diseases,409,2,Female,33,83761.73660597282,88930.2463696334,78827.60257407333
640,Other non-communicable diseases,409,2,Female,34,84687.81933014629,89673.51905711288,79882.93242155586
640,Other non-communicable diseases,409,2,Female,35,85649.24797618818,90428.25539262925,80961.3046239481
640,Other non-communicable diseases,409,2,Female,36,86534.02294986453,91127.6843603308,81911.43846872757
640,Other non-communicable diseases,409,2,Female,37,87230.14465694141,91705.03494436594,82582.05324337175
640,Other non-communicable diseases,409,2,Female,38,87811.1863939343,92221.64788017776,83058.12264502366
640,Other non-communicable diseases,409,2,Female,39,88380.4487465217,92739.09238295526,83498.59177930398
640,Other non-communicable diseases,409,2,Female,40,88870.52305421405,93190.9401564656,83863.13704640683
640,Other non-communicable diseases,409,2,Female,41,89214.00065652179,93510.7629044759,84111.43484652622
640,Other non-communicable diseases,409,2,Female,42,89343.47289295538,93632.1323307533,84203.16157985623
640,Other non-communicable diseases,409,2,Female,43,89205.74823692993,93511.92896922416,84128.86344441303
640,Other non-communicable diseases,409,2,Female,44,88832.6759532807,93182.64314701458,83921.90800066483
640,Other non-communicable diseases,409,2,Female,45,88284.40856864845,92691.26125769128,83606.20369248373
640,Other non-communicable diseases,409,2,Female,46,87621.09860967388,92084.76969482092,83205.65896374181
640,Other non-communicable diseases,409,2,Female,47,86902.89860299775,91410.15485197032,82744.18225831116
640,Other non-communicable diseases,409,2,Female,48,85860.52779810077,90297.67359460592,81841.38262277881
640,Other non-communicable diseases,409,2,Female,49,84363.87902273942,88589.71215910932,80333.02684331346
640,Other non-communicable diseases,409,2,Female,50,82681.86517096791,86651.45099541961,78567.25997315969
640,Other non-communicable diseases,409,2,Female,51,81083.39913684063,84848.07055347598,76892.22706556207
640,Other non-communicable diseases,409,2,Female,52,79837.3938144118,83544.75128321757,75656.07317376524
640,Other non-communicable diseases,409,2,Female,53,78819.96942549989,82604.46264441732,74736.4515894297
640,Other non-communicable diseases,409,2,Female,54,77811.23295211676,81709.41766836015,73846.0094588542
640,Other non-communicable diseases,409,2,Female,55,76936.07742860702,80953.66216225327,73085.38261724071
640,Other non-communicable diseases,409,2,Female,56,76319.39588931514,80431.24193330384,72555.20689979117
640,Other non-communicable diseases,409,2,Female,57,76086.08136858574,80236.2027887191,72356.11814170757
640,Other non-communicable diseases,409,2,Female,58,76135.07367419018,80248.20773300665,72443.75277563934
640,Other non-communicable diseases,409,2,Female,59,76265.2132106704,80282.23088515805,72673.37788001778
640,Other non-communicable diseases,409,2,Female,60,76451.24390752676,80335.28472410644,72995.07525871764
640,Other non-communicable diseases,409,2,Female,61,76667.90969425962,80404.381728785,73358.92671561365
640,Other non-communicable diseases,409,2,Female,62,76889.95450036941,80486.53437812683,73715.01405458055
640,Other non-communicable diseases,409,2,Female,63,77144.0868209849,80665.30140684084,74100.01763400089
640,Other non-communicable diseases,409,2,Female,64,77458.86957583568,80988.14804963711,74555.04103968405
640,Other non-communicable diseases,409,2,Female,65,77811.82833132328,81397.94653545055,75036.80091664498
640,Other non-communicable diseases,409,2,Female,66,78180.48865384917,81837.5690932161,75502.0139098986
640,Other non-communicable diseases,409,2,Female,67,78542.37610981488,82249.88795186867,75907.39666445993
640,Other non-communicable diseases,409,2,Female,68,78947.86899555789,82706.58789292497,76287.81846612229
640,Other non-communicable diseases,409,2,Female,69,79412.49393180087,83246.64628526445,76676.7840686574
640,Other non-communicable diseases,409,2,Female,70,79861.49897152305,83763.87423886616,77028.9633190477
640,Other non-communicable diseases,409,2,Female,71,80220.1321677037,84152.0828637092,77299.02606427556
640,Other non-communicable diseases,409,2,Female,72,80413.64157332206,84305.08326977264,77441.64215132341
640,Other non-communicable diseases,409,2,Female,73,80493.97347347438,84211.8026682292,77500.97004816108
640,Other non-communicable diseases,409,2,Female,74,80561.12126155474,83985.90187128664,77550.20465672035
640,Other non-communicable diseases,409,2,Female,75,80612.40365298933,83708.29239047671,77587.57047492656
640,Other non-communicable diseases,409,2,Female,76,80645.13936320423,83459.88573733109,77611.29200070506
640,Other non-communicable diseases,409,2,Female,77,80656.64710762563,83321.5934233815,77619.59373198113
640,Other non-communicable diseases,409,2,Female,78,80633.9241277957,83277.1812017759,77583.56062119578
640,Other non-communicable diseases,409,2,Female,79,80573.4080947771,83249.30884921673,77488.4202197361
640,Other non-communicable diseases,409,2,Female,80,80486.57836827658,83227.22891256747,77353.61092394672
640,Other non-communicable diseases,409,2,Female,81,80384.91430800087,83200.19393869163,77198.57113017215
640,Other non-communicable diseases,409,2,Female,82,80279.89527365672,83157.4564744527,77042.73923475701
640,Other non-communicable diseases,409,2,Female,83,80157.60090406414,83067.64456212094,76870.44682970285
640,Other non-communicable diseases,409,2,Female,84,80004.04483320005,82922.05502686874,76662.89836387525
640,Other non-communicable diseases,409,2,Female,85,79830.6074135066,82743.94358991261,76434.84151891484
640,Other non-communicable diseases,409,2,Female,86,79648.66899742598,82556.56597246914,76201.02397646228
640,Other non-communicable diseases,409,2,Female,87,79469.60993740034,82383.1778957549,75976.19341815823
640,Other non-communicable diseases,409,2,Female,88,79287.96426211954,82213.15532926208,75762.71546790829
640,Other non-communicable diseases,409,2,Female,89,79095.77642849142,82030.95651247234,75550.74988976592
640,Other non-communicable diseases,409,2,Female,90,78900.69243128493,81852.46057158636,75336.73557559366
640,Other non-communicable diseases,409,2,Female,91,78710.35826526918,81693.54663280488,75117.11141725397
640,Other non-communicable diseases,409,2,Female,92,78532.41992521315,81570.09382232862,74888.31630660928
640,Other non-communicable diseases,409,2,Female,93,78365.97098213201,81472.46848913954,74649.54413669424
640,Other non-communicable diseases,409,2,Female,94,78205.26665690485,81383.20336980525,74402.59318891093
640,Other non-communicable diseases,409,2,Female,95,78050.69541909664,81306.42717190491,74147.80893767312
640,Other non-communicable diseases,409,2,Female,96,77902.64573827224,81246.26860301768,73885.53685739453
640,Other non-communicable diseases,409,2,Female,97,77761.50608399665,81206.85637072269,73616.1224224889
640,Other non-communicable diseases,409,2,Female,98,77761.50608399665,81206.85637072269,73616.1224224889
640,Other non-communicable diseases,409,2,Female,99,77761.50608399665,81206.85637072269,73616.1224224889
640,Other non-communicable diseases,409,2,Female,100,77761.50608399665,81206.85637072269,73616.1224224889
640,Other non-communicable diseases,409,2,Male,0,36786.4418609492,43609.21629667475,30156.63491128728
640,Other non-communicable diseases,409,2,Male,1,36786.4418609492,43609.21629667475,30156.63491128728
640,Other non-communicable diseases,409,2,Male,2,36786.4418609492,43609.21629667475,30156.63491128728
640,Other non-communicable diseases,409,2,Male,3,40297.85490019843,47204.32933180599,33454.78721892298
640,Other non-communicable diseases,409,2,Male,4,42764.101759872974,49804.58044887965,35795.47254756973
640,Other non-communicable diseases,409,2,Male,5,44337.33155939881,51522.53546867802,37307.684399076206
640,Other non-communicable diseases,409,2,Male,6,45169.693418201925,52470.76021198337,38120.41627529106
640,Other non-communicable diseases,409,2,Male,7,45413.3364557083,52761.820499577974,38362.661678062985
640,Other non-communicable diseases,409,2,Male,8,43856.82656700742,51322.16443908616,36950.26305297409
640,Other non-communicable diseases,409,2,Male,9,40145.14914010531,47889.1384486826,33582.23556237751
640,Other non-communicable diseases,409,2,Male,10,35715.08253380281,43791.65581497513,29562.33178327836
640,Other non-communicable diseases,409,2,Male,11,32003.405106900704,40358.62982457157,26194.304292681772
640,Other non-communicable diseases,409,2,Male,12,30446.89521819982,38918.973764079754,24781.90566759288
640,Other non-communicable diseases,409,2,Male,13,30676.10780005764,39072.316304126776,24982.00285708315
640,Other non-communicable diseases,409,2,Male,14,31287.773145098785,39488.89583834131,25518.63596835772
640,Other non-communicable diseases,409,2,Male,15,32167.932652524825,40103.54023783352,26296.317315622226
640,Other non-communicable diseases,409,2,Male,16,33202.62772153731,40851.077373713575,27219.559213082302
640,Other non-communicable diseases,409,2,Male,17,34277.89975133781,41666.33511709165,28192.8739749436
640,Other non-communicable diseases,409,2,Male,18,35720.50187403141,42859.32897757651,29560.982751237356
640,Other non-communicable diseases,409,2,Male,19,37677.92590261597,44587.2840062629,31468.82032335617
640,Other non-communicable diseases,409,2,Male,20,39767.32125763218,46555.84238649001,33521.219452547695
640,Other non-communicable diseases,409,2,Male,21,41605.837359620746,48470.646301597,35323.012900059606
640,Other non-communicable diseases,409,2,Male,22,42810.623629122354,50037.337934923045,36479.03342713956
640,Other non-communicable diseases,409,2,Male,23,43529.42262940381,51414.53748872058,37140.66501950958
640,Other non-communicable diseases,409,2,Male,24,44152.47648101721,52826.55912161872,37711.20311142875
640,Other non-communicable diseases,409,2,Male,25,44660.68394043122,54077.585951521694,38173.34763695033
640,Other non-communicable diseases,409,2,Male,26,45034.94376411447,54971.80109633372,38509.79853012758
640,Other non-communicable diseases,409,2,Male,27,45256.154708535614,55313.38767395901,38703.25572501374
640,Other non-communicable diseases,409,2,Male,28,45363.82043652981,55238.54397493086,38793.03416834115
640,Other non-communicable diseases,409,2,Male,29,45429.27846703905,55060.07053878681,38846.52348127675
640,Other non-communicable diseases,409,2,Male,30,45481.17834069232,54847.05385693745,38888.53560952575
640,Other non-communicable diseases,409,2,Male,31,45548.16959811858,54668.58042079339,38943.88249879335
640,Other non-communicable diseases,409,2,Male,32,45658.9017799468,54593.73672176524,39037.37609478474
640,Other non-communicable diseases,409,2,Male,33,45963.32585618357,54777.16813448857,39336.85434343736
640,Other non-communicable diseases,409,2,Male,34,46522.46187162976,55244.179100220375,39916.87151414082
640,Other non-communicable diseases,409,2,Male,35,47231.56297910576,55869.8447103034,40662.3140377786
640,Other non-communicable diseases,409,2,Male,36,47985.88233143195,56529.240056080365,41458.06834523413
640,Other non-communicable diseases,409,2,Male,37,48680.67308142872,57097.440228894,42189.02086739091
640,Other non-communicable diseases,409,2,Male,38,49329.092603756704,57571.86484098859,42858.50411106897
640,Other non-communicable diseases,409,2,Male,39,50001.43075668844,58036.09781662873,43543.85405741735
640,Other non-communicable diseases,409,2,Male,40,50678.6394184621,58494.4607151876,44240.96234881303
640,Other non-communicable diseases,409,2,Male,41,51341.670467315926,58951.2750960384,44945.72062763296
640,Other non-communicable diseases,409,2,Male,42,51971.47578148811,59410.86251855432,45654.020536254095
640,Other non-communicable diseases,409,2,Male,43,52552.98849862075,59869.592137932574,46378.70413716873
640,Other non-communicable diseases,409,2,Male,44,53100.392110213485,60324.58297757536,47122.65593268373
640,Other non-communicable diseases,409,2,Male,45,53638.51402529086,60781.281399163345,47866.83122489792
640,Other non-communicable diseases,409,2,Male,46,54192.18165287738,61245.13376437719,48592.18531591012
640,Other non-communicable diseases,409,2,Male,47,54786.222401997584,61721.58643489756,49279.67350781917
640,Other non-communicable diseases,409,2,Male,48,55441.795094698165,62203.04003095723,49911.66906731069
640,Other non-communicable diseases,409,2,Male,49,56145.16630948043,62686.321037291265,50502.878157768624
640,Other non-communicable diseases,409,2,Male,50,56868.82509005077,63183.51461233383,51082.75542633923
640,Other non-communicable diseases,409,2,Male,51,57585.260480115605,63706.705914519014,51680.75552016878
640,Other non-communicable diseases,409,2,Male,52,58266.96152338133,64267.980102280984,52326.33308640353
640,Other non-communicable diseases,409,2,Male,53,58911.4945754001,64939.65924897743,53041.00226251307
640,Other non-communicable diseases,409,2,Male,54,59538.111757899525,65718.87739042615,53808.74446557117
640,Other non-communicable diseases,409,2,Male,55,60151.83076384923,66504.93762875139,54602.7152621304
640,Other non-communicable diseases,409,2,Male,56,60757.66928621885,67197.14306607742,55396.0702187433
640,Other non-communicable diseases,409,2,Male,57,61360.645017977986,67694.7968045285,56161.964901962434
640,Other non-communicable diseases,409,2,Male,58,61949.92337639773,68003.22544617872,56891.03270446408
640,Other non-communicable diseases,409,2,Male,59,62522.311136129785,68229.99190689706,57601.45899738096
640,Other non-communicable diseases,409,2,Male,60,63094.28802621468,68427.75375949993,58307.72731495036
640,Other non-communicable diseases,409,2,Male,61,63682.333775692954,68649.1685768038,59024.32119140951
640,Other non-communicable diseases,409,2,Male,62,64302.92811360515,68946.89393162513,59765.72416099567
640,Other non-communicable diseases,409,2,Male,63,64976.64837941821,69376.0964136458,60565.08239933826
640,Other non-communicable diseases,409,2,Male,64,65694.68245374362,69930.46721977061,61413.58088280834
640,Other non-communicable diseases,409,2,Male,65,66429.42587733874,70570.45083365032,62262.76134675565
640,Other non-communicable diseases,409,2,Male,66,67153.27419096093,71256.4917389357,63064.16552652988
640,Other non-communicable diseases,409,2,Male,67,67838.62293536756,71949.03441927754,63769.33515748079
640,Other non-communicable diseases,409,2,Male,68,68518.51218216121,72797.14678423999,64381.53743136492
640,Other non-communicable diseases,409,2,Male,69,69212.67802936357,73832.41182067592,64943.71484762341
640,Other non-communicable diseases,409,2,Male,70,69873.56005736062,74839.04662816919,65466.92210313282
640,Other non-communicable diseases,409,2,Male,71,70453.59784653841,75601.26830630365,65962.21389476975
640,Other non-communicable diseases,409,2,Male,72,70905.23097728292,75903.29395466318,66440.64491941077
640,Other non-communicable diseases,409,2,Male,73,71247.95248294069,75863.54579537522,66925.08516823858
640,Other non-communicable diseases,409,2,Male,74,71540.80769295401,75768.76172322698,67410.6324055797
640,Other non-communicable diseases,409,2,Male,75,71795.56463185248,75655.63234679199,67866.68298802643
640,Other non-communicable diseases,409,2,Male,76,72023.99132416576,75560.84827464375,68262.63327217106
640,Other non-communicable diseases,409,2,Male,77,72237.8557944234,75521.10011535579,68567.87961460595
640,Other non-communicable diseases,409,2,Male,78,72463.03140382105,75611.85974377445,68819.56638924693
640,Other non-communicable diseases,409,2,Male,79,72695.56451541754,75832.03706307715,69058.647824646
640,Other non-communicable diseases,409,2,Male,80,72902.4826565372,76103.47972433407,69260.2350593497
640,Other non-communicable diseases,409,2,Male,81,73050.81335450445,76348.03537861533,69399.43923190447
640,Other non-communicable diseases,409,2,Male,82,73107.58413664368,76487.55167699106,69451.37148085685
640,Other non-communicable diseases,409,2,Male,83,73097.05425848607,76545.36865414883,69410.53379278543
640,Other non-communicable diseases,409,2,Male,84,73069.1945508365,76595.10285014109,69306.77038372408
640,Other non-communicable diseases,409,2,Male,85,73029.59990392996,76634.01667408536,69168.20573640219
640,Other non-communicable diseases,409,2,Male,86,72983.86520800136,76659.37253509909,69022.9643335491
640,Other non-communicable diseases,409,2,Male,87,72937.58535328566,76668.43284229978,68899.1706578942
640,Other non-communicable diseases,409,2,Male,88,72886.0289784093,76650.94675127503,68804.89611372708
640,Other non-communicable diseases,409,2,Male,89,72823.5061870545,76609.24914960064,68721.23574505972
640,Other non-communicable diseases,409,2,Male,90,72754.17406703971,76559.48104437639,68635.84949420483
640,Other non-communicable diseases,409,2,Male,91,72682.18970618349,76517.78344270198,68536.39730347524
640,Other non-communicable diseases,409,2,Male,92,72611.71019230434,76500.29735167725,68410.53911518371
640,Other non-communicable diseases,409,2,Male,93,72542.64498199977,76500.39963089177,68236.14895581061
640,Other non-communicable diseases,409,2,Male,94,72472.15800953186,76501.1155853934,68005.64926368104
640,Other non-communicable diseases,409,2,Male,95,72400.28807921594,76503.05889046927,67728.52259887483
640,Other non-communicable diseases,409,2,Male,96,72327.07399536739,76506.8432214065,67414.25152147179
640,Other non-communicable diseases,409,2,Male,97,72252.55456230156,76513.08225349218,67072.31859155181
640,Other non-communicable diseases,409,2,Male,98,72252.55456230156,76513.08225349218,67072.31859155181
640,Other non-communicable diseases,409,2,Male,99,72252.55456230156,76513.08225349218,67072.31859155181
640,Other non-communicable diseases,409,2,Male,100,72252.55456230156,76513.08225349218,67072.31859155181
653,Skin and subcutaneous diseases,409,2,Both,0,11025.914130120547,11874.50119155291,10287.75477043834
653,Skin and subcutaneous diseases,409,2,Both,1,11025.914130120547,11874.50119155291,10287.75477043834
653,Skin and subcutaneous diseases,409,2,Both,2,11025.914130120547,11874.50119155291,10287.75477043834
653,Skin and subcutaneous diseases,409,2,Both,3,10973.296351030089,11958.130072559756,9927.02621862742
653,Skin and subcutaneous diseases,409,2,Both,4,10941.380648958828,12102.630127820064,9706.037671162332
653,Skin and subcutaneous diseases,409,2,Both,5,10924.991504651962,12294.838771555136,9590.56340875644
653,Skin and subcutaneous diseases,409,2,Both,6,10918.953398854695,12521.593417986258,9546.377712123103
653,Skin and subcutaneous diseases,409,2,Both,7,10918.09081231223,12769.731481334731,9539.25486197569
653,Skin and subcutaneous diseases,409,2,Both,8,11084.766121618486,13121.340862306404,9706.353617364835
653,Skin and subcutaneous diseases,409,2,Both,9,11503.276597699089,13607.134261051591,10127.53398995936
653,Skin and subcutaneous diseases,409,2,Both,10,12051.349062796791,14136.886290958277,10682.6221393999
653,Skin and subcutaneous diseases,409,2,Both,11,12606.710339154344,14620.37156541445,11251.444225327084
653,Skin and subcutaneous diseases,409,2,Both,12,13047.0872490145,14967.364697808089,11713.82640738155
653,Skin and subcutaneous diseases,409,2,Both,13,13414.736442712168,15216.674331346543,12116.761527082415
653,Skin and subcutaneous diseases,409,2,Both,14,13796.67008822071,15451.564047411786,12543.825233551011
653,Skin and subcutaneous diseases,409,2,Both,15,14137.748284240562,15648.490866653729,12929.7178978313
653,Skin and subcutaneous diseases,409,2,Both,16,14382.831129472155,15783.911809722284,13209.139890967235
653,Skin and subcutaneous diseases,409,2,Both,17,14476.778722615922,15834.283897267378,13316.79158400278
653,Skin and subcutaneous diseases,409,2,Both,18,14055.273774175965,15374.280251570246,12938.334320989305
653,Skin and subcutaneous diseases,409,2,Both,19,13032.84165665356,14259.367391830205,12018.745357393354
653,Skin and subcutaneous diseases,409,2,Both,20,11772.60646174492,12887.192434074292,10881.698931381668
653,Skin and subcutaneous diseases,409,2,Both,21,10637.692281146246,11655.402494329544,9850.869281120962
653,Skin and subcutaneous diseases,409,2,Both,22,9991.22320655375,10961.644688623,9249.93064477797
653,Skin and subcutaneous diseases,409,2,Both,23,9724.549921594533,10685.273705859876,8984.728888603595
653,Skin and subcutaneous diseases,409,2,Both,24,9495.302623967513,10448.790805441744,8754.502567975742
653,Skin and subcutaneous diseases,409,2,Both,25,9316.024676476653,10264.56295914018,8573.014954751648
653,Skin and subcutaneous diseases,409,2,Both,26,9199.259441925904,10144.957138726752,8454.029320788552
653,Skin and subcutaneous diseases,409,2,Both,27,9157.55028311922,10102.34031597304,8411.30893794369
653,Skin and subcutaneous diseases,409,2,Both,28,9167.728493229171,10126.577496753573,8422.792731839396
653,Skin and subcutaneous diseases,409,2,Both,29,9194.31154771504,10187.26775569541,8452.15985484949
653,Skin and subcutaneous diseases,409,2,Both,30,9231.372082810847,10266.379167698906,8491.783918958437
653,Skin and subcutaneous diseases,409,2,Both,31,9272.982734750616,10345.879807664418,8534.038536150703
653,Skin and subcutaneous diseases,409,2,Both,32,9313.21613976837,10407.7377504923,8571.29731841075
653,Skin and subcutaneous diseases,409,2,Both,33,9354.369222688772,10450.023972395347,8602.165611359997
653,Skin and subcutaneous diseases,409,2,Both,34,9401.06439748825,10485.811234934565,8631.728288810069
653,Skin and subcutaneous diseases,409,2,Both,35,9450.86253412848,10519.570291032607,8662.078255030758
653,Skin and subcutaneous diseases,409,2,Both,36,9501.324502571137,10555.771893612156,8695.308414291843
653,Skin and subcutaneous diseases,409,2,Both,37,9550.011172777891,10598.88679559587,8733.51167086312
653,Skin and subcutaneous diseases,409,2,Both,38,9596.41910096228,10653.761440695307,8781.881444586115
653,Skin and subcutaneous diseases,409,2,Both,39,9642.175539914111,10718.776954222783,8840.384357148416
653,Skin and subcutaneous diseases,409,2,Both,40,9688.037404459494,10788.7061115021,8903.273115588894
653,Skin and subcutaneous diseases,409,2,Both,41,9734.76160942452,10858.321687857058,8964.800426946424
653,Skin and subcutaneous diseases,409,2,Both,42,9783.105069635289,10922.39645861146,9019.21899825987
653,Skin and subcutaneous diseases,409,2,Both,43,9830.004078601203,10976.436142792598,9062.673684596804
653,Skin and subcutaneous diseases,409,2,Both,44,9875.024889596283,11024.076866131676,9099.40698106938
653,Skin and subcutaneous diseases,409,2,Both,45,9922.869357093528,11072.28701400836,9135.818054783362
653,Skin and subcutaneous diseases,409,2,Both,46,9978.239335565942,11128.034971802312,9178.306072844513
653,Skin and subcutaneous diseases,409,2,Both,47,10045.83667948653,11198.2891248932,9233.27020235859
653,Skin and subcutaneous diseases,409,2,Both,48,10136.38490073027,11294.758616506017,9314.144228618796
653,Skin and subcutaneous diseases,409,2,Both,49,10253.682247575118,11420.760599702442,9424.22355837162
653,Skin and subcutaneous diseases,409,2,Both,50,10392.04267909855,11570.67547461718,9554.699790902754
653,Skin and subcutaneous diseases,409,2,Both,51,10545.78015437804,11738.88364138493,9696.764525497898
653,Skin and subcutaneous diseases,409,2,Both,52,10709.20863249106,11919.765500140393,9841.60936144274
653,Skin and subcutaneous diseases,409,2,Both,53,10892.81954850092,12130.53386500948,9989.771082129517
653,Skin and subcutaneous diseases,409,2,Both,54,11104.994782451093,12381.463764398322,10148.99285115554
653,Skin and subcutaneous diseases,409,2,Both,55,11336.88396088929,12656.528919861945,10321.27583811414
653,Skin and subcutaneous diseases,409,2,Both,56,11579.636710363238,12939.703052955374,10508.621212598631
653,Skin and subcutaneous diseases,409,2,Both,57,11824.402657420653,13214.95988523364,10713.03014420233
653,Skin and subcutaneous diseases,409,2,Both,58,12063.892707407513,13470.317374889377,10938.2063916063
653,Skin and subcutaneous diseases,409,2,Both,59,12304.77735575847,13716.535619826696,11187.398948013906
653,Skin and subcutaneous diseases,409,2,Both,60,12559.145614154248,13971.701551167833,11461.92683480194
653,Skin and subcutaneous diseases,409,2,Both,61,12839.086494275569,14253.90210003504,11763.10907334718
653,Skin and subcutaneous diseases,409,2,Both,62,13156.68900780316,14581.22419755055,12092.26468502642
653,Skin and subcutaneous diseases,409,2,Both,63,13537.490090265588,14983.961272036888,12468.535937444274
653,Skin and subcutaneous diseases,409,2,Both,64,13984.81372997011,15464.394776695151,12899.861892931523
653,Skin and subcutaneous diseases,409,2,Both,65,14477.429517765466,15998.59367996544,13370.756764954183
653,Skin and subcutaneous diseases,409,2,Both,66,14994.107044500404,16562.626950287857,13865.734766978278
653,Skin and subcutaneous diseases,409,2,Both,67,15513.61590102367,17132.5635561025,14369.31011246982
653,Skin and subcutaneous diseases,409,2,Both,68,16061.565570115876,17747.288614798334,14911.691287332504
653,Skin and subcutaneous diseases,409,2,Both,69,16653.791125303134,18425.37751684969,15505.395279108909
653,Skin and subcutaneous diseases,409,2,Both,70,17254.400543552452,19112.434640324736,16108.399053723368
653,Skin and subcutaneous diseases,409,2,Both,71,17827.50180183081,19754.06436329164,16678.67957710022
653,Skin and subcutaneous diseases,409,2,Both,72,18337.202877105217,20295.871063818573,17174.213815163817
653,Skin and subcutaneous diseases,409,2,Both,73,18787.561834630404,20743.01326146649,17600.16849322202
653,Skin and subcutaneous diseases,409,2,Both,74,19208.378174356643,21144.513632656104,17992.613532720457
653,Skin and subcutaneous diseases,409,2,Both,75,19602.37202529424,21511.77279074521,18355.880693790074
653,Skin and subcutaneous diseases,409,2,Both,76,19972.263516453513,21856.1913490916,18694.301736561833
653,Skin and subcutaneous diseases,409,2,Both,77,20320.77277684476,22189.16992105307,19012.20842116668
653,Skin and subcutaneous diseases,409,2,Both,78,20633.33101488746,22500.9867104134,19292.787127155236
653,Skin and subcutaneous diseases,409,2,Both,79,20911.082995261753,22786.167569274166,19536.36321090971
653,Skin and subcutaneous diseases,409,2,Both,80,21180.319181368937,23062.484583469864,19772.976897808458
653,Skin and subcutaneous diseases,409,2,Both,81,21467.33003661031,23347.709838834984,20032.668413229832
653,Skin and subcutaneous diseases,409,2,Both,82,21798.40602438717,23659.615421204013,20345.47798255219
653,Skin and subcutaneous diseases,409,2,Both,83,22185.562345223803,23992.11126118476,20742.29574033828
653,Skin and subcutaneous diseases,409,2,Both,84,22618.95452101257,24335.489272513933,21217.97899477552
653,Skin and subcutaneous diseases,409,2,Both,85,23092.083497206862,24702.094515719367,21748.518731679236
653,Skin and subcutaneous diseases,409,2,Both,86,23598.450219260067,25104.272051328902,22309.905936864772
653,Skin and subcutaneous diseases,409,2,Both,87,24131.55563262558,25554.36693987036,22878.13159614747
653,Skin and subcutaneous diseases,409,2,Both,88,24704.96005036081,26076.85943136967,23464.150707561843
653,Skin and subcutaneous diseases,409,2,Both,89,25329.20152311614,26677.59619688404,24086.872300131396
653,Skin and subcutaneous diseases,409,2,Both,90,25993.24760273445,27340.97192848825,24734.218406154905
653,Skin and subcutaneous diseases,409,2,Both,91,26686.065841058586,28051.381318257067,25394.111057931183
653,Skin and subcutaneous diseases,409,2,Both,92,27396.62378993143,28793.219058265266,26054.472287759017
653,Skin and subcutaneous diseases,409,2,Both,93,28128.655458790152,29577.76051501144,26715.715961036018
653,Skin and subcutaneous diseases,409,2,Both,94,28892.18296267083,30423.463060325685,27386.1896743708
653,Skin and subcutaneous diseases,409,2,Both,95,29685.60601181467,31325.494394280027,28065.71605687869
653,Skin and subcutaneous diseases,409,2,Both,96,30507.324316462884,32279.02221694651,28754.117737674984
653,Skin and subcutaneous diseases,409,2,Both,97,31355.73758685668,33279.214228397155,29451.217345874993
653,Skin and subcutaneous diseases,409,2,Both,98,31355.73758685668,33279.214228397155,29451.217345874993
653,Skin and subcutaneous diseases,409,2,Both,99,31355.73758685668,33279.214228397155,29451.217345874993
653,Skin and subcutaneous diseases,409,2,Both,100,31355.73758685668,33279.214228397155,29451.217345874993
653,Skin and subcutaneous diseases,409,2,Female,0,10665.85109619074,11471.79850264246,9952.560055491387
653,Skin and subcutaneous diseases,409,2,Female,1,10665.85109619074,11471.79850264246,9952.560055491387
653,Skin and subcutaneous diseases,409,2,Female,2,10665.85109619074,11471.79850264246,9952.560055491387
653,Skin and subcutaneous diseases,409,2,Female,3,10682.13882637766,11604.483715834278,9811.552469895798
653,Skin and subcutaneous diseases,409,2,Female,4,10728.792144105932,11827.660100256917,9726.023278632898
653,Skin and subcutaneous diseases,409,2,Female,5,10802.49624012682,12122.056262739605,9682.102883119516
653,Skin and subcutaneous diseases,409,2,Female,6,10899.93630519158,12468.400810111572,9665.921684772484
653,Skin and subcutaneous diseases,409,2,Female,7,11017.79753005148,12847.42234920205,9663.61008500862
653,Skin and subcutaneous diseases,409,2,Female,8,11357.061377826029,13378.888540071952,9919.56759101672
653,Skin and subcutaneous diseases,409,2,Female,9,12012.642356702756,14107.765966786406,10561.499439296378
653,Skin and subcutaneous diseases,409,2,Female,10,12822.125225034964,14902.581622180967,11400.494625230624
653,Skin and subcutaneous diseases,409,2,Female,11,13623.094741175952,15631.86249909119,12247.642144202497
653,Skin and subcutaneous diseases,409,2,Female,12,14253.13566347902,16164.13559035263,12914.030991595022
653,Skin and subcutaneous diseases,409,2,Female,13,14772.342591342182,16557.290634733414,13462.708003555605
653,Skin and subcutaneous diseases,409,2,Female,14,15301.202313459316,16930.893939098936,14029.158068805144
653,Skin and subcutaneous diseases,409,2,Female,15,15767.887872127518,17245.987348430626,14533.127261586937
653,Skin and subcutaneous diseases,409,2,Female,16,16100.5723096439,17463.612707709923,14894.36165614426
653,Skin and subcutaneous diseases,409,2,Female,17,16227.42866830556,17544.81186191826,15032.60732672042
653,Skin and subcutaneous diseases,409,2,Female,18,15895.55757848577,17192.159992188168,14735.991690141967
653,Skin and subcutaneous diseases,409,2,Female,19,15084.556690832838,16331.4764870623,14008.725862357129
653,Skin and subcutaneous diseases,409,2,Female,20,14071.344578056429,15258.66950263725,13094.681466291671
653,Skin and subcutaneous diseases,409,2,Female,21,13132.83981286619,14269.647195009627,12237.730124871374
653,Skin and subcutaneous diseases,409,2,Female,22,12545.960967971789,13660.31772027603,11681.74346102201
653,Skin and subcutaneous diseases,409,2,Female,23,12236.181259812993,13349.847223519497,11363.055143568668
653,Skin and subcutaneous diseases,409,2,Female,24,11958.451359146118,13073.488632606408,11071.969089708116
653,Skin and subcutaneous diseases,409,2,Female,25,11733.906020155651,12851.280277808384,10833.312294923646
653,Skin and subcutaneous diseases,409,2,Female,26,11583.679997026087,12703.260489397047,10671.91175469855
653,Skin and subcutaneous diseases,409,2,Female,27,11528.9080439419,12649.46759764402,10612.59446451612
653,Skin and subcutaneous diseases,409,2,Female,28,11537.604840065984,12661.538105222138,10627.543823710635
653,Skin and subcutaneous diseases,409,2,Female,29,11560.615811114012,12693.163981248035,10665.189354382648
653,Skin and subcutaneous diseases,409,2,Female,30,11593.321831099658,12737.466755659025,10714.727236164874
653,Skin and subcutaneous diseases,409,2,Female,31,11631.103774036592,12787.567958392408,10765.35364869001
653,Skin and subcutaneous diseases,409,2,Female,32,11669.34251393848,12836.5891193855,10806.264771590771
653,Skin and subcutaneous diseases,409,2,Female,33,11716.300141045747,12889.52437130935,10836.169919344204
653,Skin and subcutaneous diseases,409,2,Female,34,11776.680381463451,12952.031337583585,10862.622285710437
653,Skin and subcutaneous diseases,409,2,Female,35,11840.526563002208,13018.226784268403,10888.08386924678
653,Skin and subcutaneous diseases,409,2,Female,36,11897.882013472636,13082.22747742398,10915.01666851056
653,Skin and subcutaneous diseases,409,2,Female,37,11938.79006068536,13138.15018311052,10945.88268205909
653,Skin and subcutaneous diseases,409,2,Female,38,11966.56340019334,13188.21735717558,10989.438324954805
653,Skin and subcutaneous diseases,409,2,Female,39,11990.907799245357,13236.96185211027,11044.633950838315
653,Skin and subcutaneous diseases,409,2,Female,40,12011.456193195749,13281.966028940067,11099.222466134202
653,Skin and subcutaneous diseases,409,2,Female,41,12027.84151739886,13320.812248690469,11140.956777267043
653,Skin and subcutaneous diseases,409,2,Female,42,12039.69670720904,13351.082872386947,11157.58979066142
653,Skin and subcutaneous diseases,409,2,Female,43,12047.110601895116,13371.523572028387,11150.3086318756
653,Skin and subcutaneous diseases,409,2,Female,44,12051.813987375408,13385.766863201194,11132.945868617107
653,Skin and subcutaneous diseases,409,2,Female,45,12055.902718978488,13398.72537231213,11112.22257053439
653,Skin and subcutaneous diseases,409,2,Female,46,12061.472652032926,13415.311725767977,11094.8598072759
653,Skin and subcutaneous diseases,409,2,Female,47,12070.61964186729,13440.4385499755,11087.57864849008
653,Skin and subcutaneous diseases,409,2,Female,48,12109.18189615382,13497.715274595568,11117.985736853849
653,Skin and subcutaneous diseases,409,2,Female,49,12191.923315144855,13598.589756225016,11196.741206451145
653,Skin and subcutaneous diseases,409,2,Female,50,12304.328293039143,13729.732261674584,11305.146364040933
653,Skin and subcutaneous diseases,409,2,Female,51,12431.88122403541,13877.813057755002,11424.502516382194
653,Skin and subcutaneous diseases,409,2,Female,52,12560.066502332387,14029.50241127701,11536.1109702339
653,Skin and subcutaneous diseases,409,2,Female,53,12698.963875916175,14199.102734307691,11638.697474288892
653,Skin and subcutaneous diseases,409,2,Female,54,12861.934908024232,14400.008915809123,11745.442112651306
653,Skin and subcutaneous diseases,409,2,Female,55,13039.38671573232,14617.529937934529,11859.327695197053
653,Skin and subcutaneous diseases,409,2,Female,56,13221.72641611621,14836.97478283712,11983.33703180204
653,Skin and subcutaneous diseases,409,2,Female,57,13399.361126251668,15043.65243267013,12120.45293234218
653,Skin and subcutaneous diseases,409,2,Female,58,13562.520013597556,15225.753579131524,12272.199700529613
653,Skin and subcutaneous diseases,409,2,Female,59,13717.641982812273,15393.177338438054,12440.058141725936
653,Skin and subcutaneous diseases,409,2,Female,60,13879.448756770844,15563.795329521105,12626.945818281249
653,Skin and subcutaneous diseases,409,2,Female,61,14062.662058348324,15755.47917131205,12835.780292545644
653,Skin and subcutaneous diseases,409,2,Female,62,14282.00361041975,15986.10048274228,13069.47912686922
653,Skin and subcutaneous diseases,409,2,Female,63,14574.270432989337,16287.751072441171,13350.198858760594
653,Skin and subcutaneous diseases,409,2,Female,64,14945.279002597888,16663.612734893,13685.905156793133
653,Skin and subcutaneous diseases,409,2,Female,65,15363.280226925335,17088.192067811495,14058.229279914063
653,Skin and subcutaneous diseases,409,2,Female,66,15796.52501365162,17535.9956689104,14448.802487070629
653,Skin and subcutaneous diseases,409,2,Female,67,16213.26427045666,17981.53013590345,14839.256037210049
653,Skin and subcutaneous diseases,409,2,Female,68,16637.16159382578,18470.114227096452,15259.59787707878
653,Skin and subcutaneous diseases,409,2,Female,69,17089.528003317388,19020.240141751783,15723.209695089205
653,Skin and subcutaneous diseases,409,2,Female,70,17535.085541221102,19566.17463901803,16186.783362687458
653,Skin and subcutaneous diseases,409,2,Female,71,17938.556249826506,20042.184478043775,16607.01075131966
653,Skin and subcutaneous diseases,409,2,Female,72,18264.66217142321,20382.5364179776,16940.58373243195
653,Skin and subcutaneous diseases,409,2,Female,73,18517.53225563814,20604.368057712105,17193.108360373684
653,Skin and subcutaneous diseases,409,2,Female,74,18733.98774039052,20781.206807637584,17408.237447450534
653,Skin and subcutaneous diseases,409,2,Female,75,18927.7891004084,20931.904144149194,17599.73300204313
653,Skin and subcutaneous diseases,409,2,Female,76,19112.69681041981,21075.31154364206,17781.35703253206
653,Skin and subcutaneous diseases,409,2,Female,77,19302.47134515279,21230.28048251134,17966.87154729796
653,Skin and subcutaneous diseases,409,2,Female,78,19482.817268156,21385.432927084647,18141.187793116715
653,Skin and subcutaneous diseases,409,2,Female,79,19644.77332410628,21528.215934039497,18295.450625518595
653,Skin and subcutaneous diseases,409,2,Female,80,19810.10125942395,21675.718615295875,18452.772466015776
653,Skin and subcutaneous diseases,409,2,Female,81,20000.56282052935,21845.030082773792,18636.265736120433
653,Skin and subcutaneous diseases,409,2,Female,82,20237.91975384279,22053.23944839323,18869.04285734474
653,Skin and subcutaneous diseases,409,2,Female,83,20560.912938672816,22326.694575187845,19201.11427887945
653,Skin and subcutaneous diseases,409,2,Female,84,20979.74582938121,22673.739295236628,19647.035430993863
653,Skin and subcutaneous diseases,409,2,Female,85,21473.37403496819,23084.4566740276,20176.736206818005
653,Skin and subcutaneous diseases,409,2,Female,86,22020.75316443395,23548.929777048765,20760.14649948188
653,Skin and subcutaneous diseases,409,2,Female,87,22600.83882677873,24057.24166978813,21367.19620211551
653,Skin and subcutaneous diseases,409,2,Female,88,23248.61591614195,24653.258074472546,22035.15437544943
653,Skin and subcutaneous diseases,409,2,Female,89,23993.46402990838,25366.755915009213,22796.288586860803
653,Skin and subcutaneous diseases,409,2,Female,90,24805.9308319462,26166.685059406707,23613.0264894495
653,Skin and subcutaneous diseases,409,2,Female,91,25656.563986123587,27021.99537567361,24447.79573631542
653,Skin and subcutaneous diseases,409,2,Female,92,26515.91115630873,27901.63673181848,25263.023980558457
653,Skin and subcutaneous diseases,409,2,Female,93,27387.922132031184,28816.423230801563,26058.84991284311
653,Skin and subcutaneous diseases,409,2,Female,94,28295.053082280876,29794.77931987448,26860.42082919649
653,Skin and subcutaneous diseases,409,2,Female,95,29235.611240116577,30832.07038348283,27667.67729076236
653,Skin and subcutaneous diseases,409,2,Female,96,30207.90383859705,31923.66180607222,28480.559858684515
653,Skin and subcutaneous diseases,409,2,Female,97,31210.238110781054,33064.91897208826,29299.009094106743
653,Skin and subcutaneous diseases,409,2,Female,98,31210.238110781054,33064.91897208826,29299.009094106743
653,Skin and subcutaneous diseases,409,2,Female,99,31210.238110781054,33064.91897208826,29299.009094106743
653,Skin and subcutaneous diseases,409,2,Female,100,31210.238110781054,33064.91897208826,29299.009094106743
653,Skin and subcutaneous diseases,409,2,Male,0,11370.42929779759,12263.39419390231,10589.08832746552
653,Skin and subcutaneous diseases,409,2,Male,1,11370.42929779759,12263.39419390231,10589.08832746552
653,Skin and subcutaneous diseases,409,2,Male,2,11370.42929779759,12263.39419390231,10589.08832746552
653,Skin and subcutaneous diseases,409,2,Male,3,11139.464139354011,12296.610431398689,10158.810762628813
653,Skin and subcutaneous diseases,409,2,Male,4,10981.914828550312,12363.2462242502,9822.030231874183
653,Skin and subcutaneous diseases,409,2,Male,5,10885.091217820202,12455.580825386767,9579.964723899597
653,Skin and subcutaneous diseases,409,2,Male,6,10836.30315959741,12565.893487738322,9433.832227403002
653,Skin and subcutaneous diseases,409,2,Male,7,10822.86050631565,12686.46346423479,9384.85073108237
653,Skin and subcutaneous diseases,409,2,Male,8,10903.24831309608,12864.34549154694,9467.550251289162
653,Skin and subcutaneous diseases,409,2,Male,9,11107.076924260013,13117.554646171611,9679.088814394809
653,Skin and subcutaneous diseases,409,2,Male,10,11378.344126041422,13394.81069077783,9964.626424127207
653,Skin and subcutaneous diseases,409,2,Male,11,11661.047704674278,13644.833388034616,10269.323084214264
653,Skin and subcutaneous diseases,409,2,Male,12,11899.18544639255,13816.342500611,10538.33879838388
653,Skin and subcutaneous diseases,409,2,Male,13,12119.97904607467,13930.223296478282,10809.662028135166
653,Skin and subcutaneous diseases,409,2,Male,14,12361.323516775165,14035.247696892611,11119.86122537851
653,Skin and subcutaneous diseases,409,2,Male,15,12583.226621992142,14121.965444450288,11411.966379458736
653,Skin and subcutaneous diseases,409,2,Male,16,12745.696125223712,14180.926281747606,11629.007479720667
653,Skin and subcutaneous diseases,409,2,Male,17,12808.73978996799,14202.67995138087,11714.01451550913
653,Skin and subcutaneous diseases,409,2,Male,18,12297.841297361192,13636.512102442966,11242.696120269651
653,Skin and subcutaneous diseases,409,2,Male,19,11064.958335468576,12271.433352018386,10105.288443968318
653,Skin and subcutaneous diseases,409,2,Male,20,9559.809678181817,10607.580894690826,8716.6127507308
653,Skin and subcutaneous diseases,409,2,Male,21,8232.11409939259,9145.09192504398,7491.490304682754
653,Skin and subcutaneous diseases,409,2,Male,22,7531.59037299257,8384.10363766154,6844.7423699498495
653,Skin and subcutaneous diseases,409,2,Male,23,7310.466271721897,8157.531449039527,6640.1506285932355
653,Skin and subcutaneous diseases,409,2,Male,24,7125.954414394958,7969.419330282931,6469.400643673268
653,Skin and subcutaneous diseases,409,2,Male,25,6985.250844014802,7826.597307888894,6339.1695008144225
653,Skin and subcutaneous diseases,409,2,Male,26,6895.551603584474,7735.895408354566,6256.134285641169
653,Skin and subcutaneous diseases,409,2,Male,27,6864.05273610702,7704.14365817709,6226.97208377798
653,Skin and subcutaneous diseases,409,2,Male,28,6874.200038134708,7731.086790057674,6238.651233471254
653,Skin and subcutaneous diseases,409,2,Male,29,6900.550290211618,7797.244948171485,6268.5379862683885
653,Skin and subcutaneous diseases,409,2,Male,30,6936.966011328515,7880.611276226607,6308.906297745348
653,Skin and subcutaneous diseases,409,2,Male,31,6977.309720476172,7959.178917931129,6352.030123478097
653,Skin and subcutaneous diseases,409,2,Male,32,7015.443936645351,8010.94101699314,6390.1834190426
653,Skin and subcutaneous diseases,409,2,Male,33,7051.173599755262,8036.397021960716,6421.582093844721
653,Skin and subcutaneous diseases,409,2,Male,34,7088.9366814751675,8054.232592739819,6451.379364978089
653,Skin and subcutaneous diseases,409,2,Male,35,7129.54524842091,8069.720190075359,6482.255149550308
653,Skin and subcutaneous diseases,409,2,Male,36,7173.8113672083355,8088.132274712245,6516.889364668987
653,Skin and subcutaneous diseases,409,2,Male,37,7222.547104453291,8114.74130739539,6557.96192744173
653,Skin and subcutaneous diseases,409,2,Male,38,7277.76940064854,8160.6090873316925,6610.624366212485
653,Skin and subcutaneous diseases,409,2,Male,39,7340.157689726333,8228.272707481654,6675.55726534953
653,Skin and subcutaneous diseases,409,2,Male,40,7408.517778461743,8310.217569220596,6748.734125996958
653,Skin and subcutaneous diseases,409,2,Male,41,7481.655473629838,8398.929073923828,6826.128449298869
653,Skin and subcutaneous diseases,409,2,Male,42,7558.37658200569,8486.89262296667,6903.71373639936
653,Skin and subcutaneous diseases,409,2,Male,43,7637.790156879159,8573.072283328309,6978.867371409
653,Skin and subcutaneous diseases,409,2,Male,44,7721.545288561721,8663.189763404884,7054.607250739279
653,Skin and subcutaneous diseases,409,2,Male,45,7812.257839360869,8759.866926697148,7135.367643985679
653,Skin and subcutaneous diseases,409,2,Male,46,7912.543671584097,8865.72563670585,7225.582820743678
653,Skin and subcutaneous diseases,409,2,Male,47,8025.018647538899,8983.387756931741,7329.68705060876
653,Skin and subcutaneous diseases,409,2,Male,48,8154.711956668327,9115.255053939349,7457.19268021714
653,Skin and subcutaneous diseases,409,2,Male,49,8303.937654719719,9262.988219438635,7610.307831537623
653,Skin and subcutaneous diseases,409,2,Male,50,8471.23890345701,9428.097504648513,7782.510437164559
653,Skin and subcutaneous diseases,409,2,Male,51,8655.158864644121,9612.093160787888,7967.278429692304
653,Skin and subcutaneous diseases,409,2,Male,52,8854.24070004499,9816.48543907568,8158.08974171521
653,Skin and subcutaneous diseases,409,2,Male,53,9078.725875668088,10059.38371849341,8354.642435760965
653,Skin and subcutaneous diseases,409,2,Male,54,9334.769934212243,10347.736720936644,8563.216890528762
653,Skin and subcutaneous diseases,409,2,Male,55,9614.787152476913,10666.313711995334,8787.164512870204
653,Skin and subcutaneous diseases,409,2,Male,56,9911.191807261555,10999.883957259432,9029.8367096369
653,Skin and subcutaneous diseases,409,2,Male,57,10216.39817536563,11333.21672231889,9294.58488768045
653,Skin and subcutaneous diseases,409,2,Male,58,10527.005050357116,11657.103876059811,9587.453709352503
653,Skin and subcutaneous diseases,409,2,Male,59,10850.088932473116,11982.58177550084,9911.747804375971
653,Skin and subcutaneous diseases,409,2,Male,60,11193.780658516773,12324.786418430744,10266.708530659358
653,Skin and subcutaneous diseases,409,2,Male,61,11566.211065291229,12698.853802638292,10651.57724611117
653,Skin and subcutaneous diseases,409,2,Male,62,11975.51098959963,13119.919925912249,11065.59530863991
653,Skin and subcutaneous diseases,409,2,Male,63,12438.1390644005,13612.773984116302,11522.943080879331
653,Skin and subcutaneous diseases,409,2,Male,64,12957.725211981142,14180.172895465228,12031.97653413608
653,Skin and subcutaneous diseases,409,2,Male,65,13523.15720313788,14804.204241274416,12583.200439327988
653,Skin and subcutaneous diseases,409,2,Male,66,14123.322808667028,15466.955602859258,13167.11956737289
653,Skin and subcutaneous diseases,409,2,Male,67,14747.109799364913,16150.51456153514,13774.23868918862
653,Skin and subcutaneous diseases,409,2,Male,68,15425.483287204115,16890.65652807629,14435.51093608097
653,Skin and subcutaneous diseases,409,2,Male,69,16170.900404917082,17704.437655268957,15161.925700904138
653,Skin and subcutaneous diseases,409,2,Male,70,16944.486954439908,18545.86663744656,15914.042146898571
653,Skin and subcutaneous diseases,409,2,Male,71,17707.3687377087,19368.95216894253,16652.419437304714
653,Skin and subcutaneous diseases,409,2,Male,72,18420.67155665956,20127.7029440903,17337.616735363008
653,Skin and subcutaneous diseases,409,2,Male,73,19092.818705675974,20827.53709593925,17978.164772617532
653,Skin and subcutaneous diseases,409,2,Male,74,19751.489609379325,21502.338271556782,18602.67463124664
653,Skin and subcutaneous diseases,409,2,Male,75,20386.694265062553,22148.813436303302,19201.8260004422
653,Skin and subcutaneous diseases,409,2,Male,76,20988.44267001858,22763.669555539225,19766.298569396076
653,Skin and subcutaneous diseases,409,2,Male,77,21546.74482154036,23343.61359462497,20286.77202730014
653,Skin and subcutaneous diseases,409,2,Male,78,22051.233765525387,23888.576141408084,20749.185235642108
653,Skin and subcutaneous diseases,409,2,Male,79,22513.286686970747,24404.443664343347,21164.967867516305
653,Skin and subcutaneous diseases,409,2,Male,80,22955.52979181871,24896.856949702007,21563.03582952447
653,Skin and subcutaneous diseases,409,2,Male,81,23400.58928601156,25371.45678375533,21972.305028268347
653,Skin and subcutaneous diseases,409,2,Male,82,23871.09137549158,25833.88395277454,22421.69137034969
653,Skin and subcutaneous diseases,409,2,Male,83,24371.724687074344,26270.9757581795,22929.302191710427
653,Skin and subcutaneous diseases,409,2,Male,84,24888.016155281777,26680.15160065033,23478.756450906378
653,Skin and subcutaneous diseases,409,2,Male,85,25413.84944761567,27082.925415348735,24047.237488460105
653,Skin and subcutaneous diseases,409,2,Male,86,25943.108231577815,27500.811137436423,24611.928644894193
653,Skin and subcutaneous diseases,409,2,Male,87,26469.67617467,27955.32270207508,25150.013260731208
653,Skin and subcutaneous diseases,409,2,Male,88,26993.998368087483,28455.32738466495,25662.017696925068
653,Skin and subcutaneous diseases,409,2,Male,89,27520.16167905873,28989.85050261384,26163.71848369063
653,Skin and subcutaneous diseases,409,2,Male,90,28047.51243913535,29550.6430540948,26655.17421544188
653,Skin and subcutaneous diseases,409,2,Male,91,28575.396979868947,30129.456037280863,27136.4434865928
653,Skin and subcutaneous diseases,409,2,Male,92,29103.16163281113,30718.04045034508,27607.58489155738
653,Skin and subcutaneous diseases,409,2,Male,93,29630.80706206235,31317.98307361241,28069.298295720928
653,Skin and subcutaneous diseases,409,2,Male,94,30158.769520945672,31935.916656151963,28522.04453998744
653,Skin and subcutaneous diseases,409,2,Male,95,30687.048724846612,32571.161149253057,28965.523682048926
653,Skin and subcutaneous diseases,409,2,Male,96,31215.644389150697,33223.03650420499,29399.4357795974
653,Skin and subcutaneous diseases,409,2,Male,97,31744.556229243444,33890.86267229708,29823.48089032486
653,Skin and subcutaneous diseases,409,2,Male,98,31744.556229243444,33890.86267229708,29823.48089032486
653,Skin and subcutaneous diseases,409,2,Male,99,31744.556229243444,33890.86267229708,29823.48089032486
653,Skin and subcutaneous diseases,409,2,Male,100,31744.556229243444,33890.86267229708,29823.48089032486
669,Sense organ diseases,409,2,Both,0,1390.01082191991,1562.51731216738,1208.54174032603
669,Sense organ diseases,409,2,Both,1,1390.01082191991,1562.51731216738,1208.54174032603
669,Sense organ diseases,409,2,Both,2,1390.01082191991,1562.51731216738,1208.54174032603
669,Sense organ diseases,409,2,Both,3,1553.6054854376546,1764.8765237381135,1333.4274758536908
669,Sense organ diseases,409,2,Both,4,1712.869152340941,1960.3972529608068,1455.7985471667214
669,Sense organ diseases,409,2,Both,5,1867.5926882594945,2148.6297226982147,1575.5672576198929
669,Sense organ diseases,409,2,Both,6,2017.5669588230387,2329.1241558130914,1692.6459105679758
669,Sense organ diseases,409,2,Both,7,2162.5828296613,2501.43077516819,1806.94680936574
669,Sense organ diseases,409,2,Both,8,2302.825830197104,2666.5084189210665,1916.165615530178
669,Sense organ diseases,409,2,Both,9,2438.7839406277617,2825.4065670586274,2020.5069545668257
669,Sense organ diseases,409,2,Both,10,2570.701702744719,2977.8114051876546,2123.646575813269
669,Sense organ diseases,409,2,Both,11,2698.8236583394228,3123.4091189149317,2229.260228607091
669,Sense organ diseases,409,2,Both,12,2823.39434920332,3261.88589384724,2341.02366228588
669,Sense organ diseases,409,2,Both,13,2939.682626793639,3387.409244101041,2459.1797109956997
669,Sense organ diseases,409,2,Both,14,3047.7692978389073,3500.8935204232644,2581.6285229092664
669,Sense organ diseases,409,2,Both,15,3155.11683703752,3612.145163366388,2708.531818404143
669,Sense organ diseases,409,2,Both,16,3269.187719087872,3730.9706134828934,2840.05131785789
669,Sense organ diseases,409,2,Both,17,3397.4444186883597,3867.17631132526,2976.34874164807
669,Sense organ diseases,409,2,Both,18,3541.247948267121,4023.683861674062,3113.705440491799
669,Sense organ diseases,409,2,Both,19,3697.9341975486054,4197.083910690963,3252.486128400951
669,Sense organ diseases,409,2,Both,20,3868.927957175675,4387.686461000081,3398.9775706952296
669,Sense organ diseases,409,2,Both,21,4055.6540177911934,4595.801515225531,3559.4665326943355
669,Sense organ diseases,409,2,Both,22,4259.53717003802,4821.73907599143,3740.23977971797
669,Sense organ diseases,409,2,Both,23,4489.5251469089035,5074.319525701018,3952.739704484446
669,Sense organ diseases,409,2,Both,24,4749.646734729752,5358.6182736918045,4198.528098339089
669,Sense organ diseases,409,2,Both,25,5033.948304143164,5669.327862989305,4469.070824542125
669,Sense organ diseases,409,2,Both,26,5336.476225791743,6001.140836619035,4755.833746353774
669,Sense organ diseases,409,2,Both,27,5651.27687031809,6348.74973760651,5050.2827270342605
669,Sense organ diseases,409,2,Both,28,5979.35762728036,6716.638153055165,5352.980391940132
669,Sense organ diseases,409,2,Both,29,6327.461543668242,7111.979754837314,5671.5729364472845
669,Sense organ diseases,409,2,Both,30,6698.2384762716265,7533.5022131318,6008.1515788449615
669,Sense organ diseases,409,2,Both,31,7094.338281880412,7979.933198117458,6364.807537422408
669,Sense organ diseases,409,2,Both,32,7518.410817284491,8450.00037997313,6743.63203046887
669,Sense organ diseases,409,2,Both,33,7977.069946882906,8943.142891284826,7147.125003054011
669,Sense organ diseases,409,2,Both,34,8474.125076569773,9464.383195671717,7577.65516480687
669,Sense organ diseases,409,2,Both,35,9008.019375377591,10020.82395986239,8037.116880855745
669,Sense organ diseases,409,2,Both,36,9577.196012338864,10619.567850585425,8527.40451632894
669,Sense organ diseases,409,2,Both,37,10180.09815648609,11267.7175345694,9050.41243635475
669,Sense organ diseases,409,2,Both,38,10814.055853456714,11974.523446709516,9600.582757641345
669,Sense organ diseases,409,2,Both,39,11486.88974183661,12746.290621801192,10183.116730755217
669,Sense organ diseases,409,2,Both,40,12212.778880080934,13585.703626423336,10816.047421612178
669,Sense organ diseases,409,2,Both,41,13005.90232664484,14495.447027154856,11517.407896128036
669,Sense organ diseases,409,2,Both,42,13880.43913998348,15478.20539057466,12305.23122021861
669,Sense organ diseases,409,2,Both,43,14880.08365998731,16566.06327199181,13243.601247464125
669,Sense organ diseases,409,2,Both,44,16018.493882685978,17776.330257577014,14350.29744818834
669,Sense organ diseases,409,2,Both,45,17264.794350743436,19089.528460201665,15573.896313422343
669,Sense organ diseases,409,2,Both,46,18588.109606823633,20486.179992737143,16862.974334197224
669,Sense organ diseases,409,2,Both,47,19957.56419359051,21946.80696805484,18166.10800154407
669,Sense organ diseases,409,2,Both,48,21378.79803682708,23483.368003436528,19472.91630591358
669,Sense organ diseases,409,2,Both,49,22883.00864064453,25122.293489183383,20823.23778688173
669,Sense organ diseases,409,2,Both,50,24477.656915199048,26865.813197695858,22240.978259167547
669,Sense organ diseases,409,2,Both,51,26170.203770646847,28716.156901374423,23750.04353749004
669,Sense organ diseases,409,2,Both,52,27968.11011714413,30675.55437261954,25374.33943656824
669,Sense organ diseases,409,2,Both,53,29933.991230241132,32815.256569165314,27173.109933920725
669,Sense organ diseases,409,2,Both,54,32081.51894165374,35153.364036313906,29151.07115483827
669,Sense organ diseases,409,2,Both,55,34344.738995786654,37612.3809278179,31250.337135698228
669,Sense organ diseases,409,2,Both,56,36657.697137044575,40114.81139742987,33413.02191287792
669,Sense organ diseases,409,2,Both,57,38954.43910983219,42583.159598902384,35581.23952275471
669,Sense organ diseases,409,2,Both,58,41230.65762803006,44984.97850913074,37779.23014897658
669,Sense organ diseases,409,2,Both,59,43531.22714152071,47372.26261901936,40048.1049015176
669,Sense organ diseases,409,2,Both,60,45863.965998711785,49794.17835333448,42355.28420624424
669,Sense organ diseases,409,2,Both,61,48236.69254801092,52299.8921368423,44668.18848902288
669,Sense organ diseases,409,2,Both,62,50657.22513782574,54938.570394309085,46954.238175719984
669,Sense organ diseases,409,2,Both,63,53179.22323672682,57830.649594621726,49240.05909069777
669,Sense organ diseases,409,2,Both,64,55799.504797620466,60954.65237630625,51547.39976722509
669,Sense organ diseases,409,2,Both,65,58440.625895417965,64146.874418587526,53836.36469452833
669,Sense organ diseases,409,2,Both,66,61025.14260503057,67243.61140069042,56067.05836183389
669,Sense organ diseases,409,2,Both,67,63475.61100136958,70081.15900183983,58199.585258368155
669,Sense organ diseases,409,2,Both,68,65802.14973108757,72712.26065549593,60226.71187870807
669,Sense organ diseases,409,2,Both,69,68062.51945984965,75262.5906660358,62180.30936933408
669,Sense organ diseases,409,2,Both,70,70250.7392910859,77677.84101905966,64079.13919732776
669,Sense organ diseases,409,2,Both,71,72360.82832822643,79903.70370016765,65941.96282977071
669,Sense organ diseases,409,2,Both,72,74386.80567470133,81885.87069496,67787.54173374448
669,Sense organ diseases,409,2,Both,73,76385.32977670823,83636.78932773205,69673.81049945553
669,Sense organ diseases,409,2,Both,74,78367.12429837375,85230.04098585215,71589.37244610337
669,Sense organ diseases,409,2,Both,75,80257.30617002147,86703.01874952985,73448.99213425917
669,Sense organ diseases,409,2,Both,76,81980.99232197496,88093.11569897477,75167.43412449416
669,Sense organ diseases,409,2,Both,77,83463.29968455786,89437.72491439653,76659.46297737952
669,Sense organ diseases,409,2,Both,78,84783.19296495775,90885.81134257096,78030.89533994101
669,Sense organ diseases,409,2,Both,79,86030.54258869686,92419.7968945768,79371.26175189443
669,Sense organ diseases,409,2,Both,80,87146.82406360062,93827.26009707796,80570.89761284618
669,Sense organ diseases,409,2,Both,81,88073.51289749454,94895.77947673836,81520.13832240258
669,Sense organ diseases,409,2,Both,82,88752.08459820405,95412.933560222,82109.31928017
669,Sense organ diseases,409,2,Both,83,89257.22665911147,95558.40265136313,82427.97548827624
669,Sense organ diseases,409,2,Both,84,89697.11532265095,95662.92246691452,82663.11338161035
669,Sense organ diseases,409,2,Both,85,90063.45922022562,95740.65465291776,82851.27550892059
669,Sense organ diseases,409,2,Both,86,90347.96698323858,95805.76085541444,83029.00441895526
669,Sense organ diseases,409,2,Both,87,90542.34724309298,95872.40272044616,83232.84266046256
669,Sense organ diseases,409,2,Both,88,90681.82249253224,95938.25825061944,83500.93024121686
669,Sense organ diseases,409,2,Both,89,90803.33597984024,95995.28562638852,83808.94011622053
669,Sense organ diseases,409,2,Both,90,90901.17746973068,96049.06676056652,84099.71425506381
669,Sense organ diseases,409,2,Both,91,90969.6367269174,96105.18356596648,84316.0946273369
669,Sense organ diseases,409,2,Both,92,91003.0035161141,96169.21795540156,84400.9232026301
669,Sense organ diseases,409,2,Both,93,91015.82457162126,96242.43100229788,84345.51350737094
669,Sense organ diseases,409,2,Both,94,91026.27152731796,96322.00219817962,84181.76627118558
669,Sense organ diseases,409,2,Both,95,91034.07149728584,96407.39108300704,83913.40426846224
669,Sense organ diseases,409,2,Both,96,91038.95159560666,96498.05719674037,83544.1502735891
669,Sense organ diseases,409,2,Both,97,91040.6389363621,96593.4600793398,83077.72706095435
669,Sense organ diseases,409,2,Both,98,91040.6389363621,96593.4600793398,83077.72706095435
669,Sense organ diseases,409,2,Both,99,91040.6389363621,96593.4600793398,83077.72706095435
669,Sense organ diseases,409,2,Both,100,91040.6389363621,96593.4600793398,83077.72706095435
669,Sense organ diseases,409,2,Female,0,1342.01356767503,1510.63666095791,1164.37884790258
669,Sense organ diseases,409,2,Female,1,1342.01356767503,1510.63666095791,1164.37884790258
669,Sense organ diseases,409,2,Female,2,1342.01356767503,1510.63666095791,1164.37884790258
669,Sense organ diseases,409,2,Female,3,1526.4245975556134,1737.698998725379,1311.136244881863
669,Sense organ diseases,409,2,Female,4,1705.6919731759265,1957.4186474491244,1453.8737148629205
669,Sense organ diseases,409,2,Female,5,1879.550821663021,2169.3396243264133,1592.3888397028752
669,Sense organ diseases,409,2,Female,6,2047.736270143951,2373.0059465545132,1726.4792012588512
669,Sense organ diseases,409,2,Female,7,2209.98344574577,2567.96163133069,1855.9423813879705
669,Sense organ diseases,409,2,Female,8,2371.3341376578137,2763.012281638576,1981.2535147237736
669,Sense organ diseases,409,2,Female,9,2532.4063825836256,2959.221857351215,2102.884910266306
669,Sense organ diseases,409,2,Female,10,2686.2996789215676,3144.5219109999916,2220.629911422451
669,Sense organ diseases,409,2,Female,11,2826.1135250700017,3306.843995116292,2334.281861599092
669,Sense organ diseases,409,2,Female,12,2944.94741942729,3434.1196622315,2443.63410420311
669,Sense organ diseases,409,2,Female,13,3041.482644241521,3526.7573371319895,2548.766101581787
669,Sense organ diseases,409,2,Female,14,3123.8883489844197,3600.373702014452,2650.1540897846908
669,Sense organ diseases,409,2,Female,15,3199.495832889802,3665.712695525756,2748.1865727721342
669,Sense organ diseases,409,2,Female,16,3275.6363951914836,3733.518256312766,2843.252054504429
669,Sense organ diseases,409,2,Female,17,3359.64133512328,3814.53432302235,2935.73903894189
669,Sense organ diseases,409,2,Female,18,3448.5504430264723,3908.846964390498,3020.1084411568404
669,Sense organ diseases,409,2,Female,19,3537.7696296461877,4010.7935101728553,3096.292023470599
669,Sense organ diseases,409,2,Female,20,3632.179374822016,4122.494790545765,3172.88456071697
669,Sense organ diseases,409,2,Female,21,3736.660158393543,4246.071635685573,3258.480827729759
669,Sense organ diseases,409,2,Female,22,3856.09246020036,4383.64487576862,3361.67559934277
669,Sense organ diseases,409,2,Female,23,3999.245696686883,4542.964322583246,3495.7136350264077
669,Sense organ diseases,409,2,Female,24,4167.750180180559,4727.421464707142,3661.208561931129
669,Sense organ diseases,409,2,Female,25,4355.777734345518,4932.599647500683,3847.80845641082
669,Sense organ diseases,409,2,Female,26,4557.500182845892,5154.082216324247,4045.161394819366
669,Sense organ diseases,409,2,Female,27,4767.08934934581,5387.45251653821,4242.91545351065
669,Sense organ diseases,409,2,Female,28,4985.099019849914,5637.871486296981,4437.46303000015
669,Sense organ diseases,409,2,Female,29,5217.6740749294195,5911.643650494296,4636.549200985463
669,Sense organ diseases,409,2,Female,30,5467.372980098319,6206.06773459953,4846.851061593665
669,Sense organ diseases,409,2,Female,31,5736.754200870606,6518.442464082054,5075.045706951823
669,Sense organ diseases,409,2,Female,32,6028.376202760271,6846.0665644112405,5327.81023218701
669,Sense organ diseases,409,2,Female,33,6350.157714730068,7188.288380537486,5615.843088704797
669,Sense organ diseases,409,2,Female,34,6705.64011757029,7549.826397836672,5940.763594454711
669,Sense organ diseases,409,2,Female,35,7090.815854536248,7936.034552416405,6295.630144379752
669,Sense organ diseases,409,2,Female,36,7501.677368883246,8352.266780384287,6673.501133422927
669,Sense organ diseases,409,2,Female,37,7934.217103866591,8803.87701784792,7067.43495652724
669,Sense organ diseases,409,2,Female,38,8385.773868543387,9295.670232340815,7472.405600133797
669,Sense organ diseases,409,2,Female,39,8863.64730318977,9832.18341466182,7896.654084713607
669,Sense organ diseases,409,2,Female,40,9378.771097889605,10418.368535816548,8353.139356254524
669,Sense organ diseases,409,2,Female,41,9942.07894272674,11059.177566810617,8854.820360744396
669,Sense organ diseases,409,2,Female,42,10564.50452778505,11759.56247864964,9414.65604417108
669,Sense organ diseases,409,2,Female,43,11275.278728026144,12548.219384552856,10066.576708904608
669,Sense organ diseases,409,2,Female,44,12084.049997807935,13439.422850898784,10819.67582295335
669,Sense organ diseases,409,2,Female,45,12972.378396308735,14416.492528431949,11649.657080762658
669,Sense organ diseases,409,2,Female,46,13921.823982706846,15462.748067896877,12532.22417677789
669,Sense organ diseases,409,2,Female,47,14913.946816180578,16561.5091200381,13443.0808054444
669,Sense organ diseases,409,2,Female,48,15954.657745847726,17729.190780464472,14375.944867121563
669,Sense organ diseases,409,2,Female,49,17066.563774487342,18989.543100349783,15354.138422318674
669,Sense organ diseases,409,2,Female,50,18256.26919176962,20336.8881637859,16397.77140570596
669,Sense organ diseases,409,2,Female,51,19530.37828736476,21765.548054864732,17526.953751953653
669,Sense organ diseases,409,2,Female,52,20895.49535094294,23269.84485767816,18761.795395731988
669,Sense organ diseases,409,2,Female,53,22383.58121932463,24866.446754052675,20150.624069895173
669,Sense organ diseases,409,2,Female,54,24009.3707858902,26572.934445286955,21705.571625695666
669,Sense organ diseases,409,2,Female,55,25753.6294251497,28384.998794681134,23392.454175401093
669,Sense organ diseases,409,2,Female,56,27597.12251161319,30298.330665535366,25177.087831279056
669,Sense organ diseases,409,2,Female,57,29520.61541979073,32308.6209211498,27025.288705597177
669,Sense organ diseases,409,2,Female,58,31533.0577301732,34419.26202699078,28951.943075173953
669,Sense organ diseases,409,2,Female,59,33661.7003289154,36649.11698899106,30992.815912476384
669,Sense organ diseases,409,2,Female,60,35914.760549023245,39017.082481150406,33145.041373244814
669,Sense organ diseases,409,2,Female,61,38300.45572350267,41542.055177468574,35405.75361321961
669,Sense organ diseases,409,2,Female,62,40827.0031853596,44242.93175194531,37772.08678814113
669,Sense organ diseases,409,2,Female,63,43622.48001261081,47279.55001571204,40344.22931689561
669,Sense organ diseases,409,2,Female,64,46705.23486796493,50673.008893672115,43139.46378198506
669,Sense organ diseases,409,2,Female,65,49918.89246146574,54234.09673048314,46030.5655845735
669,Sense organ diseases,409,2,Female,66,53107.07750315697,57773.60187080278,48890.310125824944
669,Sense organ diseases,409,2,Female,67,56113.41470308241,61102.31265928862,51591.472806903395
669,Sense organ diseases,409,2,Female,68,58947.57431212619,64247.759237367616,54139.89914441377
669,Sense organ diseases,409,2,Female,69,61718.4365475125,67341.08211828527,56625.01951860716
669,Sense organ diseases,409,2,Female,70,64418.44106879512,70348.48520442705,59044.98662611686
669,Sense organ diseases,409,2,Female,71,67040.02753552786,73236.17239817846,61397.95316357616
669,Sense organ diseases,409,2,Female,72,69575.63560726446,75970.34760192498,63682.07182761834
669,Sense organ diseases,409,2,Female,73,72100.20478511097,78613.72660255832,65956.8956381756
669,Sense organ diseases,409,2,Female,74,74624.4328635472,81201.83299571864,68228.07407173043
669,Sense organ diseases,409,2,Female,75,77044.39694218771,83660.08239691402,70412.90450974148
669,Sense organ diseases,409,2,Female,76,79256.174120647,85913.89042165263,72428.68433366746
669,Sense organ diseases,409,2,Female,77,81155.84149853961,87888.67268544252,74192.7109249671
669,Sense organ diseases,409,2,Female,78,82852.8366454661,89773.4157435196,75818.29846499102
669,Sense organ diseases,409,2,Female,79,84466.87182086907,91662.29735190205,77397.84453202163
669,Sense organ diseases,409,2,Female,80,85909.43615912604,93338.51992727153,78817.27160291522
669,Sense organ diseases,409,2,Female,81,87092.01879461452,94585.2858863096,79962.50215452813
669,Sense organ diseases,409,2,Female,82,87926.10886171205,95185.79764569798,80719.45866371666
669,Sense organ diseases,409,2,Female,83,88512.95494071694,95364.89501815004,81177.18635965006
669,Sense organ diseases,409,2,Female,84,89012.39579532848,95499.00948597358,81528.57204074727
669,Sense organ diseases,409,2,Female,85,89423.8058350256,95598.73097024202,81815.30053773907
669,Sense organ diseases,409,2,Female,86,89746.55946928727,95674.64939202862,82079.05668135632
669,Sense organ diseases,409,2,Female,87,89980.03110759241,95737.35467240671,82361.5253023298
669,Sense organ diseases,409,2,Female,88,90155.59036421,95787.7456214942,82705.88509119107
669,Sense organ diseases,409,2,Female,89,90304.8456133864,95825.14448323418,83084.93287226817
669,Sense organ diseases,409,2,Female,90,90427.52940456652,95857.77632943762,83434.78067698676
669,Sense organ diseases,409,2,Female,91,90523.37428719534,95893.86623191558,83691.54053677243
669,Sense organ diseases,409,2,Female,92,90592.11281071782,95941.63926247912,83791.32448305085
669,Sense organ diseases,409,2,Female,93,90645.85912033654,96006.40070536874,83753.86562486646
669,Sense organ diseases,409,2,Female,94,90694.34582457005,96086.4566681203,83635.85101915774
669,Sense organ diseases,409,2,Female,95,90733.7331678372,96179.53345748788,83428.82361919133
669,Sense organ diseases,409,2,Female,96,90760.181394557,96283.35738022556,83124.32637823392
669,Sense organ diseases,409,2,Female,97,90769.85074914827,96395.65474308736,82713.90224955216
669,Sense organ diseases,409,2,Female,98,90769.85074914827,96395.65474308736,82713.90224955216
669,Sense organ diseases,409,2,Female,99,90769.85074914827,96395.65474308736,82713.90224955216
669,Sense organ diseases,409,2,Female,100,90769.85074914827,96395.65474308736,82713.90224955216
669,Sense organ diseases,409,2,Male,0,1435.9355088108,1618.81520575614,1252.0935727398
669,Sense organ diseases,409,2,Male,1,1435.9355088108,1618.81520575614,1252.0935727398
669,Sense organ diseases,409,2,Male,2,1435.9355088108,1618.81520575614,1252.0935727398
669,Sense organ diseases,409,2,Male,3,1579.593287153591,1794.3727674711445,1361.7383469664646
669,Sense organ diseases,409,2,Male,4,1719.7158727406272,1964.9361391783232,1468.866470652977
669,Sense organ diseases,409,2,Male,5,1856.1470484377971,2130.2417629614984,1573.3756174911157
669,Sense organ diseases,409,2,Male,6,1988.7305971109888,2290.0260809044903,1675.16346117266
669,Sense organ diseases,409,2,Male,7,2117.31030162609,2444.02553509112,1774.12767538939
669,Sense organ diseases,409,2,Male,8,2238.8517767239373,2589.935051578158,1865.7088689015368
669,Sense organ diseases,409,2,Male,9,2353.7195290507907,2728.369598836687,1950.145803094949
669,Sense organ diseases,409,2,Male,10,2466.8556793306766,2863.445682572,2034.5333805998305
669,Sense organ diseases,409,2,Male,11,2583.2023482876216,2999.2798084893907,2125.966504046386
669,Sense organ diseases,409,2,Male,12,2707.70165664565,3139.9884822941503,2231.54007606482
669,Sense organ diseases,409,2,Male,13,2837.4491906712306,3279.500863594393,2357.1790633616683
669,Sense organ diseases,409,2,Male,14,2969.7071353501506,3415.1573597332404,2501.411429640636
669,Sense organ diseases,409,2,Male,15,3109.667509485419,3556.1913480184976,2660.2365730276765
669,Sense organ diseases,409,2,Male,16,3262.5223318800427,3711.836205757972,2829.653891648746
669,Sense organ diseases,409,2,Male,17,3433.4636213370304,3891.32531025947,3005.6627836298
669,Sense organ diseases,409,2,Male,18,3629.0609637052385,4106.49103681817,3186.4515526557243
669,Sense organ diseases,409,2,Male,19,3850.777384089784,4358.554071533089,3376.314768549279
669,Sense organ diseases,409,2,Male,20,4096.145060178068,4640.830257917786,3580.4112286432264
669,Sense organ diseases,409,2,Male,21,4362.69616965749,4946.635439485819,3803.899730270329
669,Sense organ diseases,409,2,Male,22,4647.96289021545,5269.28545975075,4051.93907076335
669,Sense organ diseases,409,2,Male,23,4961.461652680655,5615.680763036415,4339.799088798161
669,Sense organ diseases,409,2,Male,24,5310.235692862503,5995.379221705238,4671.16150129106
669,Sense organ diseases,409,2,Male,25,5688.107395919429,6405.682821328665,5033.802922935443
669,Sense organ diseases,409,2,Male,26,6088.899147009869,6843.893547478138,5415.499968424714
669,Sense organ diseases,409,2,Male,27,6506.433331292261,7307.3133857251005,5804.02925245227
669,Sense organ diseases,409,2,Male,28,6942.645073557821,7805.87254372233,6198.326740397559
669,Sense organ diseases,409,2,Male,29,7405.057459775037,8346.731726685968,6608.334169076945
669,Sense organ diseases,409,2,Male,30,7895.87481686825,8923.038666532508,7038.3368103391995
669,Sense organ diseases,409,2,Male,31,8417.301471761793,9527.94109517844,7492.619936033105
669,Sense organ diseases,409,2,Male,32,8971.541751380011,10154.586744540253,7975.468818007431
669,Sense organ diseases,409,2,Male,33,9563.394039017763,10796.210144302606,8488.622382491616
669,Sense organ diseases,409,2,Male,34,10197.311993884,11460.81565786997,9033.689457458317
669,Sense organ diseases,409,2,Male,35,10874.982856774184,12163.705767738564,9614.76016737113
669,Sense organ diseases,409,2,Male,36,11598.093868483786,12920.182956404602,10235.924636693662
669,Sense organ diseases,409,2,Male,37,12368.33226980827,13745.5497063643,10901.27298988952
669,Sense organ diseases,409,2,Male,38,13183.87768329733,14655.233595044296,11605.673593897423
669,Sense organ diseases,409,2,Male,39,14052.979913556554,15654.100483280612,12355.323010264414
669,Sense organ diseases,409,2,Male,40,14992.43147446523,16741.610278683518,13171.303655366564
669,Sense organ diseases,409,2,Male,41,16019.024879902665,17917.2228888633,14074.697945579946
669,Sense organ diseases,409,2,Male,42,17149.55264374815,19180.39822143023,15086.58829728064
669,Sense organ diseases,409,2,Male,43,18443.38099844649,20569.596399771508,16285.97248426034
669,Sense organ diseases,409,2,Male,44,19918.996871216703,22107.464005527105,17695.899199122894
669,Sense organ diseases,409,2,Male,45,21531.873818099495,23769.74063368644,19253.527236462593
669,Sense organ diseases,409,2,Male,46,23237.48539513551,25532.16587923895,20896.015390873705
669,Sense organ diseases,409,2,Male,47,24991.30515836543,27370.47933717406,22560.522456950523
669,Sense organ diseases,409,2,Male,48,26797.072019011503,29280.390038033027,24243.401148141933
669,Sense organ diseases,409,2,Male,49,28695.512704506913,31293.12167496884,25994.19516112018
669,Sense organ diseases,409,2,Male,50,30697.582495208735,33437.68583688851,27829.849765314597
669,Sense organ diseases,409,2,Male,51,32814.23667147403,35743.09411269903,29767.31023015451
669,Sense organ diseases,409,2,Male,52,35056.43051365987,38238.35809130742,31823.521825069252
669,Sense organ diseases,409,2,Male,53,37527.13970119617,41125.41039468478,34088.80907638242
669,Sense organ diseases,409,2,Male,54,40239.41052116225,44426.51046767486,36570.0990714135
669,Sense organ diseases,409,2,Male,55,43069.30416538933,47901.160133493635,39159.24092108561
669,Sense organ diseases,409,2,Male,56,45892.88182570861,51308.8612153571,41748.083736321896
669,Sense organ diseases,409,2,Male,57,48586.20469395128,54409.115536481215,44228.476628045486
669,Sense organ diseases,409,2,Male,58,51165.3256388854,57168.86034386679,46631.45709972158
669,Sense organ diseases,409,2,Male,59,53714.878047868275,59763.44933373432,49030.41009823835
669,Sense organ diseases,409,2,Male,60,56213.793890614994,62265.00900312933,51380.70589965335
669,Sense organ diseases,409,2,Male,61,58641.005136840664,64745.66584909732,53637.71478002417
669,Sense organ diseases,409,2,Male,62,60975.44375626037,67277.54636868383,55756.80701540837
669,Sense organ diseases,409,2,Male,63,63235.02760383327,69937.94633479866,57753.220275476546
669,Sense organ diseases,409,2,Male,64,65439.59526443238,72678.79101866265,59668.06155464918
669,Sense organ diseases,409,2,Male,65,67570.95980264372,75384.1511647879,61495.505116108674
669,Sense organ diseases,409,2,Male,66,69610.93428305324,77938.09751768653,63229.725223037414
669,Sense organ diseases,409,2,Male,67,71541.33177024701,80224.70082187065,64864.89613861781
669,Sense organ diseases,409,2,Male,68,73378.94174502767,82323.67663541755,66389.93022404853
669,Sense organ diseases,409,2,Male,69,75145.96279780529,84341.77821591253,67819.70463922159
669,Sense organ diseases,409,2,Male,70,76832.32165757692,86203.63285712944,69187.34084535945
669,Sense organ diseases,409,2,Male,71,78427.94505333959,87833.86785284228,70525.96030368455
669,Sense organ diseases,409,2,Male,72,79922.75971409031,89157.11049682496,71868.68447541932
669,Sense organ diseases,409,2,Male,73,81355.18695109033,90224.66256704934,73248.49018296445
669,Sense organ diseases,409,2,Male,74,82743.52146732886,91154.63512353192,74643.85525815813
669,Sense organ diseases,409,2,Male,75,84047.50007939474,91971.8693831136,76006.15267637892
669,Sense organ diseases,409,2,Male,76,85226.85960387696,92701.20656263536,77286.75541300543
669,Sense organ diseases,409,2,Male,77,86241.3368573644,93367.48787893806,78437.0364434163
669,Sense organ diseases,409,2,Male,78,87135.01056154967,94008.8541545228,79530.00675107828
669,Sense organ diseases,409,2,Male,79,87964.33325565669,94623.965763342,80613.46062022902
669,Sense organ diseases,409,2,Male,80,88707.60248257146,95178.44324941353,81600.94597740339
669,Sense organ diseases,409,2,Male,81,89343.11578517988,95637.90715675516,82406.01074913629
669,Sense organ diseases,409,2,Male,82,89849.17070636792,95967.97802938485,82942.20286196264
669,Sense organ diseases,409,2,Male,83,90268.13760104892,96205.28084990104,83267.7726585441
669,Sense organ diseases,409,2,Male,84,90647.24534844846,96408.78018359344,83518.41200588588
669,Sense organ diseases,409,2,Male,85,90972.07927792068,96577.60594851676,83723.83111703818
669,Sense organ diseases,409,2,Male,86,91228.2247188198,96710.88806272564,83913.74020505106
669,Sense organ diseases,409,2,Male,87,91401.2670005,96807.75644427475,84117.84948297477
669,Sense organ diseases,409,2,Male,88,91523.7286181614,96879.5977945192,84367.87179051626
669,Sense organ diseases,409,2,Male,89,91632.54530159368,96939.45676668688,84644.31573835308
669,Sense organ diseases,409,2,Male,90,91719.92223203552,96988.95020664166,84900.0851959911
669,Sense organ diseases,409,2,Male,91,91778.06459072564,97029.69496024748,85088.08403293625
669,Sense organ diseases,409,2,Male,92,91799.17755890264,97063.30787336818,85161.21611869444
669,Sense organ diseases,409,2,Male,93,91798.89827394724,97093.08203591012,85131.40752460576
669,Sense organ diseases,409,2,Male,94,91796.9432792594,97120.29175770664,85038.5742933854
669,Sense organ diseases,409,2,Male,95,91791.63686510667,97143.5257145122,84877.6052516019
669,Sense organ diseases,409,2,Male,96,91781.30332175668,97161.37258208124,84643.38922582378
669,Sense organ diseases,409,2,Male,97,91764.26693947696,97172.42103616812,84330.81504261955
669,Sense organ diseases,409,2,Male,98,91764.26693947696,97172.42103616812,84330.81504261955
669,Sense organ diseases,409,2,Male,99,91764.26693947696,97172.42103616812,84330.81504261955
669,Sense organ diseases,409,2,Male,100,91764.26693947696,97172.42103616812,84330.81504261955
687,Injuries,294,1,Both,0,2469.7812766009497,2818.08514685776,2120.88898764035
687,Injuries,294,1,Both,1,2469.7812766009497,2818.08514685776,2120.88898764035
687,Injuries,294,1,Both,2,2469.7812766009497,2818.08514685776,2120.88898764035
687,Injuries,294,1,Both,3,3111.55537053584,3566.3582188067135,2647.2124108642947
687,Injuries,294,1,Both,4,3780.6394729545336,4343.879401676677,3201.871952053033
687,Injuries,294,1,Both,5,4475.658057489538,5149.272518701272,3783.1545846972713
687,Injuries,294,1,Both,6,5195.235597773363,5981.161393114119,4389.347282287715
687,Injuries,294,1,Both,7,5937.99656743852,6838.169848148839,5018.73701831507
687,Injuries,294,1,Both,8,6699.64173390245,7718.677300833172,5667.231037261917
687,Injuries,294,1,Both,9,7483.380658689298,8625.89483028867,6338.826400983274
687,Injuries,294,1,Both,10,8299.101006591625,9565.69375288967,7043.944809028507
687,Injuries,294,1,Both,11,9156.690442401996,10543.945385010513,7793.007960946981
687,Injuries,294,1,Both,12,10066.03663091297,11566.52104302553,8596.43755628806
687,Injuries,294,1,Both,13,11085.184518308088,12693.25725645674,9507.857354425603
687,Injuries,294,1,Both,14,12214.6978203618,13925.073063238866,10529.735603652958
687,Injuries,294,1,Both,15,13378.242356253037,15179.463542365307,11595.760736898696
687,Injuries,294,1,Both,16,14499.483945160728,16373.923772829474,12639.621187091398
687,Injuries,294,1,Both,17,15502.0884062638,17425.948833624767,13595.00538715964
687,Injuries,294,1,Both,18,16389.68386473517,18344.005099044534,14465.201932773114
687,Injuries,294,1,Both,19,17222.291204612637,19196.840053445296,15298.830751967287
687,Injuries,294,1,Both,20,18008.16538337249,19992.3704409152,16097.577276219412
687,Injuries,294,1,Both,21,18755.561358490995,20738.513005542405,16863.12693700673
687,Injuries,294,1,Both,22,19472.73408744443,21443.18449141506,17597.165165806487
687,Injuries,294,1,Both,23,20138.276931455464,22080.989058991367,18278.1650149868
687,Injuries,294,1,Both,24,20750.298541332988,22652.585568924915,18908.021636322563
687,Injuries,294,1,Both,25,21346.3268089326,23204.972815596928,19523.553610401166
687,Injuries,294,1,Both,26,21963.88962610991,23785.14959338865,20161.579517810023
687,Injuries,294,1,Both,27,22640.51488472054,24440.1146966813,20858.91793913654
687,Injuries,294,1,Both,28,23403.586669180117,25204.678743629443,21651.169724873456
687,Injuries,294,1,Both,29,24233.369413526492,26057.1292732614,22519.13341607029
687,Injuries,294,1,Both,30,25096.711534048613,26959.680461268992,23417.42412914958
687,Injuries,294,1,Both,31,25960.461447035388,27874.54648334408,24300.65698053387
687,Injuries,294,1,Both,32,26791.46756877575,28763.94151517851,25123.447086645712
687,Injuries,294,1,Both,33,27585.2306991747,29629.255222106385,25876.32104088854
687,Injuries,294,1,Both,34,28364.182391718747,30495.678380847392,26591.98920298164
687,Injuries,294,1,Both,35,29135.567193069113,31361.12683417176,27288.342338821367
687,Injuries,294,1,Both,36,29906.629649886992,32223.516424849706,27983.271214304044
687,Injuries,294,1,Both,37,30684.614308833603,33080.76299565145,28694.66659532602
687,Injuries,294,1,Both,38,31439.034150071144,33898.94226133097,29391.035832268302
687,Injuries,294,1,Both,39,32165.07362951471,34679.48401926231,30060.52503578362
687,Injuries,294,1,Both,40,32908.48450745487,35473.33523614575,30750.483112175883
687,Injuries,294,1,Both,41,33715.018544182174,36331.442878681584,31508.25896774901
687,Injuries,294,1,Both,42,34630.427499987185,37304.7539135701,32381.201508806906
687,Injuries,294,1,Both,43,35691.36055715785,38417.41454599131,33437.20850024255
687,Injuries,294,1,Both,44,36893.20220986535,39661.17199311638,34677.787151494864
687,Injuries,294,1,Both,45,38219.80718622499,41038.37473963232,36050.70053568671
687,Injuries,294,1,Both,46,39655.03021435215,42551.37127022617,37503.711725940935
687,Injuries,294,1,Both,47,41182.72602236215,44202.51006958494,38984.58379538039
687,Injuries,294,1,Both,48,42873.465288621555,46123.328567648314,40519.6725415448
687,Injuries,294,1,Both,49,44763.329958844435,48357.18210961495,42152.24243935529
687,Injuries,294,1,Both,50,46784.44166216743,50774.14605306035,43855.419578006855
687,Injuries,294,1,Both,51,48868.92202772715,53244.29575555999,45602.330046694486
687,Injuries,294,1,Both,52,50948.89268466024,55637.70657468937,47366.09993461316
687,Injuries,294,1,Both,53,53020.74816134552,57906.07452857248,49138.305556909414
687,Injuries,294,1,Both,54,55131.982218322475,60136.12386047476,50938.76506943472
687,Injuries,294,1,Both,55,57291.36533296867,62400.4722656839,52782.96732244148
687,Injuries,294,1,Both,56,59507.6679826617,64771.73743948758,54686.40116618208
687,Injuries,294,1,Both,57,61789.66064477912,67322.53707717346,56664.55545090891
687,Injuries,294,1,Both,58,64179.82830695274,70249.4630688742,58741.824791955034
687,Injuries,294,1,Both,59,66676.75934008442,73525.4970839809,60913.98596368141
687,Injuries,294,1,Both,60,69223.37929645689,76887.84148666897,63153.60105488226
687,Injuries,294,1,Both,61,71762.61372835282,80073.69864111379,65433.232154351856
687,Injuries,294,1,Both,62,74237.38818805492,82820.27091149075,67725.44135088442
687,Injuries,294,1,Both,63,76723.67953932454,85234.95620393933,70099.1323905635
687,Injuries,294,1,Both,64,79260.21975265697,87539.32664993173,72573.71309043081
687,Injuries,294,1,Both,65,81734.06704043584,89641.84595164227,75047.50164571776
687,Injuries,294,1,Both,66,84032.27961504478,91450.9778112454,77418.8162516557
687,Injuries,294,1,Both,67,86041.91568886743,92875.18593091544,79585.97510347611
687,Injuries,294,1,Both,68,87824.79663447628,94003.46866462244,81567.2187814906
687,Injuries,294,1,Both,69,89495.51160833408,94989.83220833246,83447.47118437354
687,Injuries,294,1,Both,70,91020.27049865984,95840.25202721413,85225.07548490042
687,Injuries,294,1,Both,71,92365.28319367254,96560.70358643592,86898.3748558467
687,Injuries,294,1,Both,72,93496.7595815912,97157.16235116648,88465.7124699879
687,Injuries,294,1,Both,73,94466.88324055533,97670.58996503624,89996.33182055925
687,Injuries,294,1,Both,74,95344.51668733291,98131.80993874546,91504.824389065
687,Injuries,294,1,Both,75,96120.88821808604,98531.59053806728,92907.5553306842
687,Injuries,294,1,Both,76,96787.22612897665,98860.70002877494,94120.88980059598
687,Injuries,294,1,Both,77,97334.75871616665,99109.90667664156,95061.19295397932
687,Injuries,294,1,Both,78,97800.3737366402,99305.134215118,95786.61373943344
687,Injuries,294,1,Both,79,98220.29870484368,99476.18747635452,96416.28297496156
687,Injuries,294,1,Both,80,98584.77155313238,99619.6563741734,96958.03861984888
687,Injuries,294,1,Both,81,98884.03021386168,99732.13082239694,97419.71863338062
687,Injuries,294,1,Both,82,99108.3126193869,99810.2007348474,97809.16097484191
687,Injuries,294,1,Both,83,99279.94376739651,99868.16766589294,98148.40662115072
687,Injuries,294,1,Both,84,99427.71760544548,99920.01635958448,98452.413597854
687,Injuries,294,1,Both,85,99551.575490689,99961.86151426852,98718.3954371803
687,Injuries,294,1,Both,86,99651.4587802822,99989.81782829156,98943.5656713582
687,Injuries,294,1,Both,87,99727.3088313802,100000.0,99125.13783261635
687,Injuries,294,1,Both,88,99787.91516209472,100000.0,99275.84495209812
687,Injuries,294,1,Both,89,99841.14830333184,100000.0,99409.39530876788
687,Injuries,294,1,Both,90,99885.57113143853,100000.0,99524.46530658584
687,Injuries,294,1,Both,91,99919.7465227616,100000.0,99619.73134951216
687,Injuries,294,1,Both,92,99942.23735364796,100000.0,99693.869841507
687,Injuries,294,1,Both,93,99957.76377948136,100000.0,99755.60880693972
687,Injuries,294,1,Both,94,99971.40473510986,100000.0,99812.06494629115
687,Injuries,294,1,Both,95,99982.26126607668,99999.99999999996,99859.49767768876
687,Injuries,294,1,Both,96,99989.43441792506,99999.99999999996,99894.16641925988
687,Injuries,294,1,Both,97,99992.02523619824,99999.99999999996,99912.33058913203
687,Injuries,294,1,Both,98,99992.02523619824,99999.99999999996,99912.33058913203
687,Injuries,294,1,Both,99,99992.02523619824,99999.99999999996,99912.33058913203
687,Injuries,294,1,Both,100,99992.02523619824,99999.99999999996,99912.33058913203
687,Injuries,294,1,Female,0,2432.6768637849,2787.5992066592503,2074.6398267661702
687,Injuries,294,1,Female,1,2432.6768637849,2787.5992066592503,2074.6398267661702
687,Injuries,294,1,Female,2,2432.6768637849,2787.5992066592503,2074.6398267661702
687,Injuries,294,1,Female,3,3068.334063657045,3542.9481221573637,2609.9277804897656
687,Injuries,294,1,Female,4,3735.721133657192,4330.126520793471,3174.6442244706864
687,Injuries,294,1,Female,5,4433.027429922648,5147.543699730209,3766.981756681136
687,Injuries,294,1,Female,6,5158.442308590718,5993.608956130215,4385.132975093316
687,Injuries,294,1,Female,7,5910.15512579871,6866.73158715613,5027.29047767943
687,Injuries,294,1,Female,8,6687.876755714214,7766.153643605737,5692.009387545466
687,Injuries,294,1,Female,9,7495.832034016847,8695.58676543288,6383.506976089617
687,Injuries,294,1,Female,10,8338.981259111955,9660.144633534286,7108.469063722395
687,Injuries,294,1,Female,11,9222.284729404895,10664.940928806687,7873.581470854313
687,Injuries,294,1,Female,12,10150.70274330101,11715.08933214681,8685.53001789588
687,Injuries,294,1,Female,13,11206.19271775319,12912.338441342334,9616.885624745804
687,Injuries,294,1,Female,14,12391.324282160302,14258.3646629565,10670.366927623274
687,Injuries,294,1,Female,15,13591.97605359667,15608.17339104938,11747.881321419523
687,Injuries,294,1,Female,16,14694.026649136607,16816.770019681037,12751.336201025802
687,Injuries,294,1,Female,17,15583.35468585443,17739.159942911538,13582.63896133334
687,Injuries,294,1,Female,18,16282.261508075468,18408.094717964992,14251.904911239784
687,Injuries,294,1,Female,19,16899.512174257314,18973.742155534484,14847.390662520156
687,Injuries,294,1,Female,20,17450.680872672678,19467.23202988354,15388.215564381744
687,Injuries,294,1,Female,21,17951.341791594274,19919.694115275695,15893.498966031832
687,Injuries,294,1,Female,22,18417.06911929482,20362.25818597448,16382.360216677718
687,Injuries,294,1,Female,23,18825.999803088027,20771.874106814776,16833.8637841605
687,Injuries,294,1,Female,24,19175.30058166919,21131.69513817346,17238.62431963527
687,Injuries,294,1,Female,25,19509.09033038345,21482.156147627054,17633.086447280275
687,Injuries,294,1,Female,26,19871.487924575904,21863.69200275209,18053.694791273767
687,Injuries,294,1,Female,27,20306.61223959168,22316.73757112507,18536.893975794
687,Injuries,294,1,Female,28,20863.237037980423,22888.193802716447,19121.050970577784
687,Injuries,294,1,Female,29,21529.34543806545,23568.858047787653,19792.8075395215
687,Injuries,294,1,Female,30,22257.87034885239,24315.00977435169,20511.020498042748
687,Injuries,294,1,Female,31,23001.74467934687,25082.928450421565,21234.546661559132
687,Injuries,294,1,Female,32,23713.90133855451,25828.89354401029,21922.24284548825
687,Injuries,294,1,Female,33,24391.092191876367,26553.59511259113,22568.37090648243
687,Injuries,294,1,Female,34,25064.69572256884,27286.369182324863,23200.61240158337
687,Injuries,294,1,Female,35,25739.58476642064,28026.46417425576,23827.95369679272
687,Injuries,294,1,Female,36,26420.632159220433,28773.128509428072,24459.38115811214
687,Injuries,294,1,Female,37,27112.71073675692,29525.610608886072,25103.88115154329
687,Injuries,294,1,Female,38,27786.01012883435,30252.211537471452,25730.663717300413
687,Injuries,294,1,Female,39,28437.511101311677,30953.57030527968,26333.940609800226
687,Injuries,294,1,Female,40,29112.27319405963,31677.44225123565,26960.200766348025
687,Injuries,294,1,Female,41,29855.35594694894,32471.582714264285,27655.933124249157
687,Injuries,294,1,Female,42,30711.81889985034,33383.74703329049,28467.62662080894
687,Injuries,294,1,Female,43,31726.002072540236,34442.15229177375,29464.449806394852
687,Injuries,294,1,Female,44,32901.81514857577,35648.352142566735,30654.619333679053
687,Injuries,294,1,Female,45,34223.672163498726,37010.106778684174,31993.19629342392
687,Injuries,294,1,Female,46,35675.98715285092,38535.176393140784,33435.24177639181
687,Injuries,294,1,Female,47,37243.17415217413,40231.32117895127,34935.8168733451
687,Injuries,294,1,Female,48,39015.11783596418,42273.41354846718,36537.56807140985
687,Injuries,294,1,Female,49,41041.70764999044,44728.34883482555,38288.708484049464
687,Injuries,294,1,Female,50,43247.36478670504,47441.92161221931,40152.64914153239
687,Injuries,294,1,Female,51,45556.51043856012,50259.92645484144,42092.80107412705
687,Injuries,294,1,Female,52,47893.56579800783,53028.15793688483,44072.57531210184
687,Injuries,294,1,Female,53,50263.86859426349,55696.64642429817,46091.51709925161
687,Injuries,294,1,Female,54,52725.72755604466,58371.0925774339,48180.16356550486
687,Injuries,294,1,Female,55,55283.0203750568,61130.79641209067,50348.413570330566
687,Injuries,294,1,Female,56,57939.62474300538,64055.0579440672,52606.165973197654
687,Injuries,294,1,Female,57,60699.41835159588,67223.17718916215,54963.319633575105
687,Injuries,294,1,Female,58,63641.8814357096,70974.83520216314,57456.12557261508
687,Injuries,294,1,Female,59,66775.38414507089,75295.7818315575,60089.04772908734
687,Injuries,294,1,Female,60,69997.13904364979,79734.42028369338,62824.30433888718
687,Injuries,294,1,Female,61,73204.35869541633,83839.15376491894,65624.11363790993
687,Injuries,294,1,Female,62,76294.25566434056,87158.38548158237,68450.69386205092
687,Injuries,294,1,Female,63,79399.14808377292,89926.24994733208,71410.19935729027
687,Injuries,294,1,Female,64,82589.39772539628,92556.67882848148,74530.4466242229
687,Injuries,294,1,Female,65,85669.28261067934,94867.77106037624,77656.14713066616
687,Injuries,294,1,Female,66,88443.08076109077,96677.62557836209,80632.01234443752
687,Injuries,294,1,Female,67,90715.07019809927,97804.3413177846,83302.75373335436
687,Injuries,294,1,Female,68,92643.01846291569,98494.19404594088,85741.43496617611
687,Injuries,294,1,Female,69,94447.82307572734,99091.78950611448,88080.82543004752
687,Injuries,294,1,Female,70,96028.45702646776,99562.72159763097,90255.1951703641
687,Injuries,294,1,Female,71,97283.89330507025,99872.58421981576,92198.81423252134
687,Injuries,294,1,Female,72,98113.10490146828,99986.97127199438,93845.95266191472
687,Injuries,294,1,Female,73,98669.86124374327,99991.6418225554,95354.39648882597
687,Injuries,294,1,Female,74,99156.98005692728,99995.28739245684,96826.2053008959
687,Injuries,294,1,Female,75,99547.0067763796,99997.90055987833,98112.05947955888
687,Injuries,294,1,Female,76,99812.4868374596,99999.47390299948,99062.63940624904
687,Injuries,294,1,Female,77,99925.9656755266,99999.99999999996,99528.62546240068
687,Injuries,294,1,Female,78,99951.73752536744,100000.0,99688.86019385558
687,Injuries,294,1,Female,79,99972.23700193725,100000.0,99819.46305283385
687,Injuries,294,1,Female,80,99987.22011084776,100000.00000000004,99917.0297803372
687,Injuries,294,1,Female,81,99996.4428577108,100000.00000000004,99978.15611736749
687,Injuries,294,1,Female,82,99999.66124813816,100000.00000000004,99999.43780492636
687,Injuries,294,1,Female,83,99999.78280200974,100000.00000000004,99999.64002350126
687,Injuries,294,1,Female,84,99999.87760293124,100000.00000000004,99999.79741666542
687,Injuries,294,1,Female,85,99999.94550210307,100000.0,99999.9099200495
687,Injuries,294,1,Female,86,99999.98635072586,100000.0,99999.97746928416
687,Injuries,294,1,Female,87,100000.0,100000.0,100000.0
687,Injuries,294,1,Female,88,100000.0,100000.0,100000.0
687,Injuries,294,1,Female,89,100000.0,100000.0,100000.0
687,Injuries,294,1,Female,90,100000.0,100000.0,100000.0
687,Injuries,294,1,Female,91,100000.0,100000.0,100000.0
687,Injuries,294,1,Female,92,100000.0,100000.0,100000.0
687,Injuries,294,1,Female,93,100000.0,100000.0,100000.0
687,Injuries,294,1,Female,94,100000.0,100000.0,100000.0
687,Injuries,294,1,Female,95,100000.0,100000.0,100000.0
687,Injuries,294,1,Female,96,100000.0,100000.0,100000.0
687,Injuries,294,1,Female,97,100000.0,100000.0,100000.0
687,Injuries,294,1,Female,98,100000.0,100000.0,100000.0
687,Injuries,294,1,Female,99,100000.0,100000.0,100000.0
687,Injuries,294,1,Female,100,100000.0,100000.0,100000.0
687,Injuries,294,1,Male,0,2505.28348537635,2846.28228576825,2165.14106550458
687,Injuries,294,1,Male,1,2505.28348537635,2846.28228576825,2165.14106550458
687,Injuries,294,1,Male,2,2505.28348537635,2846.28228576825,2165.14106550458
687,Injuries,294,1,Male,3,3152.8941363299496,3602.3542363390065,2687.860367942221
687,Injuries,294,1,Male,4,3823.6417115347263,4382.080529058814,3237.353132762333
687,Injuries,294,1,Male,5,4516.514417284496,5184.534598976531,3812.061046046479
687,Injuries,294,1,Male,6,5230.500459873068,6008.789881141016,4410.425793876221
687,Injuries,294,1,Male,7,5964.58804559426,6853.919810601131,5030.88906233312
687,Injuries,294,1,Male,8,6710.831951739511,7716.138470282859,5666.5493559887855
687,Injuries,294,1,Male,9,7471.593030289926,8597.607845072196,6321.042740652906
687,Injuries,294,1,Male,10,8261.318599573806,9506.32322295802,7008.617244264164
687,Injuries,294,1,Male,11,9094.455977919455,10450.279891929193,7743.520894761241
687,Injuries,294,1,Male,12,9985.45248365518,11437.4731399746,8540.001720082819
687,Injuries,294,1,Male,13,10975.120110217767,12495.160332904909,9441.739408718926
687,Injuries,294,1,Male,14,12062.33333263795,13622.381688880372,10451.096910484308
687,Injuries,294,1,Male,15,13198.633191634945,14784.806774414252,11520.347145304724
687,Injuries,294,1,Male,16,14335.560727927952,15948.105156019808,12601.763033105926
687,Injuries,294,1,Male,17,15424.65698223619,17077.94640021029,13647.61749381368
687,Injuries,294,1,Male,18,16471.89294002888,18192.1514392569,14668.21419431387
687,Injuries,294,1,Male,19,17510.109421563557,19313.849166445416,15695.405170667082
687,Injuries,294,1,Male,20,18531.152219741904,20416.67108981091,16713.785896561116
687,Injuries,294,1,Male,21,19526.867127465597,21474.248717388495,17707.951845683758
687,Injuries,294,1,Male,22,20489.09993763633,22460.21355721325,18662.49849172281
687,Injuries,294,1,Male,23,21402.525938080376,23349.85622750577,19558.635274066663
687,Injuries,294,1,Male,24,22274.39699472331,24166.780401880667,20408.632620015014
687,Injuries,294,1,Male,25,23130.42376761572,24957.08717146408,21243.67748512264
687,Injuries,294,1,Male,26,23996.316916808217,25766.877627382157,22094.95682494432
687,Injuries,294,1,Male,27,24897.7871023514,26642.25286076103,22993.65759503482
687,Injuries,294,1,Male,28,25852.87967548855,27612.363445544914,23972.190650809614
687,Injuries,294,1,Male,29,26845.47109840076,28650.52778041904,25011.981776893863
687,Injuries,294,1,Male,30,27850.01869754536,29719.09869362106,26067.74032265689
687,Injuries,294,1,Male,31,28840.979799379656,30780.429013388617,27094.175637467983
687,Injuries,294,1,Male,32,29792.81173036098,31796.871567959373,28045.99707069646
687,Injuries,294,1,Male,33,30699.49325495891,32762.60639699348,28913.12481955133
687,Injuries,294,1,Male,34,31579.23348143989,33703.63783271285,29730.151034054055
687,Injuries,294,1,Male,35,32442.835251956505,34630.055142197736,30518.7929927926
687,Injuries,294,1,Male,36,33301.10140866137,35551.947592528406,31300.76797435495
687,Injuries,294,1,Male,37,34164.83479370709,36479.40445078514,32097.79325732906
687,Injuries,294,1,Male,38,35004.36125548665,37382.14476947907,32878.56786190934
687,Injuries,294,1,Male,39,35812.487459964155,38253.445962461155,33628.61461394373
687,Injuries,294,1,Male,40,36633.73747564891,39138.73483882137,34394.886500500535
687,Injuries,294,1,Male,41,37512.63537105018,40083.43820764973,35224.336508648055
687,Injuries,294,1,Male,42,38493.70521467725,41132.982878036186,36163.91762545461
687,Injuries,294,1,Male,43,39609.415236355126,42311.42167755516,37269.75579422859
687,Injuries,294,1,Male,44,40849.27300088128,43607.14040535944,38535.7620754033
687,Injuries,294,1,Male,45,42193.36157922369,45012.06532790662,39915.56713173436
687,Injuries,294,1,Male,46,43621.764042350325,46518.1227116543,41362.801625977416
687,Injuries,294,1,Male,47,45114.56346122916,48117.23882306007,42831.096220888096
687,Injuries,294,1,Male,48,46726.93159638072,49897.34881005324,44360.21298064532
687,Injuries,294,1,Male,49,48485.49479609374,51884.888146117286,45986.67589904166
687,Injuries,294,1,Male,50,50327.51801298855,53979.53358604105,47659.25853325319
687,Injuries,294,1,Male,51,52190.26619968546,56080.96188461337,49326.734440455984
687,Injuries,294,1,Male,52,54011.00430880481,58088.849796623086,50937.87717782613
687,Injuries,294,1,Male,53,55785.18734169565,59966.31060701221,52469.54843835259
687,Injuries,294,1,Male,54,57554.63871224746,61781.08852677768,53956.63279393845
687,Injuries,294,1,Male,55,59326.17599189116,63589.80669979067,55434.93812013101
687,Injuries,294,1,Male,56,61106.61675205769,65449.08826992241,56940.272292477544
687,Injuries,294,1,Male,57,62902.77856417798,67415.55638104411,58508.44318652533
687,Injuries,294,1,Male,58,64724.86028028072,69572.7256839122,60170.116361134315
687,Injuries,294,1,Male,59,66568.49524341876,71889.97260286573,61904.09910928139
687,Injuries,294,1,Male,60,68418.65276155913,74252.71294214987,63668.41190768931
687,Injuries,294,1,Male,61,70260.30214266897,76546.36250600978,65421.075233080795
687,Injuries,294,1,Male,62,72078.41269471533,78656.33709869058,67120.1095621786
687,Injuries,294,1,Male,63,73895.79621404145,80603.64929208423,68771.87025722212
687,Injuries,294,1,Male,64,75722.71761601488,82476.12385215773,70405.26385666757
687,Injuries,294,1,Male,65,77525.32588713919,84259.39487426882,72012.13760156283
687,Injuries,294,1,Male,66,79269.77001391797,85939.0964537753,73584.3387329558
687,Injuries,294,1,Male,67,80922.19898285482,87500.8626860349,75113.71449189435
687,Injuries,294,1,Male,68,82487.55870279696,88975.64342243859,76584.015688982
687,Injuries,294,1,Male,69,83994.62411581623,90387.4064013785,78002.74289979953
687,Injuries,294,1,Male,70,85445.28775825318,91711.31254871412,79397.36801286066
687,Injuries,294,1,Male,71,86841.44216644832,92922.52279030498,80795.36291667921
687,Injuries,294,1,Male,72,88184.97987674228,93996.1980520106,82224.19949976889
687,Injuries,294,1,Male,73,89508.5614367234,94983.72832127375,83730.38822098968
687,Injuries,294,1,Male,74,90815.49733512576,95924.51881236664,85295.89657428823
687,Injuries,294,1,Male,75,92063.6550200084,96775.75329139303,86851.38200080825
687,Injuries,294,1,Male,76,93210.90193943027,97494.61552445668,88327.50194169347
687,Injuries,294,1,Male,77,94215.10554145044,98038.28927766134,89654.91383808764
687,Injuries,294,1,Male,78,95124.21175929348,98457.19603484104,90868.38962690228
687,Injuries,294,1,Male,79,95988.4305119702,98825.63319872876,92029.22659781916
687,Injuries,294,1,Male,80,96769.025226219,99136.59841377677,93107.87022113748
687,Injuries,294,1,Male,81,97427.25932877832,99383.08932443714,94074.76596715642
687,Injuries,294,1,Male,82,97924.39624638647,99558.10357516212,94900.35930617509
687,Injuries,294,1,Male,83,98302.74668894666,99691.70355677971,95619.87958306796
687,Injuries,294,1,Male,84,98630.4916380758,99812.2492143188,96280.34957761785
687,Injuries,294,1,Male,85,98907.69992808298,99910.18452353288,96869.90491248644
687,Injuries,294,1,Male,86,99134.4403932772,99975.95346017544,97376.68121033552
687,Injuries,294,1,Male,87,99310.7818679676,99999.99999999996,97788.81409382683
687,Injuries,294,1,Male,88,99454.48453735,99999.99999999996,98130.53836305556
687,Injuries,294,1,Male,89,99581.27316921591,100000.0,98433.43419900686
687,Injuries,294,1,Male,90,99688.16347176794,100000.0,98696.65529567728
687,Injuries,294,1,Male,91,99772.17115320863,100000.0,98919.35534706332
687,Injuries,294,1,Male,92,99830.31192174056,100000.0,99100.68804716151
687,Injuries,294,1,Male,93,99873.20979504386,100000.0,99256.64520775928
687,Injuries,294,1,Male,94,99911.56657714196,100000.0,99399.21375556424
687,Injuries,294,1,Male,95,99942.51465575233,100000.0,99521.54005695318
687,Injuries,294,1,Male,96,99963.1864185924,99999.99999999996,99616.77047830296
687,Injuries,294,1,Male,97,99970.71425337964,99999.99999999996,99678.05138599036
687,Injuries,294,1,Male,98,99970.71425337964,99999.99999999996,99678.05138599036
687,Injuries,294,1,Male,99,99970.71425337964,99999.99999999996,99678.05138599036
687,Injuries,294,1,Male,100,99970.71425337964,99999.99999999996,99678.05138599036
973,Substance use disorders,409,2,Both,0,66.28478488028,101.89232123911,22.13221066856
973,Substance use disorders,409,2,Both,1,66.28478488028,101.89232123911,22.13221066856
973,Substance use disorders,409,2,Both,2,66.28478488028,101.89232123911,22.13221066856
973,Substance use disorders,409,2,Both,3,66.3586648232156,101.58802214110992,22.44330842204955
973,Substance use disorders,409,2,Both,4,66.579871159236,101.40344727838855,23.36567275711306
973,Substance use disorders,409,2,Both,5,66.94775364916161,101.30866559212625,24.88291028564279
973,Substance use disorders,409,2,Both,6,67.46166205381282,101.27374602350328,26.978627619531014
973,Substance use disorders,409,2,Both,7,68.12094613401,101.2687575137,29.636431370670003
973,Substance use disorders,409,2,Both,8,90.61241817761103,134.55596182646113,45.61580832313366
973,Substance use disorders,409,2,Both,9,154.55419781807754,230.75768273227544,86.94521230058484
973,Substance use disorders,409,2,Both,10,256.8425958346355,384.3840821824392,152.51170047429918
973,Substance use disorders,409,2,Both,11,394.373923006511,589.9453221282487,241.20233001555235
973,Substance use disorders,409,2,Both,12,564.04449011293,841.951564521,351.90415809562
973,Substance use disorders,409,2,Both,13,1171.4945125194276,1708.1492567843773,784.0220305646726
973,Substance use disorders,409,2,Both,14,2432.901354716318,3466.578018934159,1709.2563805852851
973,Substance use disorders,409,2,Both,15,4060.9670511699937,5677.187771809788,2934.937646297339
973,Substance use disorders,409,2,Both,16,5768.393636346846,7899.928436250702,4268.396265840717
973,Substance use disorders,409,2,Both,17,7267.883144713271,9694.74993309634,5516.9626773553
973,Substance use disorders,409,2,Both,18,8680.890939240648,11178.6325344818,6829.992862304556
973,Substance use disorders,409,2,Both,19,10199.43591817888,12666.424770531396,8341.064976083077
973,Substance use disorders,409,2,Both,20,11642.065418912123,14014.878949068416,9833.842717727426
973,Substance use disorders,409,2,Both,21,12827.326778824556,15080.74737791614,11091.989786274182
973,Substance use disorders,409,2,Both,22,13573.76733530033,15720.78236489786,11899.1698807599
973,Substance use disorders,409,2,Both,23,14021.186993268184,16080.638236422288,12390.838520206342
973,Substance use disorders,409,2,Both,24,14413.413596341716,16390.130094359385,12826.341527030903
973,Substance use disorders,409,2,Both,25,14725.036389932417,16632.251409724286,13175.178055363636
973,Substance use disorders,409,2,Both,26,14930.64461945175,16789.995653532125,13406.847259334578
973,Substance use disorders,409,2,Both,27,15004.8275303112,16846.35629679804,13490.84829307377
973,Substance use disorders,409,2,Both,28,14890.883809074148,16733.44764656398,13349.577490556465
973,Substance use disorders,409,2,Both,29,14594.578519642291,16437.66199765374,12988.475945300626
973,Substance use disorders,409,2,Both,30,14184.2004734346,16023.409802755234,12501.609950750377
973,Substance use disorders,409,2,Both,31,13728.03848187002,15555.101514556363,11983.045800349826
973,Substance use disorders,409,2,Both,32,13294.38135636752,15097.14758574505,11526.8497875431
973,Substance use disorders,409,2,Both,33,12858.225364439077,14601.3002637044,11132.492382559543
973,Substance use disorders,409,2,Both,34,12369.388230778692,14014.727898905548,10737.261973885374
973,Substance use disorders,409,2,Both,35,11858.390952578364,13394.965098668416,10341.951732349997
973,Substance use disorders,409,2,Both,36,11355.754527030083,12799.546470312942,9947.354828782823
973,Substance use disorders,409,2,Both,37,10891.99995132585,12286.00662115906,9554.26443401328
973,Substance use disorders,409,2,Both,38,10459.056799873808,11855.61140650691,9141.502579095437
973,Substance use disorders,409,2,Both,39,10034.947520206628,11462.94741429345,8708.534463038715
973,Substance use disorders,409,2,Both,40,9629.332419203063,11095.530350793844,8287.118008605536
973,Substance use disorders,409,2,Both,41,9251.871803741877,10740.875922283243,7909.011138558324
973,Substance use disorders,409,2,Both,42,8912.22598070182,10386.49983503681,7605.971775659499
973,Substance use disorders,409,2,Both,43,8609.530040691268,10021.281976531223,7377.347129726917
973,Substance use disorders,409,2,Both,44,8332.156263896282,9653.084447533716,7188.117304662689
973,Substance use disorders,409,2,Both,45,8073.620741562171,9297.896274255269,7018.4895643556165
973,Substance use disorders,409,2,Both,46,7827.439564934245,8971.706482906846,6848.671172694502
973,Substance use disorders,409,2,Both,47,7587.128825257811,8690.50409969943,6658.8693935681495
973,Substance use disorders,409,2,Both,48,7357.476642141477,8463.17227067816,6442.151085783364
973,Substance use disorders,409,2,Both,49,7141.911495841972,8272.120103650905,6211.043385673418
973,Substance use disorders,409,2,Both,50,6931.910018576787,8093.625567472741,5974.943973416816
973,Substance use disorders,409,2,Both,51,6718.948842563408,7903.966630998741,5743.2505291920625
973,Substance use disorders,409,2,Both,52,6494.50460001933,7679.42126308398,5525.36073317766
973,Substance use disorders,409,2,Both,53,6255.472556591223,7394.42342403538,5328.156821896541
973,Substance use disorders,409,2,Both,54,6007.122631864404,7058.903596663528,5144.79507762681
973,Substance use disorders,409,2,Both,55,5753.493438964327,6702.384533579001,4964.084249179722
973,Substance use disorders,409,2,Both,56,5498.6235910164405,6354.388987392367,4774.833085366536
973,Substance use disorders,409,2,Both,57,5246.5517011462,6044.4397107142,4565.85033499851
973,Substance use disorders,409,2,Both,58,4995.107407064543,5776.903710673492,4319.228126921833
973,Substance use disorders,409,2,Both,59,4741.598188549665,5529.838185699091,4040.092496382939
973,Substance use disorders,409,2,Both,60,4489.279421827904,5293.301175351351,3751.803051793461
973,Substance use disorders,409,2,Both,61,4241.4064831256,5057.350719190629,3477.7194015650307
973,Substance use disorders,409,2,Both,62,4001.23474866909,4812.04485677728,3241.20115410928
973,Substance use disorders,409,2,Both,63,3765.814356861767,4551.26634311895,3042.2741031807527
973,Substance use disorders,409,2,Both,64,3532.68414285596,4281.565553612814,2861.5855072289182
973,Substance use disorders,409,2,Both,65,3305.832528001406,4012.0019584035217,2693.427171707799
973,Substance use disorders,409,2,Both,66,3089.2479336478436,3751.6350276357207,2532.0909020714194
973,Substance use disorders,409,2,Both,67,2886.9187811450097,3509.52423145406,2371.8685037738
973,Substance use disorders,409,2,Both,68,2691.336023081875,3277.1487412777383,2204.46143350011
973,Substance use disorders,409,2,Both,69,2498.5058268940597,3047.186957398109,2033.3501755248149
973,Substance use disorders,409,2,Both,70,2317.6894362012818,2830.4971932680533,1870.4950766858824
973,Substance use disorders,409,2,Both,71,2158.1480946232564,2637.937762340453,1727.8564838212817
973,Substance use disorders,409,2,Both,72,2029.1430457797,2480.3669780681903,1617.39474376898
973,Substance use disorders,409,2,Both,73,1924.3097350409696,2347.0991672970863,1533.833326175857
973,Substance use disorders,409,2,Both,74,1831.091050384798,2223.9002386953052,1462.271148447598
973,Substance use disorders,409,2,Both,75,1749.459399341962,2116.3058784492437,1400.231729060381
973,Substance use disorders,409,2,Both,76,1679.3871894432405,2029.8517727452968,1345.2385864903856
973,Substance use disorders,409,2,Both,77,1620.84682821941,1970.07360776986,1294.81523921379
973,Substance use disorders,409,2,Both,78,1566.788066524687,1926.6968073967623,1242.9625234760313
973,Substance use disorders,409,2,Both,79,1514.2119675812066,1887.751003321591,1190.123134967375
973,Substance use disorders,409,2,Both,80,1469.1679074716233,1856.2281934633795,1143.483381331242
973,Substance use disorders,409,2,Both,81,1437.7052622785927,1835.1203757411615,1110.2295702110532
973,Substance use disorders,409,2,Both,82,1425.87340808477,1827.4195480739704,1097.54800925023
973,Substance use disorders,409,2,Both,83,1428.1668035484856,1827.8429613119015,1101.6255735613447
973,Substance use disorders,409,2,Both,84,1434.499631921957,1829.0939809749411,1112.2830422448983
973,Substance use disorders,409,2,Both,85,1444.0508561786703,1831.1437769869603,1127.157578926205
973,Substance use disorders,409,2,Both,86,1455.9994392921124,1833.9635192718297,1143.8863472305773
973,Substance use disorders,409,2,Both,87,1469.5243442357698,1837.52437775342,1160.10651078333
973,Substance use disorders,409,2,Both,88,1489.5734634163289,1861.701000573106,1175.988933271803
973,Substance use disorders,409,2,Both,89,1519.989998486306,1918.544026775353,1193.3977316933515
973,Substance use disorders,409,2,Both,90,1558.295876287931,1996.2886126386632,1212.5099496383104
973,Substance use disorders,409,2,Both,91,1602.0130236634354,2083.1699144415416,1233.5026306970146
973,Substance use disorders,409,2,Both,92,1648.66336745505,2167.42308846249,1256.5528184598
973,Substance use disorders,409,2,Both,93,1701.2670836618204,2250.8461496643044,1282.572215837674
973,Substance use disorders,409,2,Both,94,1763.63348962634,2342.5666235966455,1312.0940101354197
973,Substance use disorders,409,2,Both,95,1834.46822420616,2441.8139324183153,1344.7274715340332
973,Substance use disorders,409,2,Both,96,1912.4769262588327,2547.817498288116,1380.0818702145111
973,Substance use disorders,409,2,Both,97,1996.36523464191,2659.8067433648503,1417.76647635785
973,Substance use disorders,409,2,Both,98,1996.36523464191,2659.80674336485,1417.76647635785
973,Substance use disorders,409,2,Both,99,1996.36523464191,2659.80674336485,1417.76647635785
973,Substance use disorders,409,2,Both,100,1996.36523464191,2659.80674336485,1417.76647635785
973,Substance use disorders,409,2,Female,0,52.75276785166,79.64424343705001,27.11052719627
973,Substance use disorders,409,2,Female,1,52.75276785166,79.64424343705001,27.11052719627
973,Substance use disorders,409,2,Female,2,52.75276785166,79.64424343705001,27.11052719627
973,Substance use disorders,409,2,Female,3,52.81183920803973,79.66187546748078,27.23412727227363
973,Substance use disorders,409,2,Female,4,52.98872392713517,79.71475096153074,27.60278082243889
973,Substance use disorders,409,2,Female,5,53.28292798388076,79.8028390233363,28.21326782999734
973,Substance use disorders,409,2,Female,6,53.69395735321089,79.9261087570339,29.06236827818052
973,Substance use disorders,409,2,Female,7,54.22131801006,80.08452926676,30.14686215022
973,Substance use disorders,409,2,Female,8,73.22299077871659,107.2887450304902,42.8656093303335
973,Substance use disorders,409,2,Female,9,127.22847160982889,185.5619050838584,77.73473278422111
973,Substance use disorders,409,2,Female,10,213.49453916787087,310.4227353674886,133.426907117338
973,Substance use disorders,409,2,Female,11,329.2779721173166,477.3899618220044,208.61480693513928
973,Substance use disorders,409,2,Female,12,471.83554912264,681.98231038803,301.97110684308
973,Substance use disorders,409,2,Female,13,960.2925451502166,1368.2053968554692,647.2796132700255
973,Substance use disorders,409,2,Female,14,1966.7021910476903,2757.8219128681462,1380.2466033410687
973,Substance use disorders,409,2,Female,15,3267.7131993014395,4512.986198147564,2352.4284577060075
973,Substance use disorders,409,2,Female,16,4639.9742823978395,6295.852592415229,3415.381557014639
973,Substance use disorders,409,2,Female,17,5860.134152823271,7768.57543539264,4420.662281916761
973,Substance use disorders,409,2,Female,18,7042.265080009636,9045.002182648735,5501.339685253702
973,Substance use disorders,409,2,Female,19,8335.291507634782,10361.424624134275,6762.2916420700185
973,Substance use disorders,409,2,Female,20,9568.140409554,11563.663601143508,8012.787766320338
973,Substance use disorders,409,2,Female,21,10569.738759622576,12497.53995497068,9062.09767195929
973,Substance use disorders,409,2,Female,22,11169.0135316958,13008.874526910038,9719.490972941509
973,Substance use disorders,409,2,Female,23,11492.963522304626,13241.38070918542,10101.467832814882
973,Substance use disorders,409,2,Female,24,11772.193003655411,13436.202543214536,10436.971558502046
973,Substance use disorders,409,2,Female,25,11991.03716311654,13585.306844082425,10703.936479019756
973,Substance use disorders,409,2,Female,26,12133.8311880564,13680.660426874125,10880.296923384763
973,Substance use disorders,409,2,Female,27,12184.91026584338,13714.23010667468,10943.98722061382
973,Substance use disorders,409,2,Female,28,12071.345589685016,13602.287766648587,10798.473897420045
973,Substance use disorders,409,2,Female,29,11779.271324130776,13311.984853047155,10431.13310685968
973,Substance use disorders,409,2,Female,30,11381.617113561948,12911.607525585676,9945.763617464205
973,Substance use disorders,409,2,Female,31,10951.312602359803,12469.44194397942,9446.16419776508
973,Substance use disorders,409,2,Female,32,10561.28743490563,12053.77426794367,9036.133616293771
973,Substance use disorders,409,2,Female,33,10198.907867464795,11637.738362346725,8716.775891443629
973,Substance use disorders,409,2,Female,34,9814.981838217403,11172.62942064801,8416.49341680148
973,Substance use disorders,409,2,Female,35,9427.601514416803,10693.97559544952,8130.032523689019
973,Substance use disorders,409,2,Female,36,9054.859063316366,10237.305039353232,7852.139543427929
973,Substance use disorders,409,2,Female,37,8714.84665216944,9838.145904961131,7577.560807339901
973,Substance use disorders,409,2,Female,38,8402.983483814081,9491.574883673617,7295.931797592197
973,Substance use disorders,409,2,Female,39,8104.67110761207,9168.485763138891,7010.378714497838
973,Substance use disorders,409,2,Female,40,7822.975210602374,8868.13234033066,6735.883966597138
973,Substance use disorders,409,2,Female,41,7560.961479823963,8589.768412222618,6487.429962430417
973,Substance use disorders,409,2,Female,42,7321.6956023158,8332.64777578847,6279.9991105379895
973,Substance use disorders,409,2,Female,43,7106.408453935583,8097.719473058979,6115.742577729442
973,Substance use disorders,409,2,Female,44,6909.812669771707,7882.156604798924,5977.529069633004
973,Substance use disorders,409,2,Female,45,6725.196575709182,7679.549056083023,5851.417303016953
973,Substance use disorders,409,2,Female,46,6545.848497633023,7483.486711985996,5723.465994649572
973,Substance use disorders,409,2,Female,47,6365.056761428239,7287.55945758256,5579.733861299141
973,Substance use disorders,409,2,Female,48,6188.924722845949,7100.213805217016,5418.60162905729
973,Substance use disorders,409,2,Female,49,6021.811377844699,6925.502353110547,5248.514050947213
973,Substance use disorders,409,2,Female,50,5854.388512620652,6750.424115153191,5070.6258841345425
973,Substance use disorders,409,2,Female,51,5677.327913369972,6561.978105234992,4886.091885784905
973,Substance use disorders,409,2,Female,52,5481.301366288821,6347.163337245989,4696.066813063931
973,Substance use disorders,409,2,Female,53,5256.086891506566,6086.763790921461,4499.238162628947
973,Substance use disorders,409,2,Female,54,5005.099496494494,5784.000251602362,4294.227722417179
973,Substance use disorders,409,2,Female,55,4739.4664484616505,5459.526941587248,4082.0916865141016
973,Substance use disorders,409,2,Female,56,4470.315014617077,5133.998083174672,3863.8862490051906
973,Substance use disorders,409,2,Female,57,4208.77246216982,4828.06789866319,3640.66760397592
973,Substance use disorders,409,2,Female,58,3947.313835169278,4536.142935999836,3399.068495333646
973,Substance use disorders,409,2,Female,59,3678.520598905274,4244.186908296369,3137.969522043065
973,Substance use disorders,409,2,Female,60,3413.6796524474867,3960.1897855984375,2876.7986607756643
973,Substance use disorders,409,2,Female,61,3164.077894865593,3692.141537951686,2634.9838882029303
973,Substance use disorders,409,2,Female,62,2941.00222522927,3448.03213540176,2431.95318099635
973,Substance use disorders,409,2,Female,63,2740.9192067002477,3224.3603310711524,2264.7384374968005
973,Substance use disorders,409,2,Female,64,2553.306006626504,3013.1144124206917,2114.9416553662504
973,Substance use disorders,409,2,Female,65,2378.9654303570896,2815.5186510035296,1978.8459602578223
973,Substance use disorders,409,2,Female,66,2218.7002832410544,2632.797318372819,1852.734477824638
973,Substance use disorders,409,2,Female,67,2073.3133706274502,2466.17468608171,1732.89033371982
973,Substance use disorders,409,2,Female,68,1936.9183311908305,2308.5731580309475,1613.8808544606786
973,Substance use disorders,409,2,Female,69,1806.5238115730267,2156.6874492704655,1497.0013500713608
973,Substance use disorders,409,2,Female,70,1687.275129074006,2017.4002980772063,1388.626921465246
973,Substance use disorders,409,2,Female,71,1584.317600993735,1897.5944427281108,1295.1326695557127
973,Substance use disorders,409,2,Female,72,1502.79654463218,1804.15262150012,1222.89369525614
973,Substance use disorders,409,2,Female,73,1436.628942833093,1727.9290992116305,1167.159807312606
973,Substance use disorders,409,2,Female,74,1377.2905133684314,1657.990838430033,1118.6783007605095
973,Substance use disorders,409,2,Female,75,1326.2646759304691,1598.5396240557618,1077.0705059472111
973,Substance use disorders,409,2,Female,76,1285.0348502114807,1553.7772409892498,1041.9577532200713
973,Substance use disorders,409,2,Female,77,1255.08445590374,1527.90547413093,1012.96137292645
973,Substance use disorders,409,2,Female,78,1231.6905551404186,1513.76734315695,986.4532067121525
973,Substance use disorders,409,2,Female,79,1210.3469964726169,1501.783049234639,960.934583057664
973,Substance use disorders,409,2,Female,80,1192.8623792195028,1492.5201495012066,939.2210625623662
973,Substance use disorders,409,2,Female,81,1181.0453027002443,1486.5462010938604,924.1282058256412
973,Substance use disorders,409,2,Female,82,1176.70436623401,1484.42876114981,918.47157344687
973,Substance use disorders,409,2,Female,83,1181.9487263522983,1488.267902537394,924.1509858683776
973,Substance use disorders,409,2,Female,84,1195.9563868391474,1498.9137651371277,938.8711999240296
973,Substance use disorders,409,2,Female,85,1216.1392178925337,1515.059006604483,959.15518080052
973,Substance use disorders,409,2,Female,86,1239.9090897104322,1535.3962845949331,981.5258936845422
973,Substance use disorders,409,2,Female,87,1264.67787249082,1558.61825676395,1002.50630376279
973,Substance use disorders,409,2,Female,88,1293.0289193510966,1595.580681122491,1022.0032432842028
973,Substance use disorders,409,2,Female,89,1328.4082698441728,1653.630603144236,1042.483252546355
973,Substance use disorders,409,2,Female,90,1369.5218238212883,1726.1976116787423,1064.3088588088929
973,Substance use disorders,409,2,Female,91,1415.075481133684,1806.711295575568,1087.8425893314622
973,Substance use disorders,409,2,Female,92,1463.7751416326,1888.6012436842705,1113.44697137371
973,Substance use disorders,409,2,Female,93,1517.508369058129,1974.1149417370975,1141.7866339725842
973,Substance use disorders,409,2,Female,94,1578.4861566571278,2069.238010785951,1173.0946273147124
973,Substance use disorders,409,2,Female,95,1645.8995485409869,2173.0072426598667,1207.0861103842594
973,Substance use disorders,409,2,Female,96,1718.9395888210947,2284.45942918788,1243.4762421653904
973,Substance use disorders,409,2,Female,97,1796.79732160884,2402.63136219903,1281.98018164227
973,Substance use disorders,409,2,Female,98,1796.79732160884,2402.63136219903,1281.98018164227
973,Substance use disorders,409,2,Female,99,1796.79732160884,2402.63136219903,1281.98018164227
973,Substance use disorders,409,2,Female,100,1796.79732160884,2402.63136219903,1281.98018164227
973,Substance use disorders,409,2,Male,0,79.23247646844,122.18084239377,16.06869916174
973,Substance use disorders,409,2,Male,1,79.23247646844,122.18084239377,16.06869916174
973,Substance use disorders,409,2,Male,2,79.23247646844,122.18084239377,16.06869916174
973,Substance use disorders,409,2,Male,3,79.31956245366531,122.1087120283308,16.675319783582232
973,Substance use disorders,409,2,Male,4,79.58029694494391,122.06496082306438,18.461190967043503
973,Substance use disorders,409,2,Male,5,80.01389474567988,122.0424939879276,21.375326689025652
973,Substance use disorders,409,2,Male,6,80.61957065927723,122.0342167328772,25.366740926430538
973,Substance use disorders,409,2,Male,7,81.39653948914,122.03303426787,30.384447656160003
973,Substance use disorders,409,2,Male,8,107.20674585500927,161.36798559700136,50.12524729010377
973,Substance use disorders,409,2,Male,9,180.60878503352004,275.0566828425957,97.85264332481486
973,Substance use disorders,409,2,Male,10,298.14684781341714,456.6248908919534,172.8657043641901
973,Substance use disorders,409,2,Male,11,456.3651249834454,699.5983746323747,274.4634990121262
973,Substance use disorders,409,2,Male,12,651.80780733235,997.50289895116,401.94509587252
973,Substance use disorders,409,2,Male,13,1372.3217645591176,2030.0005667378791,916.592248748706
973,Substance use disorders,409,2,Male,14,2876.161916353969,4126.71827762739,2024.6899420410805
973,Substance use disorders,409,2,Male,15,4815.4845284924995,6756.128991624924,3493.042090249134
973,Substance use disorders,409,2,Male,16,6842.445866750306,9386.705668735716,5088.4526078723575
973,Substance use disorders,409,2,Male,17,8609.202196902981,11486.92126896499,6577.72540941024
973,Substance use disorders,409,2,Male,18,10245.423338528675,13183.254104229309,8139.747345692756
973,Substance use disorders,409,2,Male,19,11984.210422135146,14860.57222469907,9935.453331594565
973,Substance use disorders,409,2,Male,20,13632.866679892371,16374.933197760283,11704.719377682171
973,Substance use disorders,409,2,Male,21,14998.695343970356,17582.39459079897,13187.42149452209
973,Substance use disorders,409,2,Male,22,15888.99964653909,18339.01397120113,14123.43569268083
973,Substance use disorders,409,2,Male,23,16457.20630021972,18800.800844105892,14677.11665114028
973,Substance use disorders,409,2,Male,24,16961.374052968116,19203.17798807908,15164.502770851415
973,Substance use disorders,409,2,Male,25,17365.75418995633,19521.32288064673,15552.995645334404
973,Substance use disorders,409,2,Male,26,17634.597996356417,19730.41299933489,15809.99686810941
973,Substance use disorders,409,2,Male,27,17732.15675734043,19805.6258216696,15902.9080326966
973,Substance use disorders,409,2,Male,28,17618.65789261142,19703.731703021265,15759.653572243033
973,Substance use disorders,409,2,Male,29,17320.765282990837,19433.230863408786,15390.624405715262
973,Substance use disorders,409,2,Male,30,16902.384905328356,19046.895577330957,14886.921855362682
973,Substance use disorders,409,2,Male,31,16427.42273647366,18597.498119286563,14339.647243434689
973,Substance use disorders,409,2,Male,32,15959.78475327643,18137.8107637744,13839.90189218067
973,Substance use disorders,409,2,Male,33,15457.208387716068,17589.31764293652,13382.953233666523
973,Substance use disorders,409,2,Male,34,14865.403760362298,16893.328879362893,12906.918634068015
973,Substance use disorders,409,2,Male,35,14230.235880950277,16132.35573322418,12417.174316799352
973,Substance use disorders,409,2,Male,36,13597.569759215155,15388.909464691047,11919.096505274742
973,Substance use disorders,409,2,Male,37,13013.270404892091,14745.50133393417,11418.061422908391
973,Substance use disorders,409,2,Male,38,12465.645183437871,14202.825227050773,10878.440855168034
973,Substance use disorders,409,2,Male,39,11922.869005842622,13699.465106507638,10296.422080231505
973,Substance use disorders,409,2,Male,40,11400.608200141482,13224.767347029732,9725.104560578166
973,Substance use disorders,409,2,Male,41,10914.529094369598,12768.07832334204,9217.587758687376
973,Substance use disorders,409,2,Male,42,10480.29801656212,12318.74441016953,8826.9711370385
973,Substance use disorders,409,2,Male,43,10095.041980270707,11862.919570789996,8549.155194817069
973,Substance use disorders,409,2,Male,44,9741.29224549402,11406.704198946403,8325.739531069476
973,Substance use disorders,409,2,Male,45,9412.8215099377,10969.364315061488,8128.372258066363
973,Substance use disorders,409,2,Male,46,9103.402471307383,10570.165939557985,7928.701488078376
973,Substance use disorders,409,2,Male,47,8806.80782730872,10228.37509285863,7698.375333376161
973,Substance use disorders,409,2,Male,48,8524.846062283174,9951.22478144643,7415.877188206974
973,Substance use disorders,409,2,Male,49,8259.758387233627,9716.494353583064,7098.349069250462
973,Substance use disorders,409,2,Male,50,8005.966589857825,9499.269342359255,6775.427022425844
973,Substance use disorders,409,2,Male,51,7757.892457853508,9274.63528086576,6476.747093652347
973,Substance use disorders,409,2,Male,52,7509.95777891842,9017.6777021933,6231.94532884919
973,Substance use disorders,409,2,Male,53,7263.266372429806,8704.41487546176,6047.516384188835
973,Substance use disorders,409,2,Male,54,7021.398707246072,8348.413310541913,5896.01492759539
973,Substance use disorders,409,2,Male,55,6782.491545286697,7981.0809016508365,5756.167022615561
973,Substance use disorders,409,2,Male,56,6544.681648471165,7633.825543005603,5606.6987327960505
973,Substance use disorders,409,2,Male,57,6306.105778718959,7338.05512882329,5426.33612168356
973,Substance use disorders,409,2,Male,58,6069.120425646675,7102.971851372571,5190.544553260826
973,Substance use disorders,409,2,Male,59,5834.965405107136,6901.9792127696755,4907.656250993411
973,Substance use disorders,409,2,Male,60,5600.10246837416,6712.787072003017,4605.697567652265
973,Substance use disorders,409,2,Male,61,5360.993366721564,6513.105288061005,4312.694856008336
973,Substance use disorders,409,2,Male,62,5114.09985142317,6280.64371993205,4056.67446883257
973,Substance use disorders,409,2,Male,63,4853.346374883037,5995.642960914927,3840.920815775747
973,Substance use disorders,409,2,Male,64,4580.764455792465,5668.146849196451,3644.131241411537
973,Substance use disorders,409,2,Male,65,4304.976444856134,5320.570111097091,3457.451500895226
973,Substance use disorders,409,2,Male,66,4034.604692778716,4975.327472937321,3272.027349382102
973,Substance use disorders,409,2,Male,67,3778.2715502648903,4654.83366103761,3079.00454202745
973,Substance use disorders,409,2,Male,68,3526.0737503981145,4347.3668305855535,2864.592181299108
973,Substance use disorders,409,2,Male,69,3271.66621727969,4037.296399946398,2634.655513330934
973,Substance use disorders,409,2,Male,70,3029.008588141062,3741.1739902070935,2409.824508777251
973,Substance use disorders,409,2,Male,71,2812.060500213674,3475.5512224545873,2210.7291382923786
973,Substance use disorders,409,2,Male,72,2634.78159072897,3256.97971777583,2057.99937253064
973,Substance use disorders,409,2,Male,73,2490.069560011134,3073.7279339214615,1945.078413361356
973,Substance use disorders,409,2,Male,74,2361.051649931313,2905.9873219633164,1848.9073528760523
973,Substance use disorders,409,2,Male,75,2247.0318100413933,2758.193992970133,1765.3629970623572
973,Substance use disorders,409,2,Male,76,2147.3139898932627,2634.784058010652,1690.3221519078977
973,Substance use disorders,409,2,Male,77,2061.20213903881,2540.19362815361,1619.6616234003002
973,Substance use disorders,409,2,Male,78,1978.6409918749755,2461.61981494602,1544.777900028576
973,Substance use disorders,409,2,Male,79,1896.7927640877288,2388.0666529883333,1467.2153013682987
973,Substance use disorders,409,2,Male,80,1825.7876271624984,2326.6806379294458,1398.072380036943
973,Substance use disorders,409,2,Male,81,1775.7557525847126,2284.608265418256,1348.4476886519822
973,Substance use disorders,409,2,Male,82,1756.8273118398,2268.99603110366,1329.4397798308898
973,Substance use disorders,409,2,Male,83,1758.018673700455,2269.0556571718334,1333.1434797941831
973,Substance use disorders,409,2,Male,84,1761.4251338182407,2269.234168711731,1342.9125486418372
973,Substance use disorders,409,2,Male,85,1766.795253996887,2269.5310157264153,1356.7339398105114
973,Substance use disorders,409,2,Male,86,1773.8775960401233,2269.9456482189503,1372.5946067368657
973,Substance use disorders,409,2,Male,87,1782.42072175168,2270.4775161924,1388.48150285756
973,Substance use disorders,409,2,Male,88,1801.5985102753152,2293.8578511565493,1404.6043289407005
973,Substance use disorders,409,2,Male,89,1837.906304205255,2355.174665238822,1422.8631168544453
973,Substance use disorders,409,2,Male,90,1887.0748605209317,2442.962579368735,1443.780316685532
973,Substance use disorders,409,2,Male,91,1944.834936201776,2545.756214475808,1467.8783785206977
973,Substance use disorders,409,2,Male,92,2006.91728822722,2652.09019148956,1495.67975244668
973,Substance use disorders,409,2,Male,93,2079.988509021702,2771.016542622579,1530.2028270924768
973,Substance use disorders,409,2,Male,94,2171.6566123306766,2916.6445912165595,1573.2552942781183
973,Substance use disorders,409,2,Male,95,2279.0644871150976,3085.094894894677,1623.5435588768917
973,Substance use disorders,409,2,Male,96,2399.35502233592,3272.488011280109,1679.7740257620835
973,Substance use disorders,409,2,Male,97,2529.6711069541007,3474.94449799603,1740.65309980698
973,Substance use disorders,409,2,Male,98,2529.6711069541,3474.94449799603,1740.65309980698
973,Substance use disorders,409,2,Male,99,2529.6711069541,3474.94449799603,1740.65309980698
973,Substance use disorders,409,2,Male,100,2529.6711069541,3474.94449799603,1740.65309980698
974,Diabetes and kidney diseases,409,2,Both,0,75.53783060983001,134.32500187514,45.54244814755
974,Diabetes and kidney diseases,409,2,Both,1,75.53783060983001,134.32500187514,45.54244814755
974,Diabetes and kidney diseases,409,2,Both,2,75.53783060983001,134.32500187514,45.54244814755
974,Diabetes and kidney diseases,409,2,Both,3,107.3037429542981,220.1057079734406,60.41528955738931
974,Diabetes and kidney diseases,409,2,Both,4,166.58540427426348,324.97482351367375,100.83581543542712
974,Diabetes and kidney diseases,409,2,Both,5,247.2056534979518,446.17041306767567,160.5070282544433
974,Diabetes and kidney diseases,409,2,Both,6,342.9873295535888,580.9305412072823,233.13193048721763
974,Diabetes and kidney diseases,409,2,Both,7,447.7532713694,726.49327250433,312.41352460653
974,Diabetes and kidney diseases,409,2,Both,8,572.1162188027783,880.6574256183493,411.6794157936911
974,Diabetes and kidney diseases,409,2,Both,9,730.4895476878639,1049.8675165483894,546.35431478055
974,Diabetes and kidney diseases,409,2,Both,10,922.3970509180036,1244.3301558755638,713.2868823656944
974,Diabetes and kidney diseases,409,2,Both,11,1147.3625213865432,1474.2519541809863,909.325779347712
974,Diabetes and kidney diseases,409,2,Both,12,1404.90975198683,1749.83952204577,1131.31966652519
974,Diabetes and kidney diseases,409,2,Both,13,1768.0961705116204,2168.8079193071467,1440.6728875065128
974,Diabetes and kidney diseases,409,2,Both,14,2262.0223483372433,2759.468621476977,1860.5008530971272
974,Diabetes and kidney diseases,409,2,Both,15,2814.276793732407,3427.922862648322,2330.2188248912175
974,Diabetes and kidney diseases,409,2,Both,16,3352.4480149658157,4080.271876914236,2789.242064482968
974,Diabetes and kidney diseases,409,2,Both,17,3804.12452030618,4622.61689836778,3176.98583346656
974,Diabetes and kidney diseases,409,2,Both,18,4180.148194795647,5068.1324140170245,3503.9611447759794
974,Diabetes and kidney diseases,409,2,Both,19,4535.140313988856,5487.523653179818,3815.4625004661534
974,Diabetes and kidney diseases,409,2,Both,20,4862.358471923238,5873.187963413883,4103.080395812681
974,Diabetes and kidney diseases,409,2,Both,21,5155.060262636228,6217.522692276943,4358.405326091163
974,Diabetes and kidney diseases,409,2,Both,22,5406.50328016526,6512.925187326719,4573.0277865772005
974,Diabetes and kidney diseases,409,2,Both,23,5604.22839672589,6744.237957093957,4737.08066928376
974,Diabetes and kidney diseases,409,2,Both,24,5760.924218822179,6926.391797595741,4864.562072901052
974,Diabetes and kidney diseases,409,2,Both,25,5907.569941924313,7096.916487619301,4982.860302720534
974,Diabetes and kidney diseases,409,2,Both,26,6075.144761502481,7293.341805951866,5119.36366403367
974,Diabetes and kidney diseases,409,2,Both,27,6294.6278730268705,7553.197531380671,5301.4604621319195
974,Diabetes and kidney diseases,409,2,Both,28,6613.075292589704,7950.908487580859,5573.919432803874
974,Diabetes and kidney diseases,409,2,Both,29,7034.3830086354665,8494.378948530326,5942.630942595358
974,Diabetes and kidney diseases,409,2,Both,30,7524.790175162744,9121.35786847042,6376.6657429336865
974,Diabetes and kidney diseases,409,2,Both,31,8050.535946170121,9769.594201642483,6845.094585246173
974,Diabetes and kidney diseases,409,2,Both,32,8577.85947565618,10376.83690228787,7316.98822096013
974,Diabetes and kidney diseases,409,2,Both,33,9122.416779240526,10938.942768494067,7804.862511524431
974,Diabetes and kidney diseases,409,2,Both,34,9710.373243331014,11497.413638217491,8333.566045404294
974,Diabetes and kidney diseases,409,2,Both,35,10323.732078108584,12058.466025502898,8890.66866455155
974,Diabetes and kidney diseases,409,2,Both,36,10944.496493754195,12628.316444395025,9463.740210918037
974,Diabetes and kidney diseases,409,2,Both,37,11554.66970044879,13213.18140893861,10040.35052645558
974,Diabetes and kidney diseases,409,2,Both,38,12138.698731291805,13805.50594340842,10612.01487160908
974,Diabetes and kidney diseases,409,2,Both,39,12708.589804201609,14401.692653624676,11187.69872685461
974,Diabetes and kidney diseases,409,2,Both,40,13287.68490658756,15013.894425950311,11781.147264190771
974,Diabetes and kidney diseases,409,2,Both,41,13899.326025859022,15654.264146748268,12406.105655616177
974,Diabetes and kidney diseases,409,2,Both,42,14566.855149425352,16334.95470238148,13076.31907312942
974,Diabetes and kidney diseases,409,2,Both,43,15300.164062498394,17048.4418831841,13805.681441220033
974,Diabetes and kidney diseases,409,2,Both,44,16091.796379130705,17791.395942682386,14591.328590386069
974,Diabetes and kidney diseases,409,2,Both,45,16939.071829992707,18582.26146202741,15421.868551638914
974,Diabetes and kidney diseases,409,2,Both,46,17839.310145754822,19439.483022370252,16285.909355989965
974,Diabetes and kidney diseases,409,2,Both,47,18789.83105708748,20381.50520486199,17172.0590344506
974,Diabetes and kidney diseases,409,2,Both,48,19818.03614004041,21468.258591511083,18075.53493710552
974,Diabetes and kidney diseases,409,2,Both,49,20935.19972992738,22708.3721516302,19006.89288563578
974,Diabetes and kidney diseases,409,2,Both,50,22114.450696314827,24043.338047326728,19977.748618447356
974,Diabetes and kidney diseases,409,2,Both,51,23328.917908769206,25414.64844070804,20999.717873946196
974,Diabetes and kidney diseases,409,2,Both,52,24551.73023685695,26763.79549388155,22084.416390538263
974,Diabetes and kidney diseases,409,2,Both,53,25787.418339137435,28096.23476279454,23263.91170510596
974,Diabetes and kidney diseases,409,2,Both,54,27055.482585635255,29451.545961961125,24539.404873443986
974,Diabetes and kidney diseases,409,2,Both,55,28351.506413114705,30822.4074913389,25876.21191232676
974,Diabetes and kidney diseases,409,2,Both,56,29671.073258340075,32201.49775088548,27239.648838528672
974,Diabetes and kidney diseases,409,2,Both,57,31009.76655807567,33581.49514055845,28595.03166882415
974,Diabetes and kidney diseases,409,2,Both,58,32362.00131343164,34935.911232441395,29931.5357172316
974,Diabetes and kidney diseases,409,2,Both,59,33731.70683528169,36269.689179029854,31272.732571953
974,Diabetes and kidney diseases,409,2,Both,60,35128.73802503548,37622.65475089942,32635.53266103808
974,Diabetes and kidney diseases,409,2,Both,61,36562.949784102624,39034.63371862564,34036.84641253659
974,Diabetes and kidney diseases,409,2,Both,62,38044.197013892765,40545.4518527841,35493.58425449828
974,Diabetes and kidney diseases,409,2,Both,63,39600.135525003905,42231.941193107785,37040.4016281102
974,Diabetes and kidney diseases,409,2,Both,64,41227.33054387599,44078.32958554293,38669.86406110343
974,Diabetes and kidney diseases,409,2,Both,65,42889.00109568154,45985.53650998498,40335.74711134376
974,Diabetes and kidney diseases,409,2,Both,66,44548.36620559307,47854.48144632943,41991.82633669697
974,Diabetes and kidney diseases,409,2,Both,67,46168.6448987831,49586.08387447171,43591.87729502884
974,Diabetes and kidney diseases,409,2,Both,68,47771.09947375844,51184.28474089604,45161.29349183376
974,Diabetes and kidney diseases,409,2,Both,69,49380.56985003245,52721.534006437185,46731.83560867928
974,Diabetes and kidney diseases,409,2,Both,70,50965.641484287546,54201.51467251643,48266.82996754099
974,Diabetes and kidney diseases,409,2,Both,71,52494.89983320611,55627.90974055507,49729.60289039448
974,Diabetes and kidney diseases,409,2,Both,72,53936.93035347053,57004.40221197438,51083.480699215324
974,Diabetes and kidney diseases,409,2,Both,73,55297.1399844438,58332.089218877525,52311.18110289326
974,Diabetes and kidney diseases,409,2,Both,74,56602.860253416155,59612.76016778597,53447.58228488832
974,Diabetes and kidney diseases,409,2,Both,75,57855.56349896095,60851.136471748374,54534.2512790316
974,Diabetes and kidney diseases,409,2,Both,76,59056.7220596515,62051.939543813496,55612.755119154135
974,Diabetes and kidney diseases,409,2,Both,77,60207.80827406115,63219.890797030035,56724.66083908702
974,Diabetes and kidney diseases,409,2,Both,78,61329.52992365103,64381.31604830438,57929.3209429949
974,Diabetes and kidney diseases,409,2,Both,79,62425.621185606,65535.49804373904,59199.09674505331
974,Diabetes and kidney diseases,409,2,Both,80,63472.09399208487,66646.59359017681,60445.06849410961
974,Diabetes and kidney diseases,409,2,Both,81,64444.96027524653,67678.75949446054,61578.31643901116
974,Diabetes and kidney diseases,409,2,Both,82,65320.23196724981,68596.15256343305,62509.92082860535
974,Diabetes and kidney diseases,409,2,Both,83,66120.82993538155,69433.3071222234,63268.11985702914
974,Diabetes and kidney diseases,409,2,Both,84,66876.31944909313,70229.9709183977,63945.683027127336
974,Diabetes and kidney diseases,409,2,Both,85,67572.67904379028,70958.12089245427,64550.487550809026
974,Diabetes and kidney diseases,409,2,Both,86,68195.88725487867,71589.73398489159,65090.41063998332
974,Diabetes and kidney diseases,409,2,Both,87,68731.92261776405,72096.78713620799,65573.32950655928
974,Diabetes and kidney diseases,409,2,Both,88,69180.45649447449,72476.38597613967,66003.25637031146
974,Diabetes and kidney diseases,409,2,Both,89,69568.10404620696,72776.25969986962,66387.55093068196
974,Diabetes and kidney diseases,409,2,Both,90,69921.25950712053,73044.32059606638,66739.11161908125
974,Diabetes and kidney diseases,409,2,Both,91,70266.31711137418,73328.4809533985,67070.8368669198
974,Diabetes and kidney diseases,409,2,Both,92,70629.67109312698,73676.65306053452,67395.62510560804
974,Diabetes and kidney diseases,409,2,Both,93,71011.32599469996,74104.10317575217,67715.57101303725
974,Diabetes and kidney diseases,409,2,Both,94,71393.68890450218,74589.7942434708,68023.57183342752
974,Diabetes and kidney diseases,409,2,Both,95,71776.7578758246,75127.1835815714,68318.72984768257
974,Diabetes and kidney diseases,409,2,Both,96,72160.53096195815,75709.72850793492,68600.1473367062
974,Diabetes and kidney diseases,409,2,Both,97,72545.00621619387,76330.88634044233,68866.92658140215
974,Diabetes and kidney diseases,409,2,Both,98,72545.00621619387,76330.88634044233,68866.92658140215
974,Diabetes and kidney diseases,409,2,Both,99,72545.00621619387,76330.88634044233,68866.92658140215
974,Diabetes and kidney diseases,409,2,Both,100,72545.00621619387,76330.88634044233,68866.92658140215
974,Diabetes and kidney diseases,409,2,Female,0,72.32612343769,126.34917214813,43.74388775928
974,Diabetes and kidney diseases,409,2,Female,1,72.32612343769,126.34917214813,43.74388775928
974,Diabetes and kidney diseases,409,2,Female,2,72.32612343769,126.34917214813,43.74388775928
974,Diabetes and kidney diseases,409,2,Female,3,93.34157713186973,187.7998439742852,58.338480492378
974,Diabetes and kidney diseases,409,2,Female,4,150.47099554439993,283.549900791944,98.34853472410042
974,Diabetes and kidney diseases,409,2,Female,5,234.83896467026727,406.66082425278825,158.11346450308983
974,Diabetes and kidney diseases,409,2,Female,6,337.5700705044584,550.1940960084996,231.97268387798889
974,Diabetes and kidney diseases,409,2,Female,7,449.78889904196,707.2111977107601,314.26560689744
974,Diabetes and kidney diseases,409,2,Female,8,590.8775318659615,886.785029274485,425.2656372339367
974,Diabetes and kidney diseases,409,2,Female,9,782.7952313712685,1105.1054668457505,584.5421733861833
974,Diabetes and kidney diseases,409,2,Female,10,1020.532354770293,1365.9094564229783,785.3786216421396
974,Diabetes and kidney diseases,409,2,Female,11,1299.0792592754465,1672.9339440045908,1021.0583882897652
974,Diabetes and kidney diseases,409,2,Female,12,1613.42630209914,2029.91587558901,1284.86487961702
974,Diabetes and kidney diseases,409,2,Female,13,2048.864726452668,2548.707444338872,1645.7770900934595
974,Diabetes and kidney diseases,409,2,Female,14,2637.1291186020476,3265.4296287256407,2131.8732837267908
974,Diabetes and kidney diseases,409,2,Female,15,3292.8748503417723,4070.2225527109817,2675.0857711121953
974,Diabetes and kidney diseases,409,2,Female,16,3930.757293466338,4853.226340256563,3207.3468628448572
974,Diabetes and kidney diseases,409,2,Female,17,4465.4318197702405,5504.581115324049,3660.58886951996
974,Diabetes and kidney diseases,409,2,Female,18,4907.898858243727,6037.436877016509,4046.3409715543
974,Diabetes and kidney diseases,409,2,Female,19,5322.868941049475,6535.175640679657,4415.040631875171
974,Diabetes and kidney diseases,409,2,Female,20,5705.562594740624,6993.285554639117,4756.982584843506
974,Diabetes and kidney diseases,409,2,Female,21,6051.200345870312,7407.254767220522,5062.461564820235
974,Diabetes and kidney diseases,409,2,Female,22,6355.00272099168,7772.5714267495,5321.77230616629
974,Diabetes and kidney diseases,409,2,Female,23,6601.819524350997,8070.52525066982,5523.549164159417
974,Diabetes and kidney diseases,409,2,Female,24,6802.706586493102,8313.298874470218,5683.393268457929
974,Diabetes and kidney diseases,409,2,Female,25,6992.193473418989,8542.719823543765,5832.049514993608
974,Diabetes and kidney diseases,409,2,Female,26,7204.809751129651,8800.61562328353,6000.262799698238
974,Diabetes and kidney diseases,409,2,Female,27,7475.08498562608,9128.81379908259,6218.7780185036
974,Diabetes and kidney diseases,409,2,Female,28,7856.094612057159,9606.5185625297,6534.289852039672
974,Diabetes and kidney diseases,409,2,Female,29,8346.647836338683,10233.07215254391,6947.475712265683
974,Diabetes and kidney diseases,409,2,Female,30,8899.874880622028,10930.50913551372,7420.054592107292
974,Diabetes and kidney diseases,409,2,Female,31,9468.905967058558,11620.864077827644,7913.74548449016
974,Diabetes and kidney diseases,409,2,Female,32,10006.87131779964,12226.17154587418,8390.26738233995
974,Diabetes and kidney diseases,409,2,Female,33,10519.876614897574,12742.841708594104,8855.431979821853
974,Diabetes and kidney diseases,409,2,Female,34,11039.168538422877,13226.745499337048,9335.181739286794
974,Diabetes and kidney diseases,409,2,Female,35,11555.588807554235,13689.108631104818,9821.43180593902
974,Diabetes and kidney diseases,409,2,Female,36,12059.979141470343,14141.156816899218,10306.097324982777
974,Diabetes and kidney diseases,409,2,Female,37,12543.1812593499,14594.11576972205,10781.09344162231
974,Diabetes and kidney diseases,409,2,Female,38,12987.215722794166,15035.136436063423,11233.080885811076
974,Diabetes and kidney diseases,409,2,Female,39,13399.23163380743,15456.955430649668,11667.543217238468
974,Diabetes and kidney diseases,409,2,Female,40,13807.763522172896,15879.176968836888,12104.62982571265
974,Diabetes and kidney diseases,409,2,Female,41,14241.345917673772,16321.405265981191,12564.49010104178
974,Diabetes and kidney diseases,409,2,Female,42,14728.51335009327,16803.2445374387,13067.27343303402
974,Diabetes and kidney diseases,409,2,Female,43,15277.995189891735,17316.989841904528,13619.94098352257
974,Diabetes and kidney diseases,409,2,Female,44,15879.284703201867,17854.26213921768,14214.72894964657
974,Diabetes and kidney diseases,409,2,Female,45,16532.062263315387,18433.654496450086,14849.699274173096
974,Diabetes and kidney diseases,409,2,Female,46,17236.008243524007,19073.75998067367,15522.913899869229
974,Diabetes and kidney diseases,409,2,Female,47,17990.803017119462,19793.17165896036,16232.43476950205
974,Diabetes and kidney diseases,409,2,Female,48,18820.67024870225,20649.999179914743,16979.385143056334
974,Diabetes and kidney diseases,409,2,Female,49,19738.243465197724,21657.833757945395,17771.61334315744
974,Diabetes and kidney diseases,409,2,Female,50,20725.817833384855,22768.490808830175,18617.26890653335
974,Diabetes and kidney diseases,409,2,Female,51,21765.688520042622,23933.785748346974,19524.50136991204
974,Diabetes and kidney diseases,409,2,Female,52,22840.150691950003,25105.53399227367,20501.46027002147
974,Diabetes and kidney diseases,409,2,Female,53,23970.98739555998,26300.69114486731,21597.82612418586
974,Diabetes and kidney diseases,409,2,Female,54,25176.303856523667,27555.231419027474,22823.07649955331
974,Diabetes and kidney diseases,409,2,Female,55,26432.87851041725,28849.498143495857,24125.056507587637
974,Diabetes and kidney diseases,409,2,Female,56,27717.489792816887,30163.834647014137,25451.611259752648
974,Diabetes and kidney diseases,409,2,Female,57,29006.916139298773,31478.584258324012,26750.58586751216
974,Diabetes and kidney diseases,409,2,Female,58,30293.63568665654,32772.771648714195,28003.171923168687
974,Diabetes and kidney diseases,409,2,Female,59,31594.000286850187,34059.869419141105,29244.244261547607
974,Diabetes and kidney diseases,409,2,Female,60,32920.59894820546,35371.89279284795,30502.17285789699
974,Diabetes and kidney diseases,409,2,Female,61,34286.02067904808,36740.85699307799,31805.327687464935
974,Diabetes and kidney diseases,409,2,Female,62,35702.8544877038,38198.77724307444,33182.07872549953
974,Diabetes and kidney diseases,409,2,Female,63,37189.70684739308,39799.88224458442,34669.001025247344
974,Diabetes and kidney diseases,409,2,Female,64,38741.94160267009,41532.554965172785,36253.6840559685
974,Diabetes and kidney diseases,409,2,Female,65,40337.2838188611,43330.042026809366,37891.0194169315
974,Diabetes and kidney diseases,409,2,Female,66,41953.458561292384,45125.59005146398,39535.89870740475
974,Diabetes and kidney diseases,409,2,Female,67,43568.19089529024,46852.445661106416,41143.21352665675
974,Diabetes and kidney diseases,409,2,Female,68,45208.05910263207,48522.22023795816,42735.17065717471
974,Diabetes and kidney diseases,409,2,Female,69,46888.205047352494,50180.23275050825,44341.929477540245
974,Diabetes and kidney diseases,409,2,Female,70,48569.19916816354,51810.29120012784,45930.31048116333
974,Diabetes and kidney diseases,409,2,Female,71,50211.61190377726,53396.20358818811,47467.134161453934
974,Diabetes and kidney diseases,409,2,Female,72,51776.013692905675,54921.77791606021,48919.22101182206
974,Diabetes and kidney diseases,409,2,Female,73,53273.49013200829,56392.4551373723,50274.94010507282
974,Diabetes and kidney diseases,409,2,Female,74,54734.10458388845,57822.561184361984,51562.1375930967
974,Diabetes and kidney diseases,409,2,Female,75,56146.89413677392,59209.23152631454,52806.84958793176
974,Diabetes and kidney diseases,409,2,Female,76,57500.89587889249,60549.601632515296,54035.11220161612
974,Diabetes and kidney diseases,409,2,Female,77,58785.14689847194,61840.80697224952,55272.96154618781
974,Diabetes and kidney diseases,409,2,Female,78,60022.36782722,63109.56076747832,56573.820626606815
974,Diabetes and kidney diseases,409,2,Female,79,61226.123993219815,64361.489626966155,57920.4490411309
974,Diabetes and kidney diseases,409,2,Female,80,62371.71952926236,65562.09910020338,59232.88779174491
974,Diabetes and kidney diseases,409,2,Female,81,63434.45856813854,66676.89473668039,60431.17788043369
974,Diabetes and kidney diseases,409,2,Female,82,64389.64524263933,67671.38208588753,61435.360309182055
974,Diabetes and kidney diseases,409,2,Female,83,65256.99403507184,68574.4919140472,62271.042889801014
974,Diabetes and kidney diseases,409,2,Female,84,66068.34958187887,69426.01784032589,63022.81169226147
974,Diabetes and kidney diseases,409,2,Female,85,66817.21124705489,70207.75969363008,63699.1751057881
974,Diabetes and kidney diseases,409,2,Female,86,67497.07839459431,70901.51730286631,64308.641519605575
974,Diabetes and kidney diseases,409,2,Female,87,68101.4503884916,71489.09049694108,64859.71932293859
974,Diabetes and kidney diseases,409,2,Female,88,68625.39203517447,71959.159986461,65350.23437251593
974,Diabetes and kidney diseases,409,2,Female,89,69086.99385488454,72346.00265082363,65786.65546984639
974,Diabetes and kidney diseases,409,2,Female,90,69514.29378233712,72699.81257212184,66190.4554213246
974,Diabetes and kidney diseases,409,2,Female,91,69935.32975224755,73070.78383244848,66583.10703334521
974,Diabetes and kidney diseases,409,2,Female,92,70378.13969933115,73509.11051389639,66986.08311230289
974,Diabetes and kidney diseases,409,2,Female,93,70842.79789423953,74027.38532623037,67399.51172481794
974,Diabetes and kidney diseases,409,2,Female,94,71310.66543096118,74601.14034074436,67809.16914278465
974,Diabetes and kidney diseases,409,2,Female,95,71781.71047921687,75224.97868182477,68215.0004805086
974,Diabetes and kidney diseases,409,2,Female,96,72255.90120872737,75893.5034738582,68616.95085229534
974,Diabetes and kidney diseases,409,2,Female,97,72733.20578921342,76601.31784123117,69014.96537245046
974,Diabetes and kidney diseases,409,2,Female,98,72733.20578921342,76601.31784123117,69014.96537245046
974,Diabetes and kidney diseases,409,2,Female,99,72733.20578921342,76601.31784123117,69014.96537245046
974,Diabetes and kidney diseases,409,2,Female,100,72733.20578921342,76601.31784123117,69014.96537245046
974,Diabetes and kidney diseases,409,2,Male,0,78.61085319384999,142.11424140282,47.22568402813
974,Diabetes and kidney diseases,409,2,Male,1,78.61085319384999,142.11424140282,47.22568402813
974,Diabetes and kidney diseases,409,2,Male,2,78.61085319384999,142.11424140282,47.22568402813
974,Diabetes and kidney diseases,409,2,Male,3,122.77134672769208,247.007101626792,69.28420906000098
974,Diabetes and kidney diseases,409,2,Male,4,184.86538828317225,358.69277373899683,110.72686153333213
974,Diabetes and kidney diseases,409,2,Male,5,261.59900123303834,476.7004369534056,167.18937671683975
974,Diabetes and kidney diseases,409,2,Male,6,349.6782089500383,600.5592704839896,234.3074898792403
974,Diabetes and kidney diseases,409,2,Male,7,445.80903480692,729.79845354472,307.71693628925004
974,Diabetes and kidney diseases,409,2,Male,8,553.2044576789843,855.8494181168685,394.85556381826376
974,Diabetes and kidney diseases,409,2,Male,9,679.5504230298193,979.8107460345022,505.9066568392768
974,Diabetes and kidney diseases,409,2,Male,10,828.2624041146042,1115.7123412907858,640.624105373406
974,Diabetes and kidney diseases,409,2,Male,11,1002.755874188518,1277.5841078788835,798.761799441768
974,Diabetes and kidney diseases,409,2,Male,12,1206.44630650674,1479.45594979196,980.07362906548
974,Diabetes and kidney diseases,409,2,Male,13,1500.963842597237,1806.616389405088,1236.1430628524538
974,Diabetes and kidney diseases,409,2,Male,14,1905.389116973828,2281.739482114698,1585.0214040872847
974,Diabetes and kidney diseases,409,2,Male,15,2359.313342370468,2824.93343144599,1976.1642948061144
974,Diabetes and kidney diseases,409,2,Male,16,2802.327731521113,3356.3064409241633,2359.027377045086
974,Diabetes and kidney diseases,409,2,Male,17,3174.0234971597197,3795.966714074419,2683.06629284034
974,Diabetes and kidney diseases,409,2,Male,18,3485.2617562011437,4157.694878561036,2959.663941159521
974,Diabetes and kidney diseases,409,2,Male,19,3781.429645387978,4501.35938488497,3226.429451271309
974,Diabetes and kidney diseases,409,2,Male,20,4053.9074071957825,4816.200170826431,3472.1578106633942
974,Diabetes and kidney diseases,409,2,Male,21,4294.075284100117,5091.45717416563,3685.6440068234706
974,Diabetes and kidney diseases,409,2,Male,22,4493.31351857654,5316.37033268278,3855.6830272392303
974,Diabetes and kidney diseases,409,2,Male,23,4642.622351736791,5481.159714534903,3976.39841765227
974,Diabetes and kidney diseases,409,2,Male,24,4756.54446112479,5604.307300571087,4065.2331536460742
974,Diabetes and kidney diseases,409,2,Male,25,4861.773743864375,5717.445897609636,4145.961367471172
974,Diabetes and kidney diseases,409,2,Male,26,4985.004097079382,5852.208312468855,4242.357191378087
974,Diabetes and kidney diseases,409,2,Male,27,5152.92941789365,6040.22735196705,4378.19475761735
974,Diabetes and kidney diseases,409,2,Male,28,5410.207408211396,6355.223933194374,4603.589640695999
974,Diabetes and kidney diseases,409,2,Male,29,5767.010886273699,6816.310245513542,4933.260231262869
974,Diabetes and kidney diseases,409,2,Male,30,6198.306423709684,7373.206004151708,5337.88488578117
974,Diabetes and kidney diseases,409,2,Male,31,6679.060592148483,7975.630924336024,5788.141960714117
974,Diabetes and kidney diseases,409,2,Male,32,7184.23996321922,8573.30472129364,6254.7098125249195
974,Diabetes and kidney diseases,409,2,Male,33,7749.186725159221,9176.31884745998,6761.986395208867
974,Diabetes and kidney diseases,409,2,Male,34,8404.514899336604,9822.953516201207,7340.772795508941
974,Diabetes and kidney diseases,409,2,Male,35,9118.098807076682,10505.211584140616,7971.352069009899
974,Diabetes and kidney diseases,409,2,Male,36,9857.812769704768,11215.095907901476,8634.007271296494
974,Diabetes and kidney diseases,409,2,Male,37,10591.53110854618,11944.60934410708,9309.02145795348
974,Diabetes and kidney diseases,409,2,Male,38,11308.57365218669,12694.94073843621,9995.752826596832
974,Diabetes and kidney diseases,409,2,Male,39,12031.282316977922,13473.967155498596,10710.318180158656
974,Diabetes and kidney diseases,409,2,Male,40,12777.064555893978,14283.723780313949,11458.138482197905
974,Diabetes and kidney diseases,409,2,Male,41,13563.327821908952,15126.245797901956,12244.634696273535
974,Diabetes and kidney diseases,409,2,Male,42,14407.47956799694,16003.56839328233,13075.22778594451
974,Diabetes and kidney diseases,409,2,Male,43,15321.956752575898,16904.084788611035,13965.391344080965
974,Diabetes and kidney diseases,409,2,Male,44,16303.425552081924,17830.27818998232,14917.79505941602
974,Diabetes and kidney diseases,409,2,Male,45,17345.63724651633,18805.318758323323,15918.654039303108
974,Diabetes and kidney diseases,409,2,Male,46,18442.343115880412,19852.37665456118,16954.18339109566
974,Diabetes and kidney diseases,409,2,Male,47,19587.29444017549,20994.622039623027,18010.598222147102
974,Diabetes and kidney diseases,409,2,Male,48,20813.40588747324,22302.32732976775,19089.014737318
974,Diabetes and kidney diseases,409,2,Male,49,22132.432052721982,23779.944700887867,20201.10269962458
974,Diabetes and kidney diseases,409,2,Male,50,23506.384106238,25351.913953360967,21348.90755365376
974,Diabetes and kidney diseases,409,2,Male,51,24897.27321833757,26942.674887564634,22534.474743992472
974,Diabetes and kidney diseases,409,2,Male,52,26267.11055933696,28476.667303876453,23759.84971522762
974,Diabetes and kidney diseases,409,2,Male,53,27607.603262418063,29949.91568535431,25039.239089684364
974,Diabetes and kidney diseases,409,2,Male,54,28944.11167484974,31412.861100854847,26374.785683418268
974,Diabetes and kidney diseases,409,2,Male,55,30289.12678807877,32871.56822945377,27750.439231611897
974,Diabetes and kidney diseases,409,2,Male,56,31655.13959355191,34332.10175022678,29150.149469447835
974,Diabetes and kidney diseases,409,2,Male,57,33054.64108271593,35800.52634224959,30557.86613210864
974,Diabetes and kidney diseases,409,2,Male,58,34483.942015419554,37251.85335840287,31968.74795341683
974,Diabetes and kidney diseases,409,2,Male,59,35935.9376279728,38682.06511776953,33394.161485471726
974,Diabetes and kidney diseases,409,2,Male,60,37417.99562651426,40128.68274872869,34842.36819087109
974,Diabetes and kidney diseases,409,2,Male,61,38937.48371718259,41629.22737965943,36321.62953221268
974,Diabetes and kidney diseases,409,2,Male,62,40501.76960611641,43221.22013894085,37840.206972094245
974,Diabetes and kidney diseases,409,2,Male,63,42150.958054621726,44987.27099710646,39426.60629512507
974,Diabetes and kidney diseases,409,2,Male,64,43882.99917171713,46910.737079465,41077.40268735401
974,Diabetes and kidney diseases,409,2,Male,65,45642.02868511015,48880.260246558406,42752.96171353825
974,Diabetes and kidney diseases,409,2,Male,66,47372.182322508306,50784.48235892866,44413.64893843492
974,Diabetes and kidney diseases,409,2,Male,67,49017.59581161913,52512.045277117715,46019.82992680118
974,Diabetes and kidney diseases,409,2,Male,68,50599.89627329511,54073.54638509977,47611.72387607174
974,Diabetes and kidney diseases,409,2,Male,69,52159.42220176228,55555.628502512955,49216.90938377814
974,Diabetes and kidney diseases,409,2,Male,70,53668.37638478852,56961.001643395066,50776.79111482277
974,Diabetes and kidney diseases,409,2,Male,71,55098.96161014173,58292.37582178395,52232.77373410807
974,Diabetes and kidney diseases,409,2,Male,72,56423.38066558975,59552.46105171742,53526.261906536434
974,Diabetes and kidney diseases,409,2,Male,73,57641.86284868874,60739.96634128216,54637.32750282859
974,Diabetes and kidney diseases,409,2,Male,74,58784.23189745745,61861.48156917802,55626.07873807913
974,Diabetes and kidney diseases,409,2,Male,75,59867.08226035771,62931.53805536261,56553.97479375119
974,Diabetes and kidney diseases,409,2,Male,76,60907.008385851346,63964.66711979352,57482.47485130793
974,Diabetes and kidney diseases,409,2,Male,77,61920.60472240017,64975.40008242837,58473.038092212526
974,Diabetes and kidney diseases,409,2,Male,78,62926.752195822475,65980.6360607995,59597.237328106145
974,Diabetes and kidney diseases,409,2,Male,79,63917.31806682304,66972.89682148189,60815.28702017549
974,Diabetes and kidney diseases,409,2,Male,80,64868.37628619346,67930.1476579969,62021.60882420201
974,Diabetes and kidney diseases,409,2,Male,81,65756.00080472532,68830.35386386604,63110.624395967134
974,Diabetes and kidney diseases,409,2,Male,82,66556.26557321017,69651.48073261074,63976.755391252314
974,Diabetes and kidney diseases,409,2,Male,83,67299.1632759333,70438.5182316742,64659.65097334699
974,Diabetes and kidney diseases,409,2,Male,84,68012.17455037218,71215.6116705306,65268.927626951874
974,Diabetes and kidney diseases,409,2,Male,85,68667.60527710675,71929.45935574805,65803.95798996536
974,Diabetes and kidney diseases,409,2,Male,86,69237.761336717,72526.75959389456,66264.11470028585
974,Diabetes and kidney diseases,409,2,Male,87,69694.94860978282,72954.21069153813,66648.77039581169
974,Diabetes and kidney diseases,409,2,Male,88,70057.52006442794,73231.79134856103,66980.98680684515
974,Diabetes and kidney diseases,409,2,Male,89,70369.78154297029,73440.30311778616,67280.69936528678
974,Diabetes and kidney diseases,409,2,Male,90,70642.96823728117,73617.67858519258,67542.59126143242
974,Diabetes and kidney diseases,409,2,Male,91,70888.31533923194,73801.85033675932,67761.34568557795
974,Diabetes and kidney diseases,409,2,Male,92,71117.0580406939,74030.7509584654,67931.6458280192
974,Diabetes and kidney diseases,409,2,Male,93,71335.09178243703,74312.31511413722,68072.62984222316
974,Diabetes and kidney diseases,409,2,Male,94,71539.13746566852,74626.92203014094,68201.5123776119
974,Diabetes and kidney diseases,409,2,Male,95,71726.66847291552,74971.17113626521,68310.09136841384
974,Diabetes and kidney diseases,409,2,Male,96,71895.1581867052,75341.66186229877,68390.1647488574
974,Diabetes and kidney diseases,409,2,Male,97,72042.07998956472,75734.99363803028,68433.53045317103
974,Diabetes and kidney diseases,409,2,Male,98,72042.07998956472,75734.9936380303,68433.53045317101
974,Diabetes and kidney diseases,409,2,Male,99,72042.07998956472,75734.9936380303,68433.53045317101
974,Diabetes and kidney diseases,409,2,Male,100,72042.07998956472,75734.9936380303,68433.53045317101
